verdict	reason	authoritative	engineSource	resolvedName	resolvedTarget	path
kept	-	auth-kept	program-files	getopt	D:\Program Files\Git\usr\bin\getopt.exe	D:\Program Files\Git\usr\bin\getopt.exe
kept	-	auth-kept	program-files	fastapi	C:\Users\17822\AppData\Local\Programs\Python\Python310\Scripts\fastapi.exe	C:\Users\17822\AppData\Local\Programs\Python\Python310\Scripts\fastapi.exe
filtered	2-excluded-name	auth-filtered	program-files	htcvive_install	C:\Program Files\NVIDIA Corporation\FrameViewSDK\etw_fcat\htcvive_install.bat	C:\Program Files\NVIDIA Corporation\FrameViewSDK\etw_fcat\htcvive_install.bat
kept	-	auth-kept	program-files	米哈游启动器	D:\Program Files\miHoYo Launcher\1.18.0.380\hpatchz.exe	D:\Program Files\miHoYo Launcher\1.18.0.380\hpatchz.exe
kept	-	auth-kept	program-files	docker-debug	C:\Program Files\Docker\cli-plugins\docker-debug.exe	C:\Program Files\Docker\cli-plugins\docker-debug.exe
kept	-	auth-kept	program-files	unicharset_extractor	C:\Program Files\Tesseract-OCR\unicharset_extractor.exe	C:\Program Files\Tesseract-OCR\unicharset_extractor.exe
filtered	2-excluded-name	auth-filtered	program-files	VMware Tools Upgrader	C:\Program Files (x86)\VMware\VMware Workstation\tools-upgraders\VMwareToolsUpgraderNT.exe	C:\Program Files (x86)\VMware\VMware Workstation\tools-upgraders\VMwareToolsUpgraderNT.exe
filtered	5-system-tool	auth-filtered	start-menu	捕获要保存或共享的步骤，带屏幕截图。	C:\WINDOWS\system32\psr.exe	C:\ProgramData\Microsoft\Windows\Start Menu\Programs\Accessories\Steps Recorder.lnk
kept	-	auth-kept	program-files	Java(TM) Platform SE binary	C:\Program Files\Java\jdk-24\bin\jps.exe	C:\Program Files\Java\jdk-24\bin\jps.exe
filtered	2-excluded-name	auth-filtered	program-files	pywin32_postinstall	C:\Users\17822\AppData\Local\Programs\Python\Python310\Scripts\pywin32_postinstall.exe	C:\Users\17822\AppData\Local\Programs\Python\Python310\Scripts\pywin32_postinstall.exe
kept	-	auth-kept	program-files	CheckTool	C:\Program Files (x86)\ASUS\ROGLSLoader\CheckTool.exe	C:\Program Files (x86)\ASUS\ROGLSLoader\CheckTool.exe
kept	-	auth-kept	program-files	minidumper	D:\Program Files\Git\usr\bin\minidumper.exe	D:\Program Files\Git\usr\bin\minidumper.exe
kept	-	auth-kept	program-files	Java(TM) Platform SE binary	C:\Program Files\Java\jdk-24\bin\ktab.exe	C:\Program Files\Java\jdk-24\bin\ktab.exe
kept	-	auth-kept	program-files	Diagnostics utility for Internet Explorer	C:\Program Files\Internet Explorer\iediagcmd.exe	C:\Program Files\Internet Explorer\iediagcmd.exe
kept	-	auth-kept	program-files	VBoxVMMPreload	C:\Program Files\ldplayer9box\VBoxVMMPreload.exe	C:\Program Files\ldplayer9box\VBoxVMMPreload.exe
kept	-	auth-kept	program-files	VMware mksSandbox	C:\Program Files (x86)\VMware\VMware Workstation\x64\mksSandbox-debug.exe	C:\Program Files (x86)\VMware\VMware Workstation\x64\mksSandbox-debug.exe
filtered	2-excluded-name	auth-filtered	program-files	InstallerCli	C:\Program Files\Docker\Docker\InstallerCli.exe	C:\Program Files\Docker\Docker\InstallerCli.exe
kept	-	auth-kept	program-files	maintenanceservice	C:\Program Files\Mozilla Firefox\maintenanceservice.exe	C:\Program Files\Mozilla Firefox\maintenanceservice.exe
kept	-	auth-kept	program-files	LICENCE	C:\Program Files (x86)\Labcenter Electronics\Proteus 8 Professional\BIN\LICENCE.EXE	C:\Program Files (x86)\Labcenter Electronics\Proteus 8 Professional\BIN\LICENCE.EXE
kept	-	auth-kept	program-files	360任务管理器	C:\Program Files (x86)\360\360safe\Netmon\360taskmgr.exe	C:\Program Files (x86)\360\360safe\Netmon\360taskmgr.exe
kept	-	auth-kept	program-files	Microsoft Publisher	C:\Program Files\Microsoft Office\root\Office16\MSPUB.EXE	C:\Program Files\Microsoft Office\root\Office16\MSPUB.EXE
kept	-	auth-kept	program-files	set_unicharset_properties	C:\Program Files\Tesseract-OCR\set_unicharset_properties.exe	C:\Program Files\Tesseract-OCR\set_unicharset_properties.exe
kept	-	auth-kept	program-files	VMware mksSandbox	C:\Program Files (x86)\VMware\VMware Workstation\x64\mksSandbox.exe	C:\Program Files (x86)\VMware\VMware Workstation\x64\mksSandbox.exe
kept	-	auth-kept	program-files	360安全卫士 网络配置模块	C:\Program Files (x86)\360\360safe\deepscan\360netcfg.exe	C:\Program Files (x86)\360\360safe\deepscan\360netcfg.exe
filtered	4-not-executable-target	auth-filtered	start-menu	Tomcat Manager	C:\ProgramData\Microsoft\Windows\Start Menu\Programs\Apache Tomcat 11.0 Tomcat11\Tomcat Manager.lnk	C:\ProgramData\Microsoft\Windows\Start Menu\Programs\Apache Tomcat 11.0 Tomcat11\Tomcat Manager.lnk
kept	-	auth-kept	program-files	tty	D:\Program Files\Git\usr\bin\tty.exe	D:\Program Files\Git\usr\bin\tty.exe
filtered	4-not-executable-target	auth-filtered	start-menu	细胞词库	D:\Program Files (x86)\SogouInput\16.8.0.5194\Sogou Cell Dict.url	C:\ProgramData\Microsoft\Windows\Start Menu\Programs\搜狗输入法\链接\细胞词库.lnk
filtered	4-not-executable-target	auth-filtered	start-menu	WiX Home Page	C:\ProgramData\Microsoft\Windows\Start Menu\Programs\WiX Toolset v3.11\WiX Home Page.lnk	C:\ProgramData\Microsoft\Windows\Start Menu\Programs\WiX Toolset v3.11\WiX Home Page.lnk
kept	-	auth-kept	program-files	VBoxCpuReport	C:\Program Files\ldplayer9box\VBoxCpuReport.exe	C:\Program Files\ldplayer9box\VBoxCpuReport.exe
kept	-	auth-kept	program-files	Microsoft Office component	C:\Program Files\Microsoft Office\root\Office16\ACCICONS.EXE	C:\Program Files\Microsoft Office\root\Office16\ACCICONS.EXE
kept	-	auth-kept	program-files	tiff2fsspec	C:\Users\17822\AppData\Local\Programs\Python\Python310\Scripts\tiff2fsspec.exe	C:\Users\17822\AppData\Local\Programs\Python\Python310\Scripts\tiff2fsspec.exe
kept	-	auth-kept	program-files	AacAmbientLighting	C:\Program Files\ASUS\AacAmbientHal\AacAmbientLighting.exe	C:\Program Files\ASUS\AacAmbientHal\AacAmbientLighting.exe
kept	-	auth-kept	program-files	鹰角启动器	C:\Program Files\Hypergryph Launcher\1.4.0\Launcher.exe	C:\Program Files\Hypergryph Launcher\1.4.0\Launcher.exe
filtered	5-system-tool	auth-filtered	program-files	Windows Defender Advanced Threat Protection Sense Group Policy module	C:\Program Files\Windows Defender Advanced Threat Protection\SenseGPParser.exe	C:\Program Files\Windows Defender Advanced Threat Protection\SenseGPParser.exe
filtered	2-excluded-name	auth-filtered	start-menu	Install drivers for Arduino	C:\Program Files (x86)\Labcenter Electronics\Proteus 8 Professional\Tools\ARDUINO\drivers\dpinst-x86.exe	C:\ProgramData\Microsoft\Windows\Start Menu\Programs\Proteus 8 Professional\Hardware Drivers\Install drivers for Arduino.lnk
kept	-	auth-kept	start-menu	腾讯会议	D:\Program Files (x86)\Tencent\WeMeet\wemeetapp.exe	C:\ProgramData\Microsoft\Windows\Start Menu\Programs\腾讯会议\腾讯会议.lnk
filtered	4-not-executable-target	auth-filtered	start-menu	Tools for UWP apps	C:\Program Files (x86)\Windows Kits\10\Shortcuts\UWPAppsToolsDocumentation.url	C:\ProgramData\Microsoft\Windows\Start Menu\Programs\Windows Kits\Windows Software Development Kit\Tools for UWP Apps.lnk
kept	-	auth-kept	program-files	NVIDIA Omniverse Launcher	C:\Program Files\NVIDIA Corporation\NVIDIA Omniverse Launcher\NVIDIA Omniverse Launcher.exe	C:\Program Files\NVIDIA Corporation\NVIDIA Omniverse Launcher\NVIDIA Omniverse Launcher.exe
kept	-	auth-kept	program-files	Copilot	C:\Program Files (x86)\Microsoft\EdgeCore\153.0.4234.32\mscopilot.exe	C:\Program Files (x86)\Microsoft\EdgeCore\153.0.4234.32\mscopilot.exe
kept	-	auth-kept	program-files	Word Converter	C:\Program Files\Microsoft Office\root\Office16\Wordconv.exe	C:\Program Files\Microsoft Office\root\Office16\Wordconv.exe
kept	-	auth-kept	program-files	Microsoft Visual C++ 2015-2022 Redistributable (x64) - 14.38.33130	D:\Program Files\Genshin Impact bilibili\vc_redist.x64.exe	D:\Program Files\Genshin Impact bilibili\vc_redist.x64.exe
kept	-	auth-kept	program-files	Create a self-signed digital certificate	C:\Program Files\Microsoft Office\root\Office16\SELFCERT.EXE	C:\Program Files\Microsoft Office\root\Office16\SELFCERT.EXE
kept	-	auth-kept	program-files	CheckTool	C:\Program Files (x86)\ASUS\AsusROGLSLService\CheckTool.exe	C:\Program Files (x86)\ASUS\AsusROGLSLService\CheckTool.exe
filtered	2-excluded-name	auth-filtered	start-menu	选择特殊字符并且复制到文档中。	C:\WINDOWS\system32\charmap.exe	C:\ProgramData\Microsoft\Windows\Start Menu\Programs\Accessories\System Tools\Character Map.lnk
kept	-	auth-kept	program-files	blocked-file-util	D:\Program Files\Git\mingw64\bin\blocked-file-util.exe	D:\Program Files\Git\mingw64\bin\blocked-file-util.exe
kept	-	auth-kept	start-menu	Monitor Tomcat	C:\Program Files\Apache Software Foundation\Tomcat 11.0\bin\Tomcat11w.exe	C:\ProgramData\Microsoft\Windows\Start Menu\Programs\Apache Tomcat 11.0 Tomcat11\Monitor Tomcat.lnk
kept	-	auth-kept	program-files	ASUS X User Function Manager	C:\Program Files\ASUS\AsusScreenXpert\Arm\AsusXUserFunctionManager.exe	C:\Program Files\ASUS\AsusScreenXpert\Arm\AsusXUserFunctionManager.exe
kept	-	auth-kept	program-files	arch	D:\Program Files\Git\usr\bin\arch.exe	D:\Program Files\Git\usr\bin\arch.exe
kept	-	auth-kept	program-files	VMware Player	C:\Program Files (x86)\VMware\VMware Workstation\vmplayer.exe	C:\Program Files (x86)\VMware\VMware Workstation\vmplayer.exe
kept	-	auth-kept	program-files	df	D:\Program Files\Git\usr\bin\df.exe	D:\Program Files\Git\usr\bin\df.exe
kept	-	auth-kept	start-menu	Pageant	D:\Program Files\PuTTY\pageant.exe	C:\ProgramData\Microsoft\Windows\Start Menu\Programs\PuTTY (64-bit)\Pageant.lnk
kept	-	auth-kept	program-files	GetFPS	C:\Program Files\ASUS\ARMOURY CRATE Service\ThrottleMonitorPlugin\GetFPS.exe	C:\Program Files\ASUS\ARMOURY CRATE Service\ThrottleMonitorPlugin\GetFPS.exe
kept	-	auth-kept	program-files	Obsidian	C:\Program Files\Obsidian\Obsidian.exe	C:\Program Files\Obsidian\Obsidian.exe
kept	-	auth-kept	program-files	Java(TM) Platform SE binary	C:\Program Files\Java\jdk-24\bin\jshell.exe	C:\Program Files\Java\jdk-24\bin\jshell.exe
kept	-	auth-kept	program-files	Microsoft Edge	C:\Program Files (x86)\Microsoft\Edge\Application\msedge.exe	C:\Program Files (x86)\Microsoft\Edge\Application\msedge.exe
kept	-	auth-kept	program-files	米哈游启动器	D:\Program Files\miHoYo Launcher\1.18.0.380\launcher.exe	D:\Program Files\miHoYo Launcher\1.18.0.380\launcher.exe
kept	-	auth-kept	program-files	Java(TM) Platform SE binary	C:\Program Files\Java\jdk-17\bin\jstat.exe	C:\Program Files\Java\jdk-17\bin\jstat.exe
kept	-	auth-kept	program-files	GnuPG’s config tool	C:\Program Files\GnuPG\bin\gpgconf.exe	C:\Program Files\GnuPG\bin\gpgconf.exe
kept	-	auth-kept	program-files	csplit	D:\Program Files\Git\usr\bin\csplit.exe	D:\Program Files\Git\usr\bin\csplit.exe
kept	-	auth-kept	program-files	Trae CN	C:\Users\17822\AppData\Local\Programs\Trae CN\Trae CN.exe	C:\Users\17822\AppData\Local\Programs\Trae CN\Trae CN.exe
kept	-	auth-kept	program-files	Qt Qtwebengineprocess	D:\Program Files\Genshin Impact\QtWebEngineProcess.exe	D:\Program Files\Genshin Impact\QtWebEngineProcess.exe
kept	-	auth-kept	program-files	expr	D:\Program Files\Git\usr\bin\expr.exe	D:\Program Files\Git\usr\bin\expr.exe
filtered	2-excluded-name	auth-filtered	program-files	360安全卫士 漏洞补丁安装模块	C:\Program Files (x86)\360\360safe\modules\360PatchMgr.exe	C:\Program Files (x86)\360\360safe\modules\360PatchMgr.exe
kept	-	auth-kept	program-files	Capinfos	D:\Program Files\Wireshark\capinfos.exe	D:\Program Files\Wireshark\capinfos.exe
kept	-	auth-kept	program-files	com.docker.build	C:\Program Files\Docker\Docker\resources\com.docker.build.exe	C:\Program Files\Docker\Docker\resources\com.docker.build.exe
kept	-	auth-kept	program-files	SSMS 20	C:\Program Files (x86)\Microsoft SQL Server Management Studio 20\Common7\IDE\Ssms.exe	C:\Program Files (x86)\Microsoft SQL Server Management Studio 20\Common7\IDE\Ssms.exe
filtered	5-system-tool	auth-filtered	program-files	Windows Defender Advanced Threat Protection Sense CE module	C:\Program Files\Windows Defender Advanced Threat Protection\Classification\SenseCE.exe	C:\Program Files\Windows Defender Advanced Threat Protection\Classification\SenseCE.exe
kept	-	auth-kept	program-files	7-Zip GUI	C:\Program Files\7-Zip-Zstandard\7zG.exe	C:\Program Files\7-Zip-Zstandard\7zG.exe
filtered	2-excluded-name	auth-filtered	start-menu	Download Latest Version	C:\Windows\Installer\{F522C947-52FA-4C01-B933-16292944E000}\_13AF6E226854B88ABE41D3.exe	C:\ProgramData\Microsoft\Windows\Start Menu\Programs\Lakhya's Innovation Inc\GUI Turbo Assembler\Download Latest Version.lnk
filtered	4-not-executable-target	auth-filtered	start-menu	Sample UWP apps	C:\Program Files (x86)\Windows Kits\10\Shortcuts\UWPAppsSamples.url	C:\ProgramData\Microsoft\Windows\Start Menu\Programs\Windows Kits\Windows Software Development Kit\Sample UWP Apps.lnk
kept	-	auth-kept	program-files	小米笔记本核心组件	C:\Program Files (x86)\Timi Personal Computing\MiService\3.0.0.304\Launcher.exe	C:\Program Files (x86)\Timi Personal Computing\MiService\3.0.0.304\Launcher.exe
kept	-	auth-kept	program-files	pingo	C:\Program Files (x86)\iSlide Tools\Files\pingo.exe	C:\Program Files (x86)\iSlide Tools\Files\pingo.exe
kept	-	auth-kept	program-files	Microsoft Office	C:\Program Files\Microsoft Office\root\Office16\protocolhandler.exe	C:\Program Files\Microsoft Office\root\Office16\protocolhandler.exe
kept	-	auth-kept	program-files	GnuPG’s OpenPGP verify tool	C:\Program Files\GnuPG\bin\gpgv.exe	C:\Program Files\GnuPG\bin\gpgv.exe
kept	-	auth-kept	program-files	ARMOURY CRATE Service	C:\Program Files (x86)\ASUS\ASUS\ARMOURY CRATE Service\ArmouryCrate.Service.exe	C:\Program Files (x86)\ASUS\ASUS\ARMOURY CRATE Service\ArmouryCrate.Service.exe
kept	-	auth-kept	start-menu	Microsoft Blend for Visual Studio 2022	D:\Program Files\Microsoft Visual Studio\2022\Community\Common7\IDE\Blend.exe	C:\ProgramData\Microsoft\Windows\Start Menu\Programs\Blend for Visual Studio 2022.lnk
kept	-	auth-kept	program-files	docker-init	C:\Program Files\Docker\cli-plugins\docker-init.exe	C:\Program Files\Docker\cli-plugins\docker-init.exe
kept	-	auth-kept	program-files	原神	D:\Program Files\Genshin Impact bilibili\1.18.0.380\HYUpdater.exe	D:\Program Files\Genshin Impact bilibili\1.18.0.380\HYUpdater.exe
filtered	2-excluded-name	auth-filtered	program-files	InstallScript Setup Launcher Unicode	C:\Program Files (x86)\InstallShield Installation Information\{6EE02C78-E908-493B-B1A6-D64AFC53002F}\setup.exe	C:\Program Files (x86)\InstallShield Installation Information\{6EE02C78-E908-493B-B1A6-D64AFC53002F}\setup.exe
kept	-	auth-kept	program-files	diff	D:\Program Files\Git\usr\bin\diff.exe	D:\Program Files\Git\usr\bin\diff.exe
kept	-	auth-kept	start-menu	输入法修复器	D:\Program Files (x86)\SogouInput\SogouExe\SogouExe.exe	C:\ProgramData\Microsoft\Windows\Start Menu\Programs\搜狗输入法\输入法修复器.lnk
kept	-	auth-kept	program-files	EpicOnlineServices - Development	C:\Program Files (x86)\Epic Games\Epic Online Services\EpicOnlineServices - Development.cmd	C:\Program Files (x86)\Epic Games\Epic Online Services\EpicOnlineServices - Development.cmd
kept	-	auth-kept	program-files	GetDeviceVersion	C:\Program Files (x86)\ASUS\ASUS\ROG Live Service\GetDeviceVersion.exe	C:\Program Files (x86)\ASUS\ASUS\ROG Live Service\GetDeviceVersion.exe
kept	-	auth-kept	program-files	crashreport	D:\Program Files\Genshin Impact\crashreport.exe	D:\Program Files\Genshin Impact\crashreport.exe
kept	-	auth-kept	program-files	FeedbackCollector.exe	C:\Program Files (x86)\Microsoft SQL Server Management Studio 20\Common7\IDE\FeedbackCollector.exe	C:\Program Files (x86)\Microsoft SQL Server Management Studio 20\Common7\IDE\FeedbackCollector.exe
kept	-	auth-kept	program-files	hpatchz	D:\Program Files\Genshin Impact\hpatchz.exe	D:\Program Files\Genshin Impact\hpatchz.exe
kept	-	auth-kept	program-files	Java(TM) Platform SE binary	C:\Program Files\Java\jdk-24\bin\java.exe	C:\Program Files\Java\jdk-24\bin\java.exe
filtered	2-excluded-name	auth-filtered	program-files	Docker Desktop Privileged Helper	C:\Program Files\Docker\Docker\resources\com.docker.admin.exe	C:\Program Files\Docker\Docker\resources\com.docker.admin.exe
filtered	2-excluded-name	auth-filtered	program-files	VMware network install library executable	C:\Program Files (x86)\VMware\VMware Workstation\vnetlib.exe	C:\Program Files (x86)\VMware\VMware Workstation\vnetlib.exe
kept	-	auth-kept	program-files	vnetstats application	C:\Program Files (x86)\VMware\VMware Workstation\vnetstats.exe	C:\Program Files (x86)\VMware\VMware Workstation\vnetstats.exe
kept	-	auth-kept	program-files	trae-cn	C:\Users\17822\AppData\Local\Programs\Trae CN\bin\trae-cn.cmd	C:\Users\17822\AppData\Local\Programs\Trae CN\bin\trae-cn.cmd
kept	-	auth-kept	program-files	sexp-conv	D:\Program Files\Git\usr\bin\sexp-conv.exe	D:\Program Files\Git\usr\bin\sexp-conv.exe
filtered	5-system-tool	auth-filtered	program-files	Microsoft Malware Protection DLP User Agent	C:\Program Files\Windows Defender\DlpUserAgent.exe	C:\Program Files\Windows Defender\DlpUserAgent.exe
filtered	5-system-tool	auth-filtered	start-menu	连接到远程 iSCSI 目标并配置连接设置。	C:\WINDOWS\system32\iscsicpl.exe	C:\ProgramData\Microsoft\Windows\Start Menu\Programs\Administrative Tools\iSCSI Initiator.lnk
kept	-	auth-kept	program-files	VMware USB Arbitration Service	C:\Program Files (x86)\Common Files\VMware\USB\vmware-usbarbitrator.exe	C:\Program Files (x86)\Common Files\VMware\USB\vmware-usbarbitrator.exe
kept	-	auth-kept	program-files	Epic Online Services Main Service	C:\Program Files (x86)\Epic Games\Epic Online Services\EpicOnlineServicesUserHelper.exe	C:\Program Files (x86)\Epic Games\Epic Online Services\EpicOnlineServicesUserHelper.exe
filtered	2-excluded-name	auth-filtered	start-menu	Git Release Notes	D:\Program Files\Git\ReleaseNotes.html	C:\ProgramData\Microsoft\Windows\Start Menu\Programs\Git\Git Release Notes.lnk
kept	-	auth-kept	program-files	setclasspath	C:\Program Files\Apache Software Foundation\Tomcat 11.0\bin\setclasspath.bat	C:\Program Files\Apache Software Foundation\Tomcat 11.0\bin\setclasspath.bat
kept	-	auth-kept	program-files	Elevate	C:\Program Files\NVIDIA Corporation\NVIDIA Omniverse Launcher\resources\elevate.exe	C:\Program Files\NVIDIA Corporation\NVIDIA Omniverse Launcher\resources\elevate.exe
kept	-	auth-kept	program-files	VirtualBox Command Line Tool	C:\Program Files\AndrowsBox\ABoxManage.exe	C:\Program Files\AndrowsBox\ABoxManage.exe
kept	-	auth-kept	program-files	MsgGen - Software Delivery	C:\Program Files (x86)\WiX Toolset v3.11\SDK\MsgGen.exe	C:\Program Files (x86)\WiX Toolset v3.11\SDK\MsgGen.exe
kept	-	auth-kept	program-files	Canon IJ Printer Assistant Tool	C:\Program Files\Canon\Canon IJ Printer Assistant Tool\cnmpaui.exe	C:\Program Files\Canon\Canon IJ Printer Assistant Tool\cnmpaui.exe
kept	-	auth-kept	program-files	360安全卫士 安全防护中心模块	C:\Program Files (x86)\360\360safe\ipc\DataProt.exe	C:\Program Files (x86)\360\360safe\ipc\DataProt.exe
kept	-	auth-kept	program-files	psl	D:\Program Files\Git\usr\bin\psl.exe	D:\Program Files\Git\usr\bin\psl.exe
kept	-	auth-kept	program-files	Docker desktop	C:\Program Files\Docker\Docker\resources\Docker desktop.exe	C:\Program Files\Docker\Docker\resources\Docker desktop.exe
kept	-	auth-kept	program-files	Command line tool for creating Appx packages	C:\Program Files (x86)\Windows Kits\10\App Certification Kit\makeappx.exe	C:\Program Files (x86)\Windows Kits\10\App Certification Kit\makeappx.exe
filtered	2-excluded-name	auth-filtered	program-files	DesktopAppsToolsDocumentation	http://go.microsoft.com/fwlink/p/?LinkID=529574	C:\Program Files (x86)\Windows Kits\10\Shortcuts\DesktopAppsToolsDocumentation.url
kept	-	auth-kept	program-files	f2py	C:\Users\17822\AppData\Local\Programs\Python\Python310\Scripts\f2py.exe	C:\Users\17822\AppData\Local\Programs\Python\Python310\Scripts\f2py.exe
filtered	4-not-executable-target	auth-filtered	start-menu	Windows Subsystem for Linux	C:\WINDOWS\Installer\{DC52CEBE-E53A-463D-98EE-81AF640914BD}\wsl.ico	C:\ProgramData\Microsoft\Windows\Start Menu\Programs\WSL.lnk
kept	-	auth-kept	program-files	Java(TM) Platform SE binary	C:\Program Files\Java\jdk-17\bin\java.exe	C:\Program Files\Java\jdk-17\bin\java.exe
kept	-	auth-kept	program-files	Java(TM) Platform SE binary	C:\Program Files\Java\jdk-24\bin\klist.exe	C:\Program Files\Java\jdk-24\bin\klist.exe
kept	-	auth-kept	program-files	UnityCrashHandler64	D:\Program Files\Star Rail\Game\UnityCrashHandler64.exe	D:\Program Files\Star Rail\Game\UnityCrashHandler64.exe
kept	-	auth-kept	program-files	join	D:\Program Files\Git\usr\bin\join.exe	D:\Program Files\Git\usr\bin\join.exe
kept	-	auth-kept	program-files	which	D:\Program Files\Git\usr\bin\which.exe	D:\Program Files\Git\usr\bin\which.exe
filtered	2-excluded-name	auth-filtered	program-files	NetAdpUninstall	C:\Program Files\ldplayer9box\NetAdpUninstall.exe	C:\Program Files\ldplayer9box\NetAdpUninstall.exe
kept	-	auth-kept	program-files	原神	D:\Program Files\Genshin Impact\launcher.exe	D:\Program Files\Genshin Impact\launcher.exe
kept	-	auth-kept	start-menu	企业微信	D:\Program Files (x86)\WXWork\WXWork.exe	C:\ProgramData\Microsoft\Windows\Start Menu\Programs\企业微信\企业微信.lnk
kept	-	auth-kept	program-files	tpm2emu	C:\Program Files (x86)\VMware\VMware Workstation\x64\tpm2emu.exe	C:\Program Files (x86)\VMware\VMware Workstation\x64\tpm2emu.exe
kept	-	auth-kept	program-files	Obsidian CLI	C:\Program Files\Obsidian\Obsidian.com	C:\Program Files\Obsidian\Obsidian.com
kept	-	auth-kept	program-files	nvcontainer	C:\Program Files\NVIDIA Corporation\NvContainer\nvcontainer.exe	C:\Program Files\NVIDIA Corporation\NvContainer\nvcontainer.exe
filtered	2-excluded-name	auth-filtered	program-files	PwaHelper executable for Identity Proxy	C:\Program Files (x86)\Microsoft\EdgeCore\152.0.4191.66\pwahelper.exe	C:\Program Files (x86)\Microsoft\EdgeCore\152.0.4191.66\pwahelper.exe
filtered	2-excluded-name	auth-filtered	program-files	Microsoft Edge Update COM Registration Helper	C:\Program Files (x86)\Microsoft\EdgeUpdate\1.3.265.7\MicrosoftEdgeUpdateComRegisterShell64.exe	C:\Program Files (x86)\Microsoft\EdgeUpdate\1.3.265.7\MicrosoftEdgeUpdateComRegisterShell64.exe
kept	-	auth-kept	program-files	llama-quantize	C:\Users\17822\AppData\Local\Programs\Ollama\lib\ollama\llama-quantize.exe	C:\Users\17822\AppData\Local\Programs\Ollama\lib\ollama\llama-quantize.exe
kept	-	auth-kept	program-files	VirtualBox Command Line Tool	C:\Program Files\ldplayer9box\VBoxManage.exe	C:\Program Files\ldplayer9box\VBoxManage.exe
kept	-	auth-kept	program-files	360安全卫士 安全防护中心模块	C:\Program Files (x86)\360\360safe\safemon\360tray.exe	C:\Program Files (x86)\360\360safe\safemon\360tray.exe
filtered	4-not-executable-target	auth-filtered	start-menu	Saves	D:\Program Files\Cisco Packet Tracer 8.2.2\saves	C:\ProgramData\Microsoft\Windows\Start Menu\Programs\Cisco Packet Tracer\Saves.lnk
kept	-	auth-kept	program-files	Thunder BHO Platform	C:\Program Files (x86)\Common Files\Thunder Network\ServicePlatform\UnInstall.exe	C:\Program Files (x86)\Common Files\Thunder Network\ServicePlatform\UnInstall.exe
kept	-	auth-kept	program-files	Java(TM) Platform SE binary	C:\Program Files\Java\jdk-24\bin\kinit.exe	C:\Program Files\Java\jdk-24\bin\kinit.exe
filtered	2-excluded-name	auth-filtered	program-files	Copilot Update	C:\Program Files (x86)\Microsoft\EdgeUpdate\1.3.265.7\CopilotUpdate.exe	C:\Program Files (x86)\Microsoft\EdgeUpdate\1.3.265.7\CopilotUpdate.exe
kept	-	auth-kept	program-files	GnuPG’s card tool to the agent	C:\Program Files\GnuPG\bin\gpg-card.exe	C:\Program Files\GnuPG\bin\gpg-card.exe
kept	-	auth-kept	program-files	tee	D:\Program Files\Git\usr\bin\tee.exe	D:\Program Files\Git\usr\bin\tee.exe
kept	-	auth-kept	program-files	向日葵远程控制64位	D:\Program Files\Oray\SunLogin\SunloginClient\SunloginClient.exe	D:\Program Files\Oray\SunLogin\SunloginClient\SunloginClient.exe
filtered	5-system-tool	auth-filtered	start-menu	Windows PowerShell	C:\Windows\System32\WindowsPowerShell\v1.0\powershell.exe	C:\Users\17822\AppData\Roaming\Microsoft\Windows\Start Menu\Programs\Windows PowerShell\Windows PowerShell.lnk
kept	-	auth-kept	program-files	Microsoft ClickToRun Virtualization Optimization	C:\Program Files\Microsoft Office\root\Office16\PerfBoost.exe	C:\Program Files\Microsoft Office\root\Office16\PerfBoost.exe
kept	-	auth-kept	program-files	edit_test_dll	D:\Program Files\Git\mingw64\bin\edit_test_dll.exe	D:\Program Files\Git\mingw64\bin\edit_test_dll.exe
kept	-	auth-kept	program-files	Epic Online Services Host	C:\Program Files (x86)\Epic Games\Epic Online Services\service\EpicOnlineServicesHost.exe	C:\Program Files (x86)\Epic Games\Epic Online Services\service\EpicOnlineServicesHost.exe
kept	-	auth-kept	program-files	PUTSPICE	C:\Program Files (x86)\Labcenter Electronics\Proteus 8 Professional\BIN\PUTSPICE.EXE	C:\Program Files (x86)\Labcenter Electronics\Proteus 8 Professional\BIN\PUTSPICE.EXE
kept	-	auth-kept	program-files	.NET Framework UserControl Test Container	C:\Program Files (x86)\Microsoft SQL Server Management Studio 20\Common7\IDE\UserControlTestContainer.exe	C:\Program Files (x86)\Microsoft SQL Server Management Studio 20\Common7\IDE\UserControlTestContainer.exe
kept	-	auth-kept	program-files	ASUS eGPU Product	C:\Program Files\ASUS\ARMOURY CRATE Service\TBGraphicControl\ARMOURY CRATE eGPU Product.exe	C:\Program Files\ASUS\ARMOURY CRATE Service\TBGraphicControl\ARMOURY CRATE eGPU Product.exe
kept	-	auth-kept	program-files	Microsoft Document Explorer	C:\Program Files (x86)\Common Files\Microsoft Shared\Help 9\dexplore.exe	C:\Program Files (x86)\Common Files\Microsoft Shared\Help 9\dexplore.exe
kept	-	auth-kept	program-files	Java(TM) Platform SE binary	C:\Program Files\Java\jdk-17\bin\jhsdb.exe	C:\Program Files\Java\jdk-17\bin\jhsdb.exe
kept	-	auth-kept	program-files	tstPDMAsyncCompletion	C:\Program Files\ldplayer9box\tstPDMAsyncCompletion.exe	C:\Program Files\ldplayer9box\tstPDMAsyncCompletion.exe
kept	-	auth-kept	program-files	GlideX Unify	C:\Program Files\ASUS\GlideX\GlideXUnify.exe	C:\Program Files\ASUS\GlideX\GlideXUnify.exe
filtered	5-system-tool	auth-filtered	program-files	Windows 媒体播放器网络共享服务	C:\Program Files\Windows Media Player\wmpnetwk.exe	C:\Program Files\Windows Media Player\wmpnetwk.exe
kept	-	auth-kept	program-files	Microsoft Office Screen Recorder	C:\Program Files\Microsoft Office\root\Office16\MSOSREC.EXE	C:\Program Files\Microsoft Office\root\Office16\MSOSREC.EXE
kept	-	auth-kept	program-files	llama-server	C:\Users\17822\AppData\Local\Programs\Ollama\lib\ollama\llama-server.exe	C:\Users\17822\AppData\Local\Programs\Ollama\lib\ollama\llama-server.exe
kept	-	auth-kept	program-files	C++ Application Development Framework	D:\Program Files\Cisco Packet Tracer 8.2.2\bin\QtWebEngineProcess.exe	D:\Program Files\Cisco Packet Tracer 8.2.2\bin\QtWebEngineProcess.exe
filtered	4-not-executable-target	auth-filtered	start-menu	Homepage	C:\ProgramData\Microsoft\Windows\Start Menu\Programs\Tesseract-OCR\Homepage.lnk	C:\ProgramData\Microsoft\Windows\Start Menu\Programs\Tesseract-OCR\Homepage.lnk
filtered	2-excluded-name	auth-filtered	start-menu	VSM Simulation Help	C:\Program Files (x86)\Labcenter Electronics\Proteus 8 Professional\HELP\LISA.chm	C:\ProgramData\Microsoft\Windows\Start Menu\Programs\Proteus 8 Professional\VSM Simulation Help.lnk
kept	-	auth-kept	program-files	Java(TM) Platform SE binary	C:\Program Files\Java\jdk-17\bin\jaccesswalker.exe	C:\Program Files\Java\jdk-17\bin\jaccesswalker.exe
filtered	2-excluded-name	auth-filtered	start-menu	Uninstall Nahida.Nana	C:\Nahida.Nana\Nahida.Nana.exe	C:\ProgramData\Microsoft\Windows\Start Menu\Programs\Nahida.Nana\Uninstall Nahida.Nana.lnk
kept	-	auth-kept	program-files	鹰角启动器	C:\Program Files\Hypergryph Launcher\Uninstall.exe	C:\Program Files\Hypergryph Launcher\Uninstall.exe
filtered	4-not-executable-target	auth-filtered	program-files	website	https://www.chiark.greenend.org.uk/~sgtatham/putty/	D:\Program Files\PuTTY\website.url
kept	-	auth-kept	program-files	docker-scout	C:\Program Files\Docker\cli-plugins\docker-scout.exe	C:\Program Files\Docker\cli-plugins\docker-scout.exe
kept	-	auth-kept	program-files	perl	D:\Program Files\Git\usr\bin\perl.exe	D:\Program Files\Git\usr\bin\perl.exe
kept	-	auth-kept	program-files	Java(TM) Platform SE binary	C:\Program Files\Java\jdk-24\bin\jcmd.exe	C:\Program Files\Java\jdk-24\bin\jcmd.exe
kept	-	auth-kept	program-files	Cinema 4D	C:\Program Files\Maxon Cinema 4D 2024\Cinema 4D.exe	C:\Program Files\Maxon Cinema 4D 2024\Cinema 4D.exe
filtered	5-system-tool	auth-filtered	start-menu	Application Verifier (WOW)	C:\Windows\SysWOW64\appverif.exe	C:\ProgramData\Microsoft\Windows\Start Menu\Programs\Windows Kits\Application Verifier (X86)\Application Verifier (WOW).lnk
kept	-	auth-kept	start-menu	Nahida.Nana	C:\Nahida.Nana\Nahida.Nana.exe	C:\ProgramData\Microsoft\Windows\Start Menu\Programs\Nahida.Nana\Nahida.Nana.lnk
filtered	2-excluded-name	auth-filtered	start-menu	卸载 米哈游启动器	D:\Program Files\miHoYo Launcher\uninstall.exe	C:\Users\17822\AppData\Roaming\Microsoft\Windows\Start Menu\Programs\米哈游启动器\卸载 米哈游启动器.lnk
kept	-	auth-kept	start-menu	皮肤盒子	D:\Program Files (x86)\SogouInput\SogouExe\SogouExe.exe	C:\ProgramData\Microsoft\Windows\Start Menu\Programs\搜狗输入法\皮肤盒子.lnk
kept	-	auth-kept	program-files	torchrun	C:\Users\17822\AppData\Local\Programs\Python\Python310\Scripts\torchrun.exe	C:\Users\17822\AppData\Local\Programs\Python\Python310\Scripts\torchrun.exe
kept	-	auth-kept	program-files	vshost.exe	C:\Program Files (x86)\Microsoft SQL Server Management Studio 20\Common7\IDE\vshost.exe	C:\Program Files (x86)\Microsoft SQL Server Management Studio 20\Common7\IDE\vshost.exe
kept	-	auth-kept	program-files	Microsoft Visual C++ 2015-2022 Redistributable (x64) - 14.38.33130	D:\Program Files\miHoYo Launcher\vc_redist.x64.exe	D:\Program Files\miHoYo Launcher\vc_redist.x64.exe
kept	-	auth-kept	program-files	System Information	C:\Program Files (x86)\Common Files\Microsoft Shared\MSInfo\msinfo32.exe	C:\Program Files (x86)\Common Files\Microsoft Shared\MSInfo\msinfo32.exe
kept	-	auth-kept	program-files	Organization Chart Add-in for Microsoft Office programs	C:\Program Files\Microsoft Office\root\Office16\ORGCHART.EXE	C:\Program Files\Microsoft Office\root\Office16\ORGCHART.EXE
kept	-	auth-kept	program-files	GameInputRawInputProxy	C:\Program Files\Microsoft GameInput\x64\GameInputRawInputProxy.exe	C:\Program Files\Microsoft GameInput\x64\GameInputRawInputProxy.exe
kept	-	auth-kept	program-files	clear	D:\Program Files\Git\usr\bin\clear.exe	D:\Program Files\Git\usr\bin\clear.exe
kept	-	auth-kept	program-files	bldRTLdrCheckImports	C:\Program Files\ldplayer9box\bldRTLdrCheckImports.exe	C:\Program Files\ldplayer9box\bldRTLdrCheckImports.exe
kept	-	auth-kept	program-files	rnano	D:\Program Files\Git\usr\bin\rnano.exe	D:\Program Files\Git\usr\bin\rnano.exe
kept	-	auth-kept	program-files	sleep	D:\Program Files\Git\usr\bin\sleep.exe	D:\Program Files\Git\usr\bin\sleep.exe
kept	-	auth-kept	program-files	米哈游启动器	D:\Program Files\miHoYo Launcher\1.18.0.380\HYSafeMode.exe	D:\Program Files\miHoYo Launcher\1.18.0.380\HYSafeMode.exe
kept	-	auth-kept	program-files	ASUS X User Function Manager	C:\Program Files\ASUS\AsusScreenXpert\AsusXUserFunctionManager.exe	C:\Program Files\ASUS\AsusScreenXpert\AsusXUserFunctionManager.exe
kept	-	auth-kept	program-files	ASUS Feature Service	C:\Program Files\ASUS\AsusScreenXpert\AsusFeatureService.exe	C:\Program Files\ASUS\AsusScreenXpert\AsusFeatureService.exe
kept	-	auth-kept	program-files	docker-offload	C:\Program Files\Docker\cli-plugins\docker-offload.exe	C:\Program Files\Docker\cli-plugins\docker-offload.exe
kept	-	auth-kept	start-menu	新建无限可能	D:\Users\17822\AppData\Local\Kingsoft\WPS Office\ksolaunch.exe	C:\Users\17822\AppData\Roaming\Microsoft\Windows\Start Menu\Programs\WPS Office.lnk
kept	-	auth-kept	program-files	GnuPG’s pattern checker	C:\Program Files\GnuPG\bin\gpg-check-pattern.exe	C:\Program Files\GnuPG\bin\gpg-check-pattern.exe
filtered	2-excluded-name	auth-filtered	start-menu	无界趣连2.0卸载	D:\leidian\wujie\bin\wujieuninst.exe	C:\ProgramData\Microsoft\Windows\Start Menu\Programs\无界趣连2.0\无界趣连2.0卸载.lnk
kept	-	auth-kept	program-files	fold	D:\Program Files\Git\usr\bin\fold.exe	D:\Program Files\Git\usr\bin\fold.exe
kept	-	auth-kept	program-files	反馈建议	C:\Program Files (x86)\360\360zip\utils\360Feedback.exe	C:\Program Files (x86)\360\360zip\utils\360Feedback.exe
filtered	2-excluded-name	auth-filtered	program-files	Uinstaller	C:\Program Files (x86)\ASUS\ASUS\ARMOURY CRATE Service\ArmouryCrate.Uninstaller.exe	C:\Program Files (x86)\ASUS\ASUS\ARMOURY CRATE Service\ArmouryCrate.Uninstaller.exe
kept	-	auth-kept	program-files	shuf	D:\Program Files\Git\usr\bin\shuf.exe	D:\Program Files\Git\usr\bin\shuf.exe
kept	-	auth-kept	program-files	Editcap	D:\Program Files\Wireshark\editcap.exe	D:\Program Files\Wireshark\editcap.exe
filtered	5-system-tool	auth-filtered	program-files	Microsoft Malware Protection Copy Accelerator Utility	C:\Program Files\Windows Defender\MpCopyAccelerator.exe	C:\Program Files\Windows Defender\MpCopyAccelerator.exe
kept	-	auth-kept	program-files	Armoury Crate Service	C:\Program Files\ASUS\ARMOURY CRATE Service\ArmouryCrate.Service.exe	C:\Program Files\ASUS\ARMOURY CRATE Service\ArmouryCrate.Service.exe
kept	-	auth-kept	program-files	sha256sum	C:\Program Files\Gpg4win\bin\sha256sum.exe	C:\Program Files\Gpg4win\bin\sha256sum.exe
kept	-	auth-kept	program-files	pwd	D:\Program Files\Git\usr\bin\pwd.exe	D:\Program Files\Git\usr\bin\pwd.exe
kept	-	auth-kept	program-files	logcollector	C:\Program Files\Common Files\microsoft shared\ClickToRun\logcollector.exe	C:\Program Files\Common Files\microsoft shared\ClickToRun\logcollector.exe
kept	-	auth-kept	program-files	xxd	D:\Program Files\Git\usr\bin\xxd.exe	D:\Program Files\Git\usr\bin\xxd.exe
kept	-	auth-kept	program-files	360安全卫士 网盾	C:\Program Files (x86)\360\360safe\safemon\WDSafeDown.exe	C:\Program Files (x86)\360\360safe\safemon\WDSafeDown.exe
filtered	2-excluded-name	auth-filtered	program-files	Office SDX Helper Background Task	C:\Program Files\Microsoft Office\root\Office16\SDXHelperBgt.exe	C:\Program Files\Microsoft Office\root\Office16\SDXHelperBgt.exe
filtered	2-excluded-name	auth-filtered	program-files	!Install iSlideTools	C:\Program Files (x86)\iSlide Tools\!Install iSlideTools.bat	C:\Program Files (x86)\iSlide Tools\!Install iSlideTools.bat
filtered	5-system-tool	auth-filtered	program-files	Microsoft (R) Contacts Import Tool	C:\Program Files\Windows Mail\wabmig.exe	C:\Program Files\Windows Mail\wabmig.exe
kept	-	auth-kept	program-files	tesseract	C:\Program Files\Tesseract-OCR\tesseract.exe	C:\Program Files\Tesseract-OCR\tesseract.exe
kept	-	auth-kept	start-menu	Windows Performance Recorder	C:\Program Files (x86)\Windows Kits\10\Windows Performance Toolkit\WPRUI.exe	C:\ProgramData\Microsoft\Windows\Start Menu\Programs\Windows Kits\Windows Performance Toolkit\Windows Performance Recorder.lnk
kept	-	auth-kept	program-files	format	C:\Program Files\Android\Android Studio\bin\format.bat	C:\Program Files\Android\Android Studio\bin\format.bat
filtered	2-excluded-name	auth-filtered	program-files	Inno Setup Compiler	C:\Program Files\Inno Setup 7\ISIDE.exe	C:\Program Files\Inno Setup 7\ISIDE.exe
kept	-	auth-kept	program-files	Internet Explorer ImpExp FF exporter	C:\Program Files (x86)\Internet Explorer\ExtExport.exe	C:\Program Files (x86)\Internet Explorer\ExtExport.exe
kept	-	auth-kept	program-files	Java(TM) Platform SE binary	C:\Program Files\Java\jdk-24\bin\jdb.exe	C:\Program Files\Java\jdk-24\bin\jdb.exe
kept	-	auth-kept	program-files	pip3.14	C:\Users\17822\AppData\Local\Programs\Python\Python314\Scripts\pip3.14.exe	C:\Users\17822\AppData\Local\Programs\Python\Python314\Scripts\pip3.14.exe
kept	-	auth-kept	program-files	xz data compression tool for .xz and .lzma files	D:\Program Files\Git\mingw64\bin\xz.exe	D:\Program Files\Git\mingw64\bin\xz.exe
filtered	2-excluded-name	auth-filtered	program-files	uninstall	C:\Program Files (x86)\Google\GoogleUpdater\152.0.7933.0\uninstall.cmd	C:\Program Files (x86)\Google\GoogleUpdater\152.0.7933.0\uninstall.cmd
kept	-	auth-kept	program-files	find	D:\Program Files\Git\usr\bin\find.exe	D:\Program Files\Git\usr\bin\find.exe
kept	-	auth-kept	program-files	mpicalc	D:\Program Files\Git\usr\bin\mpicalc.exe	D:\Program Files\Git\usr\bin\mpicalc.exe
kept	-	auth-kept	program-files	Microsoft Office Visio Previewer	C:\Program Files\Microsoft Office\root\Office16\VPREVIEW.EXE	C:\Program Files\Microsoft Office\root\Office16\VPREVIEW.EXE
kept	-	auth-kept	program-files	Microsoft Visual C++ 2017 Redistributable (x86) - 14.16.27027	C:\Program Files (x86)\ASUS\ASUS Smart Display Control\vc_redist.x86.exe	C:\Program Files (x86)\ASUS\ASUS Smart Display Control\vc_redist.x86.exe
kept	-	auth-kept	program-files	迅雷错误报告	C:\Program Files (x86)\Common Files\Thunder Network\ServicePlatform\XLBugReport.exe	C:\Program Files (x86)\Common Files\Thunder Network\ServicePlatform\XLBugReport.exe
filtered	4-not-executable-target	auth-filtered	start-menu	Run	C:\Users\17822\AppData\Roaming\Microsoft\Windows\Start Menu\Programs\System Tools\Run.lnk	C:\Users\17822\AppData\Roaming\Microsoft\Windows\Start Menu\Programs\System Tools\Run.lnk
kept	-	auth-kept	program-files	Java(TM) Platform SE binary	C:\Program Files\Java\jdk-24\bin\javadoc.exe	C:\Program Files\Java\jdk-24\bin\javadoc.exe
kept	-	auth-kept	program-files	Microsoft Application Virtualization Package Cleaner	C:\Program Files\Common Files\microsoft shared\ClickToRun\appvcleaner.exe	C:\Program Files\Common Files\microsoft shared\ClickToRun\appvcleaner.exe
kept	-	auth-kept	program-files	studio_safe	C:\Program Files\Android\Android Studio\bin\studio_safe.bat	C:\Program Files\Android\Android Studio\bin\studio_safe.bat
kept	-	auth-kept	program-files	Microsoft Edge	C:\Program Files (x86)\Microsoft\Edge\Application\new_msedge.exe	C:\Program Files (x86)\Microsoft\Edge\Application\new_msedge.exe
kept	-	auth-kept	program-files	trust	D:\Program Files\Git\mingw64\bin\trust.exe	D:\Program Files\Git\mingw64\bin\trust.exe
kept	-	auth-kept	program-files	Microsoft Visual Studio 2008	C:\Program Files (x86)\Microsoft Visual Studio 9.0\Common7\IDE\devenv.exe	C:\Program Files (x86)\Microsoft Visual Studio 9.0\Common7\IDE\devenv.exe
kept	-	auth-kept	program-files	Client DLL Surrogate Host	C:\Program Files\Microsoft Office\root\Client\AppVDllSurrogate.exe	C:\Program Files\Microsoft Office\root\Client\AppVDllSurrogate.exe
kept	-	auth-kept	program-files	CubismEditor4	D:\Program Files\Live2D Cubism 4.1\CubismEditor4.bat	D:\Program Files\Live2D Cubism 4.1\CubismEditor4.bat
kept	-	auth-kept	start-menu	Proteus 8 Professional	C:\Program Files (x86)\Labcenter Electronics\Proteus 8 Professional\BIN\PDS.EXE	C:\ProgramData\Microsoft\Windows\Start Menu\Programs\Proteus 8 Professional\Proteus 8 Professional.lnk
kept	-	auth-kept	start-menu	The Official Tuanjie Hub	D:\Program Files\Tuanjie Hub\Tuanjie Hub.exe	C:\ProgramData\Microsoft\Windows\Start Menu\Programs\Tuanjie Hub.lnk
kept	-	auth-kept	program-files	classifier_tester	C:\Program Files\Tesseract-OCR\classifier_tester.exe	C:\Program Files\Tesseract-OCR\classifier_tester.exe
kept	-	auth-kept	program-files	Python	C:\Users\17822\AppData\Local\Programs\Python\Python314\python.exe	C:\Users\17822\AppData\Local\Programs\Python\Python314\python.exe
kept	-	auth-kept	program-files	原神	D:\Program Files\Genshin Impact bilibili\1.18.0.380\HYP.exe	D:\Program Files\Genshin Impact bilibili\1.18.0.380\HYP.exe
kept	-	auth-kept	program-files	GlideXCloudConnection	C:\Program Files\ASUS\GlideX\GlideXRemote\GlideXCloudConnection.exe	C:\Program Files\ASUS\GlideX\GlideXRemote\GlideXCloudConnection.exe
kept	-	auth-kept	start-menu	飞书	C:\Users\17822\AppData\Local\Feishu\Feishu.exe	C:\Users\17822\AppData\Roaming\Microsoft\Windows\Start Menu\Programs\飞书.lnk
filtered	5-system-tool	auth-filtered	start-menu	管理磁盘以及使用其他系统工具来管理本地或远程计算机。	C:\WINDOWS\system32\compmgmt.msc	C:\ProgramData\Microsoft\Windows\Start Menu\Programs\Administrative Tools\Computer Management.lnk
kept	-	auth-kept	program-files	dockerd	C:\Program Files\Docker\Docker\resources\dockerd.exe	C:\Program Files\Docker\Docker\resources\dockerd.exe
kept	-	auth-kept	program-files	OpenSSL application	D:\Program Files\Git\usr\bin\openssl.exe	D:\Program Files\Git\usr\bin\openssl.exe
kept	-	auth-kept	start-menu	Virtual Pet	C:\Program Files\ASUS\Virtual Pet\Virtual Pet.exe	C:\ProgramData\Microsoft\Windows\Start Menu\Programs\Virtual Pet.lnk
kept	-	auth-kept	start-menu	炉石传说	C:\Program Files (x86)\Hearthstone\Hearthstone Beta Launcher.exe	C:\ProgramData\Microsoft\Windows\Start Menu\Programs\炉石传说\炉石传说.lnk
filtered	2-excluded-name	auth-filtered	start-menu	Tomcat Documentation	C:\Program Files\Apache Software Foundation\Tomcat 11.0\webapps\docs\index.html	C:\ProgramData\Microsoft\Windows\Start Menu\Programs\Apache Tomcat 11.0 Tomcat11\Tomcat Documentation.lnk
kept	-	auth-kept	program-files	gpgme-w32spawn	C:\Program Files\Gpg4win\bin_32\gpgme-w32spawn.exe	C:\Program Files\Gpg4win\bin_32\gpgme-w32spawn.exe
kept	-	auth-kept	start-menu	Start MobaDiff	D:\Program Files (x86)\Mobatek\MobaXterm\MobaRTE.exe	C:\ProgramData\Microsoft\Windows\Start Menu\Programs\MobaXterm\MobaDiff.lnk
kept	-	auth-kept	program-files	.NET Host	C:\Program Files\dotnet\dotnet.exe	C:\Program Files\dotnet\dotnet.exe
filtered	2-excluded-name	auth-filtered	start-menu	Inno Setup FAQ	C:\Program Files\Inno Setup 7\isfaq.url	C:\ProgramData\Microsoft\Windows\Start Menu\Programs\Inno Setup 7\Inno Setup FAQ.lnk
kept	-	auth-kept	program-files	nice	D:\Program Files\Git\usr\bin\nice.exe	D:\Program Files\Git\usr\bin\nice.exe
kept	-	auth-kept	program-files	Office Scripting Broker	C:\Program Files\Microsoft Office\root\Office16\OfficeScrSanBroker.exe	C:\Program Files\Microsoft Office\root\Office16\OfficeScrSanBroker.exe
kept	-	auth-kept	program-files	date	D:\Program Files\Git\usr\bin\date.exe	D:\Program Files\Git\usr\bin\date.exe
kept	-	auth-kept	program-files	MyProg-Arm64	C:\Program Files\Inno Setup 7\Examples\MyProg-Arm64.exe	C:\Program Files\Inno Setup 7\Examples\MyProg-Arm64.exe
kept	-	auth-kept	program-files	Git for Windows	D:\Program Files\Git\mingw64\bin\git-upload-archive.exe	D:\Program Files\Git\mingw64\bin\git-upload-archive.exe
filtered	5-system-tool	auth-filtered	start-menu	Anaconda PowerShell Prompt	C:\Windows\System32\WindowsPowerShell\v1.0\powershell.exe	C:\Users\17822\AppData\Roaming\Microsoft\Windows\Start Menu\Programs\Anaconda (anaconda3)\Anaconda PowerShell Prompt.lnk
filtered	2-excluded-name	auth-filtered	start-menu	卸载 原神	D:\Program Files\Genshin Impact bilibili\uninstall.exe	C:\Users\17822\AppData\Roaming\Microsoft\Windows\Start Menu\Programs\原神\卸载 原神.lnk
filtered	2-excluded-name	auth-filtered	program-files	AsusUpdateComRegisterShell64	C:\Program Files (x86)\ASUS\Update\1.3.107.159\AsusUpdateComRegisterShell64.exe	C:\Program Files (x86)\ASUS\Update\1.3.107.159\AsusUpdateComRegisterShell64.exe
kept	-	auth-kept	program-files	accelerate-launch	C:\Users\17822\AppData\Local\Programs\Python\Python310\Scripts\accelerate-launch.exe	C:\Users\17822\AppData\Local\Programs\Python\Python310\Scripts\accelerate-launch.exe
kept	-	auth-kept	start-menu	炉石传说盒子	D:\炉石传说盒子\HSAng.exe	C:\Users\17822\AppData\Roaming\Microsoft\Windows\Start Menu\Programs\炉石传说盒子\炉石传说盒子.lnk
filtered	2-excluded-name	auth-filtered	program-files	Microsoft Edge Update	C:\Program Files (x86)\Microsoft\EdgeUpdate\1.3.265.7\MicrosoftEdgeUpdateBroker.exe	C:\Program Files (x86)\Microsoft\EdgeUpdate\1.3.265.7\MicrosoftEdgeUpdateBroker.exe
kept	-	auth-kept	program-files	p11-kit	D:\Program Files\Git\usr\bin\p11-kit.exe	D:\Program Files\Git\usr\bin\p11-kit.exe
kept	-	auth-kept	program-files	Java(TM) Platform SE binary	C:\Program Files\Java\jdk-17\bin\javadoc.exe	C:\Program Files\Java\jdk-17\bin\javadoc.exe
filtered	5-system-tool	auth-filtered	start-menu	Open Visual Studio 2022 Tools Command Prompt for targeting x64 with x86-hosted tools	C:\Windows\System32\cmd.exe	C:\ProgramData\Microsoft\Windows\Start Menu\Programs\Visual Studio 2022\Visual Studio Tools\VC\x86_x64 Cross Tools Command Prompt for VS 2022 (2).lnk
kept	-	auth-kept	start-menu	使用 Office 遥测日志查看 Office 解决方案的关键错误、兼容性问题和解决信息。	C:\Program Files\Microsoft Office\root\Office16\msoev.exe	C:\ProgramData\Microsoft\Windows\Start Menu\Programs\Microsoft Office 工具\Office 遥测日志.lnk
kept	-	auth-kept	program-files	Skype for Business	C:\Program Files\Microsoft Office\root\Office16\lync.exe	C:\Program Files\Microsoft Office\root\Office16\lync.exe
filtered	2-excluded-name	auth-filtered	program-files	Visual Studio Installer	C:\Program Files (x86)\Microsoft Visual Studio\Installer\setup.exe	C:\Program Files (x86)\Microsoft Visual Studio\Installer\setup.exe
kept	-	auth-kept	program-files	pywin32_testall	C:\Users\17822\AppData\Local\Programs\Python\Python310\Scripts\pywin32_testall.exe	C:\Users\17822\AppData\Local\Programs\Python\Python310\Scripts\pywin32_testall.exe
kept	-	auth-kept	program-files	task_host	C:\Users\17822\AppData\Local\Programs\Trae CN\aha_doctor\task_host.exe	C:\Users\17822\AppData\Local\Programs\Trae CN\aha_doctor\task_host.exe
filtered	2-excluded-name	auth-filtered	program-files	Setup/Uninstall	D:\Program Files\Git\unins000.exe	D:\Program Files\Git\unins000.exe
kept	-	auth-kept	program-files	kbxutil	D:\Program Files\Git\usr\bin\kbxutil.exe	D:\Program Files\Git\usr\bin\kbxutil.exe
kept	-	auth-kept	program-files	mkisofs	C:\Program Files (x86)\VMware\VMware Workstation\mkisofs.exe	C:\Program Files (x86)\VMware\VMware Workstation\mkisofs.exe
kept	-	auth-kept	program-files	360安全卫士 安全防护中心模块	C:\Program Files (x86)\360\360safe\safemon\360sclog.exe	C:\Program Files (x86)\360\360safe\safemon\360sclog.exe
kept	-	auth-kept	program-files	Battle.net Overlay Runtime	C:\Program Files (x86)\Battle.net\Battle.net.17651\bdk\battlenet.overlay.runtime.exe	C:\Program Files (x86)\Battle.net\Battle.net.17651\bdk\battlenet.overlay.runtime.exe
kept	-	auth-kept	program-files	原神	D:\Program Files\Genshin Impact bilibili\1.18.0.380\crashreport.exe	D:\Program Files\Genshin Impact bilibili\1.18.0.380\crashreport.exe
kept	-	auth-kept	program-files	Java(TM) Platform SE binary	C:\Program Files\Java\jdk-24\bin\jarsigner.exe	C:\Program Files\Java\jdk-24\bin\jarsigner.exe
kept	-	auth-kept	program-files	Git for Windows	D:\Program Files\Git\bin\git.exe	D:\Program Files\Git\bin\git.exe
kept	-	auth-kept	start-menu	通过语音和视频通话、Skype 会议和即时消息，与世界各地的人保持联系。	C:\Program Files\Microsoft Office\root\Office16\lync.exe	C:\ProgramData\Microsoft\Windows\Start Menu\Programs\Skype for Business.lnk
kept	-	auth-kept	start-menu	draw.io desktop	D:\Program Files\draw.io\draw.io.exe	C:\ProgramData\Microsoft\Windows\Start Menu\Programs\draw.io.lnk
kept	-	auth-kept	program-files	bzcat	D:\Program Files\Git\usr\bin\bzcat.exe	D:\Program Files\Git\usr\bin\bzcat.exe
kept	-	auth-kept	program-files	trust	D:\Program Files\Git\usr\bin\trust.exe	D:\Program Files\Git\usr\bin\trust.exe
kept	-	auth-kept	program-files	truncate	D:\Program Files\Git\usr\bin\truncate.exe	D:\Program Files\Git\usr\bin\truncate.exe
filtered	2-excluded-name	auth-filtered	program-files	ASUS Update Setup	C:\Program Files (x86)\ASUS\Update\1.3.107.159\AsusUpdateSetup.exe	C:\Program Files (x86)\ASUS\Update\1.3.107.159\AsusUpdateSetup.exe
kept	-	auth-kept	program-files	Copilot	C:\Program Files (x86)\Microsoft\EdgeCore\152.0.4191.66\mscopilot.exe	C:\Program Files (x86)\Microsoft\EdgeCore\152.0.4191.66\mscopilot.exe
kept	-	auth-kept	program-files	file	D:\Program Files\Git\usr\bin\file.exe	D:\Program Files\Git\usr\bin\file.exe
kept	-	auth-kept	program-files	AsusAppxLauncher	C:\Program Files (x86)\ASUS\ROGLSLoader\AsusAppxLauncher.exe	C:\Program Files (x86)\ASUS\ROGLSLoader\AsusAppxLauncher.exe
kept	-	auth-kept	program-files	Microsoft Edge	C:\Program Files (x86)\Microsoft\EdgeCore\Optimized\elevation_service.exe	C:\Program Files (x86)\Microsoft\EdgeCore\Optimized\elevation_service.exe
kept	-	auth-kept	program-files	Java(TM) Platform SE binary	C:\Program Files\Java\jdk-17\bin\javap.exe	C:\Program Files\Java\jdk-17\bin\javap.exe
kept	-	auth-kept	program-files	dotenv	C:\Users\17822\AppData\Local\Programs\Python\Python310\Scripts\dotenv.exe	C:\Users\17822\AppData\Local\Programs\Python\Python310\Scripts\dotenv.exe
kept	-	auth-kept	start-menu	华硕大厅	D:\Program Files (x86)\ASUS\ASUS Member Center\AsusMemberCenter.exe	C:\ProgramData\Microsoft\Windows\Start Menu\Programs\华硕大厅.lnk
kept	-	auth-kept	program-files	Java(TM) Platform SE binary	C:\Program Files\Java\jdk-24\bin\jconsole.exe	C:\Program Files\Java\jdk-24\bin\jconsole.exe
kept	-	auth-kept	program-files	Star Rail	D:\Program Files\Star Rail\Game\StarRail.exe	D:\Program Files\Star Rail\Game\StarRail.exe
filtered	2-excluded-name	auth-filtered	program-files	NetFltUninstall	C:\Program Files\ldplayer9box\NetFltUninstall.exe	C:\Program Files\ldplayer9box\NetFltUninstall.exe
kept	-	auth-kept	program-files	npm	D:\Program Files\nodejs\npm.cmd	D:\Program Files\nodejs\npm.cmd
kept	-	auth-kept	program-files	AsusScreenPadMaxQuickGuide	C:\Program Files\ASUS\AsusScreenXpert\AsusScreenPadMaxQuickGuide.exe	C:\Program Files\ASUS\AsusScreenXpert\AsusScreenPadMaxQuickGuide.exe
kept	-	auth-kept	program-files	360主动防御服务模块	C:\Program Files (x86)\360\360safe\deepscan\ZhuDongFangYu.exe	C:\Program Files (x86)\360\360safe\deepscan\ZhuDongFangYu.exe
kept	-	auth-kept	program-files	Windows Subsystem for Linux	C:\Program Files\WSL\wslhost.exe	C:\Program Files\WSL\wslhost.exe
kept	-	auth-kept	program-files	Nmap	C:\Program Files (x86)\Nmap\nmap.exe	C:\Program Files (x86)\Nmap\nmap.exe
filtered	2-excluded-name	auth-filtered	program-files	Webview Helper	C:\Program Files (x86)\Hearthstone\webviewsupport.cef904430\render.exe	C:\Program Files (x86)\Hearthstone\webviewsupport.cef904430\render.exe
kept	-	auth-kept	program-files	VirtualBox NAT Engine	C:\Program Files\ldplayer9box\VBoxNetNAT.exe	C:\Program Files\ldplayer9box\VBoxNetNAT.exe
kept	-	auth-kept	program-files	GnuPG’s Web Key Service client	C:\Program Files\GnuPG\bin\gpg-wks-client.exe	C:\Program Files\GnuPG\bin\gpg-wks-client.exe
kept	-	auth-kept	program-files	odt2txt	D:\Program Files\Git\mingw64\bin\odt2txt.exe	D:\Program Files\Git\mingw64\bin\odt2txt.exe
kept	-	auth-kept	program-files	SQL Server Replication Logreader Agent	C:\Program Files\Microsoft SQL Server\160\COM\logread.exe	C:\Program Files\Microsoft SQL Server\160\COM\logread.exe
kept	-	auth-kept	program-files	Node.js JavaScript Runtime	D:\Program Files\nodejs\node.exe	D:\Program Files\nodejs\node.exe
kept	-	auth-kept	program-files	infotocap	D:\Program Files\Git\usr\bin\infotocap.exe	D:\Program Files\Git\usr\bin\infotocap.exe
kept	-	auth-kept	start-menu	豆包	C:\Users\17822\AppData\Local\Doubao\Application\Doubao.exe	C:\Users\17822\AppData\Roaming\Microsoft\Windows\Start Menu\Programs\豆包.lnk
kept	-	auth-kept	program-files	sha256sum	D:\Program Files\Git\usr\bin\sha256sum.exe	D:\Program Files\Git\usr\bin\sha256sum.exe
kept	-	auth-kept	program-files	Steam Client Service	C:\Program Files (x86)\Common Files\Steam\steamservice.exe	C:\Program Files (x86)\Common Files\Steam\steamservice.exe
filtered	5-system-tool	auth-filtered	program-files	Windows 媒体播放器启动程序	C:\Program Files\Windows Media Player\wmlaunch.exe	C:\Program Files\Windows Media Player\wmlaunch.exe
kept	-	auth-kept	program-files	WorkBuddyRepair	C:\Program Files\XiaoshuoClaw\resources\WorkBuddyRepair.exe	C:\Program Files\XiaoshuoClaw\resources\WorkBuddyRepair.exe
kept	-	auth-kept	program-files	VMware mksSandbox	C:\Program Files (x86)\VMware\VMware Workstation\x64\mksSandbox-stats.exe	C:\Program Files (x86)\VMware\VMware Workstation\x64\mksSandbox-stats.exe
kept	-	auth-kept	program-files	edit_test	D:\Program Files\Git\mingw64\bin\edit_test.exe	D:\Program Files\Git\mingw64\bin\edit_test.exe
kept	-	auth-kept	program-files	FVSDKTestClientPublic	C:\Program Files\NVIDIA Corporation\FrameViewSDK\SDK\FvSDKTestClient_Public.exe	C:\Program Files\NVIDIA Corporation\FrameViewSDK\SDK\FvSDKTestClient_Public.exe
kept	-	auth-kept	program-files	米哈游启动器	D:\Program Files\miHoYo Launcher\1.18.0.380\7z.exe	D:\Program Files\miHoYo Launcher\1.18.0.380\7z.exe
kept	-	auth-kept	start-menu	Steam	D:\Program Files (x86)\Steam\Steam.exe	C:\ProgramData\Microsoft\Windows\Start Menu\Programs\Steam\Steam.lnk
kept	-	auth-kept	program-files	QQEX	C:\Program Files\Tencent\QQNT\QQEX.exe	C:\Program Files\Tencent\QQNT\QQEX.exe
kept	-	auth-kept	program-files	PWA Identity Proxy Host	C:\Program Files (x86)\Microsoft\EdgeCore\Optimized\identity_helper.exe	C:\Program Files (x86)\Microsoft\EdgeCore\Optimized\identity_helper.exe
kept	-	auth-kept	program-files	Microsoft Office component	C:\Program Files\Microsoft Office\root\Office16\GRAPH.EXE	C:\Program Files\Microsoft Office\root\Office16\GRAPH.EXE
kept	-	auth-kept	program-files	ffmpeg	D:\Program Files\Live2D Cubism 4.1\tools\ffmpeg\ffmpeg.exe	D:\Program Files\Live2D Cubism 4.1\tools\ffmpeg\ffmpeg.exe
kept	-	auth-kept	program-files	Copilot	C:\Program Files (x86)\Microsoft\EdgeCore\152.0.4191.66\copilotapp.exe	C:\Program Files (x86)\Microsoft\EdgeCore\152.0.4191.66\copilotapp.exe
kept	-	auth-kept	program-files	Microsoft Edge WebView2	C:\Program Files (x86)\Microsoft\EdgeCore\Optimized\msedgewebview2.exe	C:\Program Files (x86)\Microsoft\EdgeCore\Optimized\msedgewebview2.exe
filtered	4-not-executable-target	auth-filtered	start-menu	Tomcat 11.0 Program Directory	C:\Program Files\Apache Software Foundation\Tomcat 11.0	C:\ProgramData\Microsoft\Windows\Start Menu\Programs\Apache Tomcat 11.0 Tomcat11\Tomcat 11.0 Program Directory.lnk
kept	-	auth-kept	program-files	trae-solo-cn	C:\Users\17822\AppData\Local\Programs\TRAE SOLO CN\bin\trae-solo-cn.cmd	C:\Users\17822\AppData\Local\Programs\TRAE SOLO CN\bin\trae-solo-cn.cmd
filtered	2-excluded-name	auth-filtered	program-files	show_third_party_software_licenses	C:\Program Files (x86)\Microsoft\EdgeCore\153.0.4234.32\show_third_party_software_licenses.bat	C:\Program Files (x86)\Microsoft\EdgeCore\153.0.4234.32\show_third_party_software_licenses.bat
kept	-	auth-kept	program-files	wpaexporter	C:\Program Files (x86)\Windows Kits\10\Windows Performance Toolkit\wpaexporter.exe	C:\Program Files (x86)\Windows Kits\10\Windows Performance Toolkit\wpaexporter.exe
filtered	2-excluded-name	auth-filtered	program-files	Canon IJ Driver Uninstaller	C:\Program Files\CanonBJ\CanonIJ Uninstaller Information\{1199FAD5-9546-44f3-81CF-FFDB8040B7BF}_Canon_TS3300_series\DELDRV64.exe	C:\Program Files\CanonBJ\CanonIJ Uninstaller Information\{1199FAD5-9546-44f3-81CF-FFDB8040B7BF}_Canon_TS3300_series\DELDRV64.exe
kept	-	auth-kept	program-files	Tuanjie Hub	D:\Program Files\Tuanjie Hub\Tuanjie Hub.exe	D:\Program Files\Tuanjie Hub\Tuanjie Hub.exe
kept	-	auth-kept	program-files	Mergecap	D:\Program Files\Wireshark\mergecap.exe	D:\Program Files\Wireshark\mergecap.exe
kept	-	auth-kept	program-files	courgette64	C:\Program Files\Docker\Docker\courgette64.exe	C:\Program Files\Docker\Docker\courgette64.exe
filtered	2-excluded-name	auth-filtered	program-files	MiService安装程序	C:\Program Files (x86)\Timi Personal Computing\MiService\3.0.0.304\Uninstall.exe	C:\Program Files (x86)\Timi Personal Computing\MiService\3.0.0.304\Uninstall.exe
filtered	5-system-tool	auth-filtered	start-menu	启动、终止并设置 Windows 服务。	C:\WINDOWS\system32\services.msc	C:\ProgramData\Microsoft\Windows\Start Menu\Programs\Administrative Tools\services.lnk
kept	-	auth-kept	start-menu	Licence Manager	C:\Program Files (x86)\Labcenter Electronics\Proteus 8 Professional\BIN\LICENCE.EXE	C:\ProgramData\Microsoft\Windows\Start Menu\Programs\Proteus 8 Professional\Licence Manager.lnk
kept	-	auth-kept	program-files	p11-kit	D:\Program Files\Git\mingw64\bin\p11-kit.exe	D:\Program Files\Git\mingw64\bin\p11-kit.exe
kept	-	auth-kept	program-files	Battle.net Overlay Runtime	C:\Program Files (x86)\Battle.net\Battle.net.17620\bdk\battlenet.overlay.runtime.exe	C:\Program Files (x86)\Battle.net\Battle.net.17620\bdk\battlenet.overlay.runtime.exe
kept	-	auth-kept	start-menu	Commandline	C:\Program Files\Maxon Cinema 4D 2024\Commandline.exe	C:\ProgramData\Microsoft\Windows\Start Menu\Programs\Maxon\Maxon Cinema 4D\Commandline 2024.lnk
kept	-	auth-kept	program-files	C++ Application Development Framework	C:\Program Files\Hypergryph Launcher\1.4.0\QtWebEngineProcess.exe	C:\Program Files\Hypergryph Launcher\1.4.0\QtWebEngineProcess.exe
kept	-	auth-kept	program-files	Android Studio	C:\Program Files\Android\Android Studio\bin\studio64.exe	C:\Program Files\Android\Android Studio\bin\studio64.exe
kept	-	auth-kept	program-files	Launcher	C:\Program Files (x86)\Microsoft SDKs\ClickOnce Bootstrapper\Engine\Launcher.exe	C:\Program Files (x86)\Microsoft SDKs\ClickOnce Bootstrapper\Engine\Launcher.exe
kept	-	auth-kept	program-files	VMware Tray Process	C:\Program Files (x86)\VMware\VMware Workstation\vmware-tray.exe	C:\Program Files (x86)\VMware\VMware Workstation\vmware-tray.exe
kept	-	auth-kept	program-files	Microsoft Office Click-to-Run (SxS)	C:\Program Files\Common Files\microsoft shared\ClickToRun\OfficeClickToRun.exe	C:\Program Files\Common Files\microsoft shared\ClickToRun\OfficeClickToRun.exe
kept	-	auth-kept	program-files	BlizzardError (x64)	C:\Program Files (x86)\Battle.net\Battle.net.17651\bdk\BlizzardError.exe	C:\Program Files (x86)\Battle.net\Battle.net.17651\bdk\BlizzardError.exe
kept	-	auth-kept	program-files	yes	D:\Program Files\Git\usr\bin\yes.exe	D:\Program Files\Git\usr\bin\yes.exe
filtered	5-system-tool	auth-filtered	start-menu	Open Visual Studio 2022 Tools Command Prompt	C:\Windows\System32\cmd.exe	C:\ProgramData\Microsoft\Windows\Start Menu\Programs\Visual Studio 2022\Visual Studio Tools\Developer Command Prompt for VS 2022.lnk
kept	-	auth-kept	program-files	7-Zip Console	C:\Program Files\7-Zip-Zstandard\7z.exe	C:\Program Files\7-Zip-Zstandard\7z.exe
filtered	2-excluded-name	auth-filtered	program-files	ARMOURY CRATE User Session Helper	C:\Program Files (x86)\ASUS\ASUS\ARMOURY CRATE Service\ArmouryCrate.UserSessionHelper.exe	C:\Program Files (x86)\ASUS\ASUS\ARMOURY CRATE Service\ArmouryCrate.UserSessionHelper.exe
kept	-	auth-kept	program-files	sh	D:\Program Files\Git\usr\bin\sh.exe	D:\Program Files\Git\usr\bin\sh.exe
kept	-	auth-kept	program-files	微信	D:\Program Files\Tencent\Weixin\Weixin.exe	D:\Program Files\Tencent\Weixin\微信.lnk
kept	-	auth-kept	program-files	IIS Express Worker Process	C:\Program Files\IIS Express\iisexpress.exe	C:\Program Files\IIS Express\iisexpress.exe
kept	-	auth-kept	program-files	Microsoft Edge	C:\Program Files (x86)\Microsoft\EdgeCore\153.0.4234.32\msedge.exe	C:\Program Files (x86)\Microsoft\EdgeCore\153.0.4234.32\msedge.exe
filtered	2-excluded-name	auth-filtered	program-files	install	D:\Program Files\Git\usr\bin\install.exe	D:\Program Files\Git\usr\bin\install.exe
kept	-	auth-kept	program-files	nettle-pbkdf2	D:\Program Files\Git\usr\bin\nettle-pbkdf2.exe	D:\Program Files\Git\usr\bin\nettle-pbkdf2.exe
kept	-	auth-kept	start-menu	MediBang Paint Pro	D:\Program Files\Medibang\MediBang Paint Pro\MediBangPaintPro.exe	C:\ProgramData\Microsoft\Windows\Start Menu\Programs\Medibang\MediBang Paint Pro\MediBang Paint Pro.lnk
filtered	4-not-executable-target	auth-filtered	start-menu	Website	D:\Program Files\Live2D Cubism 4.1\Live2D Cubism.url	C:\ProgramData\Microsoft\Windows\Start Menu\Programs\Live2D Cubism 4.1\Website.lnk
kept	-	auth-kept	program-files	Java(TM) Platform SE binary	C:\Program Files\Java\jdk-17\bin\jconsole.exe	C:\Program Files\Java\jdk-17\bin\jconsole.exe
kept	-	auth-kept	program-files	Snapshot Agent	C:\Program Files\Microsoft SQL Server\160\COM\snapshot.exe	C:\Program Files\Microsoft SQL Server\160\COM\snapshot.exe
kept	-	auth-kept	program-files	version	C:\Program Files\Apache Software Foundation\Tomcat 11.0\bin\version.bat	C:\Program Files\Apache Software Foundation\Tomcat 11.0\bin\version.bat
kept	-	auth-kept	program-files	360杀毒 辅助程序	C:\Program Files (x86)\360\360safe\360Safe.exe	C:\Program Files (x86)\360\360safe\360Safe.exe
kept	-	auth-kept	program-files	ASUS ScreenXpert	C:\Program Files\ASUS\AsusScreenXpert\AsusScreenPadMax.exe	C:\Program Files\ASUS\AsusScreenXpert\AsusScreenPadMax.exe
kept	-	auth-kept	program-files	Reordercap	D:\Program Files\Wireshark\reordercap.exe	D:\Program Files\Wireshark\reordercap.exe
kept	-	auth-kept	program-files	原神	D:\Program Files\Genshin Impact bilibili\1.18.0.380\hpatchz.exe	D:\Program Files\Genshin Impact bilibili\1.18.0.380\hpatchz.exe
kept	-	auth-kept	program-files	Battle․net	C:\Program Files (x86)\Battle.net\Battle.net.exe	C:\Program Files (x86)\Battle.net\Battle.net.exe
kept	-	auth-kept	program-files	ex	D:\Program Files\Git\usr\bin\ex.exe	D:\Program Files\Git\usr\bin\ex.exe
kept	-	auth-kept	program-files	xz data compression tool for .xz and .lzma files	D:\Program Files\Git\mingw64\bin\unxz.exe	D:\Program Files\Git\mingw64\bin\unxz.exe
kept	-	auth-kept	program-files	VBoxStubBld	C:\Program Files\AndrowsBox\VBoxStubBld.exe	C:\Program Files\AndrowsBox\VBoxStubBld.exe
filtered	2-excluded-name	auth-filtered	start-menu	帮助	D:\Program Files (x86)\SogouInput\16.8.0.5194\Sogou Helper.url	C:\ProgramData\Microsoft\Windows\Start Menu\Programs\搜狗输入法\链接\帮助.lnk
kept	-	auth-kept	program-files	ASUS Handwriting	C:\Program Files\ASUS\AsusScreenXpert\AsusHandwriting.exe	C:\Program Files\ASUS\AsusScreenXpert\AsusHandwriting.exe
kept	-	auth-kept	program-files	cat	D:\Program Files\Git\usr\bin\cat.exe	D:\Program Files\Git\usr\bin\cat.exe
filtered	2-excluded-name	auth-filtered	program-files	NVIDIA ShadowPlay Helper	C:\Program Files\NVIDIA Corporation\NVIDIA app\ShadowPlay\nvsphelper64.exe	C:\Program Files\NVIDIA Corporation\NVIDIA app\ShadowPlay\nvsphelper64.exe
kept	-	auth-kept	program-files	Application Server Command Line Admin Tool	C:\Program Files\IIS Express\appcmd.exe	C:\Program Files\IIS Express\appcmd.exe
filtered	2-excluded-name	auth-filtered	program-files	Webview Helper	C:\Program Files (x86)\Hearthstone\webviewsupport.cef904430\webview_support_browser.exe	C:\Program Files (x86)\Hearthstone\webviewsupport.cef904430\webview_support_browser.exe
kept	-	auth-kept	program-files	Virtual Pet	C:\Program Files\ASUS\Virtual Pet\Virtual Pet.exe	C:\Program Files\ASUS\Virtual Pet\Virtual Pet.exe
kept	-	auth-kept	program-files	Microsoft Edge	C:\Program Files (x86)\Microsoft\Edge\Application\msedge_proxy.exe	C:\Program Files (x86)\Microsoft\Edge\Application\msedge_proxy.exe
kept	-	auth-kept	start-menu	The Wireshark Network Protocol Analyzer	D:\Program Files\Wireshark\Wireshark.exe	C:\ProgramData\Microsoft\Windows\Start Menu\Programs\Wireshark.lnk
kept	-	auth-kept	program-files	Microsoft Edge	C:\Program Files (x86)\Microsoft\EdgeCore\153.0.4234.32\platform_experiences_helper.exe	C:\Program Files (x86)\Microsoft\EdgeCore\153.0.4234.32\platform_experiences_helper.exe
kept	-	auth-kept	program-files	VBoxAutostartSvc	C:\Program Files\AndrowsBox\VBoxAutostartSvc.exe	C:\Program Files\AndrowsBox\VBoxAutostartSvc.exe
kept	-	auth-kept	program-files	360U盘鉴定器	C:\Program Files (x86)\360\360safe\Utils\360UDiskCheck.exe	C:\Program Files (x86)\360\360safe\Utils\360UDiskCheck.exe
kept	-	auth-kept	start-menu	Launches IDLE, the interactive environment for Python 3.10.	C:\Users\17822\AppData\Local\Programs\Python\Python310\pythonw.exe	C:\Users\17822\AppData\Roaming\Microsoft\Windows\Start Menu\Programs\Python 3.10\IDLE (Python 3.10 64-bit).lnk
kept	-	auth-kept	program-files	Microsoft Edge	C:\Program Files (x86)\Microsoft\EdgeCore\152.0.4191.66\notification_helper.exe	C:\Program Files (x86)\Microsoft\EdgeCore\152.0.4191.66\notification_helper.exe
kept	-	auth-kept	program-files	Wish Application	D:\Program Files\Git\mingw64\bin\wish86.exe	D:\Program Files\Git\mingw64\bin\wish86.exe
kept	-	auth-kept	program-files	perl5.42.3	D:\Program Files\Git\usr\bin\perl5.42.3.exe	D:\Program Files\Git\usr\bin\perl5.42.3.exe
kept	-	auth-kept	program-files	chmod	D:\Program Files\Git\usr\bin\chmod.exe	D:\Program Files\Git\usr\bin\chmod.exe
kept	-	auth-kept	program-files	ln	D:\Program Files\Git\usr\bin\ln.exe	D:\Program Files\Git\usr\bin\ln.exe
kept	-	auth-kept	program-files	Internet Explorer ImpExp FF exporter	C:\Program Files\Internet Explorer\ExtExport.exe	C:\Program Files\Internet Explorer\ExtExport.exe
kept	-	auth-kept	start-menu	Git Bash	C:\Users\17822\miniconda3\python.exe	C:\Users\17822\AppData\Roaming\Microsoft\Windows\Start Menu\Programs\Anaconda3 (64-bit)\Git Bash.lnk
kept	-	auth-kept	program-files	Java(TM) Platform SE binary	C:\Program Files\Java\jdk-17\bin\jabswitch.exe	C:\Program Files\Java\jdk-17\bin\jabswitch.exe
filtered	2-excluded-name	auth-filtered	program-files	Azure Attestation Service Installer	C:\Program Files\Microsoft\AzureAttestService\AzureAttestServiceInstaller.exe	C:\Program Files\Microsoft\AzureAttestService\AzureAttestServiceInstaller.exe
kept	-	auth-kept	program-files	Copilot	C:\Program Files (x86)\Microsoft\EdgeCore\Optimized\copilotapp.exe	C:\Program Files (x86)\Microsoft\EdgeCore\Optimized\copilotapp.exe
filtered	2-excluded-name	auth-filtered	start-menu	Install drivers for Arduino (x64)	C:\Program Files (x86)\Labcenter Electronics\Proteus 8 Professional\Tools\ARDUINO\drivers\dpinst-amd64.exe	C:\ProgramData\Microsoft\Windows\Start Menu\Programs\Proteus 8 Professional\Hardware Drivers\Install drivers for Arduino (x64).lnk
kept	-	auth-kept	program-files	360断网急救箱	C:\Program Files (x86)\360\360safe\Netmon\360NetRepair.exe	C:\Program Files (x86)\360\360safe\Netmon\360NetRepair.exe
kept	-	auth-kept	program-files	360	C:\Program Files (x86)\360\360safe\safemon\QutmloadInstall.exe	C:\Program Files (x86)\360\360safe\safemon\QutmloadInstall.exe
kept	-	auth-kept	start-menu	Console	C:\Program Files\Tesseract-OCR\winpath.exe	C:\ProgramData\Microsoft\Windows\Start Menu\Programs\Tesseract-OCR\Console.lnk
kept	-	auth-kept	start-menu	米哈游启动器	D:\Program Files\miHoYo Launcher\launcher.exe	C:\Users\17822\AppData\Roaming\Microsoft\Windows\Start Menu\Programs\米哈游启动器\米哈游启动器.lnk
kept	-	auth-kept	program-files	ServerCenterDeskband	C:\Program Files (x86)\Timi Personal Computing\MiService\3.0.0.304\ServerCenterDeskband.exe	C:\Program Files (x86)\Timi Personal Computing\MiService\3.0.0.304\ServerCenterDeskband.exe
kept	-	auth-kept	program-files	VMware Authorization Service	C:\Program Files (x86)\VMware\VMware Workstation\vmware-authd.exe	C:\Program Files (x86)\VMware\VMware Workstation\vmware-authd.exe
kept	-	auth-kept	program-files	gpg	D:\Program Files\Git\usr\bin\gpg.exe	D:\Program Files\Git\usr\bin\gpg.exe
kept	-	auth-kept	program-files	pldd	D:\Program Files\Git\usr\bin\pldd.exe	D:\Program Files\Git\usr\bin\pldd.exe
kept	-	auth-kept	program-files	gpgme-json	C:\Program Files\Gpg4win\bin\gpgme-json.exe	C:\Program Files\Gpg4win\bin\gpgme-json.exe
kept	-	auth-kept	start-menu	Live2D Cubism Editor 4.1	D:\Program Files\Live2D Cubism 4.1\CubismEditor4.exe	C:\ProgramData\Microsoft\Windows\Start Menu\Programs\Live2D Cubism 4.1\Live2D Cubism Editor 4.1.lnk
kept	-	auth-kept	program-files	Firefox	C:\Program Files\Mozilla Firefox\private_browsing.exe	C:\Program Files\Mozilla Firefox\private_browsing.exe
filtered	2-excluded-name	auth-filtered	program-files	ASUS Update	C:\Program Files (x86)\ASUS\Update\1.3.107.159\AsusUpdateCore.exe	C:\Program Files (x86)\ASUS\Update\1.3.107.159\AsusUpdateCore.exe
kept	-	auth-kept	program-files	LUAC	C:\Program Files (x86)\Labcenter Electronics\Proteus 8 Professional\BIN\LUAC.EXE	C:\Program Files (x86)\Labcenter Electronics\Proteus 8 Professional\BIN\LUAC.EXE
kept	-	auth-kept	program-files	Python	C:\Program Files (x86)\Nmap\zenmap\bin\python.exe	C:\Program Files (x86)\Nmap\zenmap\bin\python.exe
kept	-	auth-kept	program-files	hostname	D:\Program Files\Git\usr\bin\hostname.exe	D:\Program Files\Git\usr\bin\hostname.exe
kept	-	auth-kept	start-menu	Qt Linguist	D:\Program Files\Cisco Packet Tracer 8.2.2\bin\linguist.exe	C:\ProgramData\Microsoft\Windows\Start Menu\Programs\Cisco Packet Tracer\Qt Linguist.lnk
filtered	2-excluded-name	auth-filtered	program-files	LanguagePackInstaller	C:\Program Files (x86)\Labcenter Electronics\Proteus 8 Professional\BIN\LanguagePackInstaller.exe	C:\Program Files (x86)\Labcenter Electronics\Proteus 8 Professional\BIN\LanguagePackInstaller.exe
kept	-	auth-kept	program-files	FileOperator	C:\Program Files\ASUS\ROG Live Service\FileOperator.exe	C:\Program Files\ASUS\ROG Live Service\FileOperator.exe
kept	-	auth-kept	program-files	PresentMon	C:\Program Files\NVIDIA Corporation\FrameViewSDK\bin\PresentMon_x64.exe	C:\Program Files\NVIDIA Corporation\FrameViewSDK\bin\PresentMon_x64.exe
kept	-	auth-kept	program-files	360安全卫士 安全防护中心模块	C:\Program Files (x86)\360\360safe\safemon\360realpro.exe	C:\Program Files (x86)\360\360safe\safemon\360realpro.exe
kept	-	auth-kept	program-files	GlideX Service Agent	C:\Program Files\ASUS\GlideX\GlideXServiceAgent.exe	C:\Program Files\ASUS\GlideX\GlideXServiceAgent.exe
kept	-	auth-kept	program-files	OneNote Capture	C:\Program Files\Microsoft Office\root\Office16\onenotecapture.exe	C:\Program Files\Microsoft Office\root\Office16\onenotecapture.exe
filtered	2-excluded-name	auth-filtered	program-files	Uninstall	C:\Program Files\Tencent\QQNT\Uninstall.exe	C:\Program Files\Tencent\QQNT\Uninstall.exe
kept	-	auth-kept	program-files	BlizzardError (x64)	C:\Program Files (x86)\Battle.net\Battle.net.17620\bdk\BlizzardError.exe	C:\Program Files (x86)\Battle.net\Battle.net.17620\bdk\BlizzardError.exe
filtered	5-system-tool	auth-filtered	start-menu	Hyper-V 管理器提供你管理虚拟化平台的访问权限。	C:\WINDOWS\System32\mmc.exe	C:\ProgramData\Microsoft\Windows\Start Menu\Programs\Administrative Tools\Hyper-V Manager.lnk
filtered	5-system-tool	auth-filtered	program-files	Windows Defender Advanced Threat Protection Sense IR module	C:\Program Files\Windows Defender Advanced Threat Protection\SenseIR.exe	C:\Program Files\Windows Defender Advanced Threat Protection\SenseIR.exe
kept	-	auth-kept	program-files	Microsoft Edge	C:\Program Files (x86)\Microsoft\EdgeCore\153.0.4234.32\cookie_exporter.exe	C:\Program Files (x86)\Microsoft\EdgeCore\153.0.4234.32\cookie_exporter.exe
kept	-	auth-kept	program-files	Java(TM) Platform SE binary	C:\Program Files\Java\jdk-17\bin\jmod.exe	C:\Program Files\Java\jdk-17\bin\jmod.exe
kept	-	auth-kept	program-files	touch	D:\Program Files\Git\usr\bin\touch.exe	D:\Program Files\Git\usr\bin\touch.exe
kept	-	auth-kept	program-files	sexp-conv	D:\Program Files\Git\mingw64\bin\sexp-conv.exe	D:\Program Files\Git\mingw64\bin\sexp-conv.exe
kept	-	auth-kept	program-files	UNINST	C:\Program Files\Canon\Canon IJ Printer Assistant Tool\uninst.exe	C:\Program Files\Canon\Canon IJ Printer Assistant Tool\uninst.exe
kept	-	auth-kept	program-files	gpg-error	C:\Program Files\Gpg4win\bin\gpg-error.exe	C:\Program Files\Gpg4win\bin\gpg-error.exe
kept	-	auth-kept	program-files	crashpad_handler	D:\Program Files\Tencent\Weixin\4.1.13.65\crashpad_handler.exe	D:\Program Files\Tencent\Weixin\4.1.13.65\crashpad_handler.exe
kept	-	auth-kept	program-files	鹰角启动器	C:\Program Files\Hypergryph Launcher\Launcher.exe	C:\Program Files\Hypergryph Launcher\Launcher.exe
kept	-	auth-kept	program-files	WiX Toolset Bootstrapper	C:\Program Files (x86)\WiX Toolset v3.11\bin\x86\burn.exe	C:\Program Files (x86)\WiX Toolset v3.11\bin\x86\burn.exe
filtered	2-excluded-name	auth-filtered	program-files	Manages coordination of Microsoft Office products and their related installs and updates	C:\Program Files\Common Files\microsoft shared\ClickToRun\officesvcmgr.exe	C:\Program Files\Common Files\microsoft shared\ClickToRun\officesvcmgr.exe
kept	-	auth-kept	program-files	desktop-launcher	C:\Program Files\Mozilla Firefox\desktop-launcher\desktop-launcher.exe	C:\Program Files\Mozilla Firefox\desktop-launcher\desktop-launcher.exe
kept	-	auth-kept	program-files	b2sum	D:\Program Files\Git\usr\bin\b2sum.exe	D:\Program Files\Git\usr\bin\b2sum.exe
kept	-	auth-kept	program-files	PuTTY SSH authentication agent	D:\Program Files\PuTTY\pageant.exe	D:\Program Files\PuTTY\pageant.exe
kept	-	auth-kept	program-files	Randpkt	D:\Program Files\Wireshark\randpkt.exe	D:\Program Files\Wireshark\randpkt.exe
filtered	2-excluded-name	auth-filtered	start-menu	SQL Server 2022 数据质量服务器安装程序	C:\Program Files\Microsoft SQL Server\MSSQL16.SQLSEVER\MSSQL\Binn\DQSInstaller.exe	C:\ProgramData\Microsoft\Windows\Start Menu\Programs\Microsoft SQL Server 2022\Data Quality Services\SQL Server 2022 数据质量服务器安装程序.lnk
filtered	5-system-tool	auth-filtered	start-menu	创建恢复驱动器	C:\WINDOWS\system32\RecoveryDrive.exe	C:\ProgramData\Microsoft\Windows\Start Menu\Programs\Administrative Tools\RecoveryDrive.lnk
kept	-	auth-kept	program-files	sha1sum	C:\Program Files\Gpg4win\bin\sha1sum.exe	C:\Program Files\Gpg4win\bin\sha1sum.exe
kept	-	auth-kept	program-files	IISExpressAdminCmd	C:\Program Files\IIS Express\IisExpressAdminCmd.exe	C:\Program Files\IIS Express\IisExpressAdminCmd.exe
kept	-	auth-kept	program-files	combine_lang_model	C:\Program Files\Tesseract-OCR\combine_lang_model.exe	C:\Program Files\Tesseract-OCR\combine_lang_model.exe
kept	-	auth-kept	program-files	gpgconf	D:\Program Files\Git\usr\bin\gpgconf.exe	D:\Program Files\Git\usr\bin\gpgconf.exe
kept	-	auth-kept	program-files	Command-line SCP/SFTP client	D:\Program Files\PuTTY\pscp.exe	D:\Program Files\PuTTY\pscp.exe
kept	-	auth-kept	program-files	图像处理设备控制面板	C:\Program Files (x86)\Windows Photo Viewer\ImagingDevices.exe	C:\Program Files (x86)\Windows Photo Viewer\ImagingDevices.exe
kept	-	auth-kept	start-menu	IJ Printer Assistant Tool	C:\Program Files\Canon\Canon IJ Printer Assistant Tool\cnmpaui.exe	C:\ProgramData\Microsoft\Windows\Start Menu\Programs\Canon Utilities\IJ Printer Assistant Tool\IJ Printer Assistant Tool.lnk
kept	-	auth-kept	program-files	Java(TM) Platform SE binary	C:\Program Files\Java\jdk-17\bin\jrunscript.exe	C:\Program Files\Java\jdk-17\bin\jrunscript.exe
kept	-	auth-kept	program-files	gpgsplit	D:\Program Files\Git\usr\bin\gpgsplit.exe	D:\Program Files\Git\usr\bin\gpgsplit.exe
filtered	2-excluded-name	auth-filtered	program-files	RLSInstallAction	C:\Program Files (x86)\ASUS\ASUS\ROG Live Service\RLSInstallAction.exe	C:\Program Files (x86)\ASUS\ASUS\ROG Live Service\RLSInstallAction.exe
filtered	5-system-tool	auth-filtered	program-files	Windows Defender Advanced Threat Protection Security Configuration Module	C:\Program Files\Windows Defender Advanced Threat Protection\SenseCM.exe	C:\Program Files\Windows Defender Advanced Threat Protection\SenseCM.exe
kept	-	auth-kept	program-files	Okular - GnuPG Edition	C:\Program Files\Gpg4win\bin\okular.exe	C:\Program Files\Gpg4win\bin\okular.exe
kept	-	auth-kept	program-files	pandoc	C:\Program Files (x86)\Pandoc\pandoc.exe	C:\Program Files (x86)\Pandoc\pandoc.exe
filtered	2-excluded-name	auth-filtered	program-files	LayerManager Support	C:\Program Files (x86)\ASUS\ASUS\AURA lighting effect add-on x64\LM_Support.exe	C:\Program Files (x86)\ASUS\ASUS\AURA lighting effect add-on x64\LM_Support.exe
filtered	5-system-tool	auth-filtered	program-files	Antimalware Service Executable	C:\Program Files\Windows Defender\MsMpEng.exe	C:\Program Files\Windows Defender\MsMpEng.exe
filtered	2-excluded-name	auth-filtered	program-files	Asus ROG software product installation verifier.	C:\Program Files (x86)\ASUS\ASUS\Aac_NBDT\AsusInstallVerifier.exe	C:\Program Files (x86)\ASUS\ASUS\Aac_NBDT\AsusInstallVerifier.exe
kept	-	auth-kept	program-files	7-Zip Console	D:\Program Files\Genshin Impact\7z.exe	D:\Program Files\Genshin Impact\7z.exe
kept	-	auth-kept	program-files	Windows 媒体播放器启动程序	C:\Program Files (x86)\Windows Media Player\wmlaunch.exe	C:\Program Files (x86)\Windows Media Player\wmlaunch.exe
kept	-	auth-kept	program-files	frcode	D:\Program Files\Git\usr\libexec\frcode.exe	D:\Program Files\Git\usr\libexec\frcode.exe
kept	-	auth-kept	start-menu	NVIDIA App	C:\Program Files\NVIDIA Corporation\NVIDIA app\CEF\NVIDIA App.exe	C:\ProgramData\Microsoft\Windows\Start Menu\Programs\NVIDIA Corporation\NVIDIA App.lnk
kept	-	auth-kept	program-files	MyProg	C:\Program Files\Inno Setup 7\Examples\MyProg.exe	C:\Program Files\Inno Setup 7\Examples\MyProg.exe
kept	-	auth-kept	program-files	gpgolkeyadder	C:\Program Files\Gpg4win\bin\gpgolkeyadder.exe	C:\Program Files\Gpg4win\bin\gpgolkeyadder.exe
kept	-	auth-kept	program-files	Inspect VHD Dialog	C:\Program Files\Hyper-V\InspectVhdDialog.exe	C:\Program Files\Hyper-V\InspectVhdDialog.exe
kept	-	auth-kept	program-files	WiX Toolset Validator	C:\Program Files (x86)\WiX Toolset v3.11\bin\smoke.exe	C:\Program Files (x86)\WiX Toolset v3.11\bin\smoke.exe
kept	-	auth-kept	program-files	dd	D:\Program Files\Git\usr\bin\dd.exe	D:\Program Files\Git\usr\bin\dd.exe
filtered	2-excluded-name	auth-filtered	program-files	7-Zip Uninstaller ZS	C:\Program Files\7-Zip-Zstandard\Uninstall.exe	C:\Program Files\7-Zip-Zstandard\Uninstall.exe
kept	-	auth-kept	program-files	CubismViewer4	D:\Program Files\Live2D Cubism 4.1\CubismViewer4.exe	D:\Program Files\Live2D Cubism 4.1\CubismViewer4.exe
kept	-	auth-kept	program-files	An vm application	C:\Users\17822\AppData\Local\Programs\vm\Uninstall vm.exe	C:\Users\17822\AppData\Local\Programs\vm\Uninstall vm.exe
kept	-	auth-kept	program-files	米哈游启动器	D:\Program Files\miHoYo Launcher\uninstall.exe	D:\Program Files\miHoYo Launcher\uninstall.exe
kept	-	auth-kept	start-menu	Live2D Cubism Viewer 4.1	D:\Program Files\Live2D Cubism 4.1\CubismViewer4.exe	C:\ProgramData\Microsoft\Windows\Start Menu\Programs\Live2D Cubism 4.1\Live2D Cubism Viewer 4.1.lnk
kept	-	auth-kept	program-files	gpgv	D:\Program Files\Git\usr\bin\gpgv.exe	D:\Program Files\Git\usr\bin\gpgv.exe
kept	-	auth-kept	program-files	md5sum	D:\Program Files\Git\usr\bin\md5sum.exe	D:\Program Files\Git\usr\bin\md5sum.exe
kept	-	auth-kept	program-files	catalina	C:\Program Files\Apache Software Foundation\Tomcat 11.0\bin\catalina.bat	C:\Program Files\Apache Software Foundation\Tomcat 11.0\bin\catalina.bat
kept	-	auth-kept	program-files	true	D:\Program Files\Git\usr\bin\true.exe	D:\Program Files\Git\usr\bin\true.exe
kept	-	auth-kept	program-files	buddycn	C:\Users\17822\AppData\Local\Programs\CodeBuddy CN\bin\buddycn.cmd	C:\Users\17822\AppData\Local\Programs\CodeBuddy CN\bin\buddycn.cmd
kept	-	auth-kept	program-files	sort	D:\Program Files\Git\usr\bin\sort.exe	D:\Program Files\Git\usr\bin\sort.exe
filtered	2-excluded-name	auth-filtered	program-files	ASUS Device Helper Setup Tool	C:\Program Files\ASUS\ASUS Device Helper\Setup_tool.exe	C:\Program Files\ASUS\ASUS Device Helper\Setup_tool.exe
filtered	2-excluded-name	auth-filtered	program-files	!Uninstall iSlideTools	C:\Program Files (x86)\iSlide Tools\!Uninstall iSlideTools.bat	C:\Program Files (x86)\iSlide Tools\!Uninstall iSlideTools.bat
filtered	2-excluded-name	auth-filtered	start-menu	View the Python 3.14 documentation.	C:\Users\17822\AppData\Local\Programs\Python\Python314\Doc\html\index.html	C:\Users\17822\AppData\Roaming\Microsoft\Windows\Start Menu\Programs\Python 3.14\Python 3.14 Manuals (64-bit).lnk
filtered	2-excluded-name	auth-filtered	program-files	Mascot Setup	C:\Program Files\ASUS\Virtual Pet\Setup.exe	C:\Program Files\ASUS\Virtual Pet\Setup.exe
kept	-	auth-kept	program-files	SsmsMin	C:\Program Files (x86)\Microsoft SQL Server Management Studio 20\Common7\IDE\SsmsMin.exe	C:\Program Files (x86)\Microsoft SQL Server Management Studio 20\Common7\IDE\SsmsMin.exe
kept	-	auth-kept	program-files	Packet Tracer Executable	D:\Program Files\Cisco Packet Tracer 8.2.2\bin\PacketTracer.exe	D:\Program Files\Cisco Packet Tracer 8.2.2\bin\PacketTracer.exe
filtered	2-excluded-name	auth-filtered	start-menu	卸载异环	D:\Neverness To Everness\uninst.exe	C:\ProgramData\Microsoft\Windows\Start Menu\Programs\异环\卸载异环.lnk
kept	-	auth-kept	program-files	Microsoft Application Virtualization Client Shell Notifier	C:\Program Files\Common Files\microsoft shared\ClickToRun\AppVShNotify.exe	C:\Program Files\Common Files\microsoft shared\ClickToRun\AppVShNotify.exe
kept	-	auth-kept	program-files	ssh-keyscan	D:\Program Files\Git\usr\bin\ssh-keyscan.exe	D:\Program Files\Git\usr\bin\ssh-keyscan.exe
kept	-	auth-kept	program-files	MD5校验工具	C:\Program Files (x86)\360\360zip\360FileChecker.exe	C:\Program Files (x86)\360\360zip\360FileChecker.exe
kept	-	auth-kept	program-files	Python	C:\Users\17822\AppData\Local\Programs\Python\Python314\pythonw.exe	C:\Users\17822\AppData\Local\Programs\Python\Python314\pythonw.exe
kept	-	auth-kept	start-menu	Hyper-V 快速创建可用于从一个特选的虚拟机图像库中快速创建虚拟机。	C:\Program Files\Hyper-V\VMCreate.exe	C:\ProgramData\Microsoft\Windows\Start Menu\Programs\Administrative Tools\VMCreate.lnk
kept	-	auth-kept	program-files	AsIO3 Driver	C:\Program Files (x86)\ASUS\AsusCertService\1.3.2\AsusCertService.exe	C:\Program Files (x86)\ASUS\AsusCertService\1.3.2\AsusCertService.exe
filtered	2-excluded-name	auth-filtered	program-files	autostart-helper	C:\Program Files (x86)\VMware\VMware Workstation\autostart-helper.exe	C:\Program Files (x86)\VMware\VMware Workstation\autostart-helper.exe
kept	-	auth-kept	program-files	VMware VMnet DHCP service	C:\Program Files (x86)\VMware\VMware Workstation\VMnetDHCP.exe	C:\Program Files (x86)\VMware\VMware Workstation\VMnetDHCP.exe
kept	-	auth-kept	program-files	Canon IJ Scan Utility MAPI	C:\Program Files (x86)\Canon\IJ Scan Utility\MAPI.exe	C:\Program Files (x86)\Canon\IJ Scan Utility\MAPI.exe
kept	-	auth-kept	program-files	PWA Identity Proxy Host	C:\Program Files (x86)\Microsoft\EdgeCore\153.0.4234.32\identity_helper.exe	C:\Program Files (x86)\Microsoft\EdgeCore\153.0.4234.32\identity_helper.exe
kept	-	auth-kept	program-files	360安全卫士 系统修复图标扫描模块	C:\Program Files (x86)\360\360zip\360DeskAna.exe	C:\Program Files (x86)\360\360zip\360DeskAna.exe
kept	-	auth-kept	program-files	brotli	D:\Program Files\Git\mingw64\bin\brotli.exe	D:\Program Files\Git\mingw64\bin\brotli.exe
kept	-	auth-kept	program-files	docker-pass	C:\Program Files\Docker\cli-plugins\docker-pass.exe	C:\Program Files\Docker\cli-plugins\docker-pass.exe
kept	-	auth-kept	program-files	view	D:\Program Files\Git\usr\bin\view.exe	D:\Program Files\Git\usr\bin\view.exe
filtered	4-not-executable-target	auth-filtered	start-menu	Sample desktop apps	C:\Program Files (x86)\Windows Kits\10\Shortcuts\DesktopAppsSamples.url	C:\ProgramData\Microsoft\Windows\Start Menu\Programs\Windows Kits\Windows Software Development Kit\Sample Desktop Apps.lnk
kept	-	auth-kept	program-files	Canon IJ Scan Utility SETEVENT	C:\Program Files (x86)\Canon\IJ Scan Utility\SETEVENT.exe	C:\Program Files (x86)\Canon\IJ Scan Utility\SETEVENT.exe
kept	-	auth-kept	program-files	Captype	D:\Program Files\Wireshark\captype.exe	D:\Program Files\Wireshark\captype.exe
kept	-	auth-kept	program-files	dirname	D:\Program Files\Git\usr\bin\dirname.exe	D:\Program Files\Git\usr\bin\dirname.exe
kept	-	auth-kept	program-files	Proteus 8 Application Framework	C:\Program Files (x86)\Labcenter Electronics\Proteus 8 Professional\BIN\PDS.EXE	C:\Program Files (x86)\Labcenter Electronics\Proteus 8 Professional\BIN\PDS.EXE
filtered	4-not-executable-target	auth-filtered	start-menu	FAQ	C:\ProgramData\Microsoft\Windows\Start Menu\Programs\Tesseract-OCR\FAQ.lnk	C:\ProgramData\Microsoft\Windows\Start Menu\Programs\Tesseract-OCR\FAQ.lnk
kept	-	auth-kept	program-files	GlideX Wireless Service	C:\Program Files\ASUS\GlideX\GlideXNear\GlideXWirelessService.exe	C:\Program Files\ASUS\GlideX\GlideXNear\GlideXWirelessService.exe
kept	-	auth-kept	program-files	Microsoft Edge PWA Launcher	C:\Program Files (x86)\Microsoft\EdgeCore\Optimized\msedge_pwa_launcher.exe	C:\Program Files (x86)\Microsoft\EdgeCore\Optimized\msedge_pwa_launcher.exe
kept	-	auth-kept	start-menu	Ollama	C:\Users\17822\AppData\Local\Programs\Ollama\ollama app.exe	C:\Users\17822\AppData\Roaming\Microsoft\Windows\Start Menu\Programs\Ollama\Ollama.lnk
kept	-	auth-kept	start-menu	迅雷	D:\Program Files (x86)\Thunder Network\Thunder\Program\ThunderStart.exe	C:\Users\17822\AppData\Roaming\Microsoft\Windows\Start Menu\Programs\迅雷软件\迅雷\迅雷.lnk
kept	-	auth-kept	program-files	VirtualBox Balloon Control Tool	C:\Program Files\ldplayer9box\VBoxBalloonCtrl.exe	C:\Program Files\ldplayer9box\VBoxBalloonCtrl.exe
kept	-	auth-kept	program-files	截屏工具	C:\Program Files (x86)\360\360safe\Utils\360ScreenCapture.exe	C:\Program Files (x86)\360\360safe\Utils\360ScreenCapture.exe
kept	-	auth-kept	program-files	Microsoft Edge	C:\Program Files (x86)\Microsoft\EdgeCore\152.0.4191.66\elevated_tracing_service.exe	C:\Program Files (x86)\Microsoft\EdgeCore\152.0.4191.66\elevated_tracing_service.exe
filtered	5-system-tool	auth-filtered	start-menu	配置为 Windows 计算机提供增强网络安全的策略。	C:\WINDOWS\system32\WF.msc	C:\ProgramData\Microsoft\Windows\Start Menu\Programs\Administrative Tools\Windows Defender Firewall with Advanced Security.lnk
kept	-	auth-kept	program-files	360安全卫士 隔离沙箱模块	C:\Program Files (x86)\360\360safe\ipc\360boxmain.exe	C:\Program Files (x86)\360\360safe\ipc\360boxmain.exe
kept	-	auth-kept	program-files	GnuPG’s private key daemon	C:\Program Files\GnuPG\bin\gpg-agent.exe	C:\Program Files\GnuPG\bin\gpg-agent.exe
filtered	2-excluded-name	auth-filtered	program-files	帮助与反馈	C:\Program Files (x86)\360\360safe\Utils\360Feedback.exe	C:\Program Files (x86)\360\360safe\Utils\360Feedback.exe
filtered	5-system-tool	auth-filtered	start-menu	显示屏幕键盘，它可以用鼠标或者切换输入设备来控制。	C:\WINDOWS\system32\osk.exe	C:\Users\17822\AppData\Roaming\Microsoft\Windows\Start Menu\Programs\Accessibility\On-Screen Keyboard.lnk
kept	-	auth-kept	program-files	Microsoft Lync	C:\Program Files\Microsoft Office\root\Office16\lynchtmlconv.exe	C:\Program Files\Microsoft Office\root\Office16\lynchtmlconv.exe
kept	-	auth-kept	start-menu	PSFTP	D:\Program Files\PuTTY\psftp.exe	C:\ProgramData\Microsoft\Windows\Start Menu\Programs\PuTTY (64-bit)\PSFTP.lnk
filtered	2-excluded-name	auth-filtered	program-files	ArmouryCrate.Uninstaller	C:\Program Files\ASUS\ARMOURY CRATE Service\ArmouryCrate.Uninstaller.exe	C:\Program Files\ASUS\ARMOURY CRATE Service\ArmouryCrate.Uninstaller.exe
kept	-	auth-kept	program-files	vnetsniffer application	C:\Program Files (x86)\VMware\VMware Workstation\vnetsniffer.exe	C:\Program Files (x86)\VMware\VMware Workstation\vnetsniffer.exe
kept	-	auth-kept	start-menu	个人空间盘	C:\Program Files (x86)\ASUS\PersonalStorage\PersonalStorage.Shell.exe	C:\ProgramData\Microsoft\Windows\Start Menu\Programs\个人空间盘.lnk
kept	-	auth-kept	program-files	chattr	D:\Program Files\Git\usr\bin\chattr.exe	D:\Program Files\Git\usr\bin\chattr.exe
filtered	2-excluded-name	auth-filtered	program-files	360安全卫士在线安装程序	C:\Program Files (x86)\360\360zip\360zipInst.exe	C:\Program Files (x86)\360\360zip\360zipInst.exe
kept	-	auth-kept	program-files	dash	D:\Program Files\Git\usr\bin\dash.exe	D:\Program Files\Git\usr\bin\dash.exe
kept	-	auth-kept	program-files	ASUS ScreenXpert	C:\Program Files\ASUS\AsusScreenXpert\AsusScreenXpertUserUI.exe	C:\Program Files\ASUS\AsusScreenXpert\AsusScreenXpertUserUI.exe
kept	-	auth-kept	program-files	GnuPG: The GNU Privacy Guard for Windows	C:\Program Files\GnuPG\gnupg-uninstall.exe	C:\Program Files\GnuPG\gnupg-uninstall.exe
kept	-	auth-kept	program-files	VMware Workstation VMX	C:\Program Files (x86)\VMware\VMware Workstation\x64\vmware-vmx-debug.exe	C:\Program Files (x86)\VMware\VMware Workstation\x64\vmware-vmx-debug.exe
kept	-	auth-kept	program-files	Java(TM) Platform SE binary	C:\Program Files\Java\jdk-24\bin\javaw.exe	C:\Program Files\Java\jdk-24\bin\javaw.exe
filtered	5-system-tool	auth-filtered	start-menu	Windows 工具	C:\WINDOWS\system32\control.exe	C:\Users\17822\AppData\Roaming\Microsoft\Windows\Start Menu\Programs\Administrative Tools.lnk
kept	-	auth-kept	program-files	pinentry-w32	C:\Program Files\Gpg4win\bin\pinentry-w32.exe	C:\Program Files\Gpg4win\bin\pinentry-w32.exe
kept	-	auth-kept	program-files	cksum	D:\Program Files\Git\usr\bin\cksum.exe	D:\Program Files\Git\usr\bin\cksum.exe
kept	-	auth-kept	program-files	Tuanjie.Licensing.Client	D:\Program Files\Tuanjie Hub\TuanjieLicensingClient_V1\Tuanjie.Licensing.Client.exe	D:\Program Files\Tuanjie Hub\TuanjieLicensingClient_V1\Tuanjie.Licensing.Client.exe
kept	-	auth-kept	program-files	Docker Desktop Launcher	C:\Program Files\Docker\Docker\Docker Desktop.exe	C:\Program Files\Docker\Docker\Docker Desktop.exe
filtered	2-excluded-name	auth-filtered	program-files	!Install iSlideTools as Admin	C:\Program Files (x86)\iSlide Tools\!Install iSlideTools as Admin.bat	C:\Program Files (x86)\iSlide Tools\!Install iSlideTools as Admin.bat
kept	-	auth-kept	program-files	unix2mac	D:\Program Files\Git\usr\bin\unix2mac.exe	D:\Program Files\Git\usr\bin\unix2mac.exe
filtered	2-excluded-name	auth-filtered	program-files	VSCode Inno Updater	C:\Users\17822\AppData\Local\Programs\Microsoft VS Code\88e44fa0e0\tools\inno_updater.exe	C:\Users\17822\AppData\Local\Programs\Microsoft VS Code\88e44fa0e0\tools\inno_updater.exe
kept	-	auth-kept	program-files	原神	D:\Program Files\Genshin Impact bilibili\uninstall.exe	D:\Program Files\Genshin Impact bilibili\uninstall.exe
filtered	2-excluded-name	auth-filtered	program-files	NetAdpInstall	C:\Program Files\ldplayer9box\NetAdpInstall.exe	C:\Program Files\ldplayer9box\NetAdpInstall.exe
kept	-	auth-kept	program-files	mkfifo	D:\Program Files\Git\usr\bin\mkfifo.exe	D:\Program Files\Git\usr\bin\mkfifo.exe
kept	-	auth-kept	program-files	winpty	D:\Program Files\Git\usr\bin\winpty.exe	D:\Program Files\Git\usr\bin\winpty.exe
kept	-	auth-kept	program-files	Microsoft Visual Studio Tools for Applications 2.0	C:\Program Files (x86)\Microsoft Visual Studio 9.0\Common7\IDE\vsta.exe	C:\Program Files (x86)\Microsoft Visual Studio 9.0\Common7\IDE\vsta.exe
filtered	4-not-executable-target	auth-filtered	start-menu	360压缩官网	C:\Program Files (x86)\360\360zip\360压缩官网.url	C:\ProgramData\Microsoft\Windows\Start Menu\Programs\360压缩\360压缩官网.lnk
kept	-	auth-kept	program-files	Windows Contacts	C:\Program Files (x86)\Windows Mail\wab.exe	C:\Program Files (x86)\Windows Mail\wab.exe
kept	-	auth-kept	program-files	ssh-add	D:\Program Files\Git\usr\bin\ssh-add.exe	D:\Program Files\Git\usr\bin\ssh-add.exe
kept	-	auth-kept	program-files	VirtualBox DHCP Server	C:\Program Files\AndrowsBox\VBoxNetDHCP.exe	C:\Program Files\AndrowsBox\VBoxNetDHCP.exe
kept	-	auth-kept	program-files	WiX Toolset Patch Builder	C:\Program Files (x86)\WiX Toolset v3.11\bin\pyro.exe	C:\Program Files (x86)\WiX Toolset v3.11\bin\pyro.exe
filtered	2-excluded-name	auth-filtered	start-menu	ARES Layout Help	C:\Program Files (x86)\Labcenter Electronics\Proteus 8 Professional\HELP\ARES.chm	C:\ProgramData\Microsoft\Windows\Start Menu\Programs\Proteus 8 Professional\ARES Layout Help.lnk
filtered	4-not-executable-target	auth-filtered	program-files	Live2D Cubism	http://link.live2d.com/product4_zh	D:\Program Files\Live2D Cubism 4.1\Live2D Cubism.url
kept	-	auth-kept	program-files	Windows Media Player Rich Preview Handler	C:\Program Files (x86)\Windows Media Player\wmprph.exe	C:\Program Files (x86)\Windows Media Player\wmprph.exe
kept	-	auth-kept	program-files	7-Zip GUI	C:\Program Files\Hypergryph Launcher\1.4.0\7zg.exe	C:\Program Files\Hypergryph Launcher\1.4.0\7zg.exe
kept	-	auth-kept	program-files	Organization Chart Wizard command line exe	C:\Program Files\Microsoft Office\root\Office16\ORGWIZ.EXE	C:\Program Files\Microsoft Office\root\Office16\ORGWIZ.EXE
kept	-	auth-kept	program-files	360安全卫士 系统修复图标扫描模块	C:\Program Files (x86)\360\360safe\360DeskAna64.exe	C:\Program Files (x86)\360\360safe\360DeskAna64.exe
kept	-	auth-kept	program-files	link	D:\Program Files\Git\usr\bin\link.exe	D:\Program Files\Git\usr\bin\link.exe
kept	-	auth-kept	program-files	Windows Subsystem for Linux Settings	C:\Program Files\WSL\wslsettings\wslsettings.exe	C:\Program Files\WSL\wslsettings\wslsettings.exe
filtered	2-excluded-name	auth-filtered	start-menu	Firefox 隐私浏览	C:\Program Files\Mozilla Firefox\private_browsing.exe	C:\ProgramData\Microsoft\Windows\Start Menu\Programs\Firefox 隐私浏览.lnk
filtered	4-not-executable-target	auth-filtered	start-menu	BSide Olivia Lin	steam://rungameid/4532590	C:\Users\17822\AppData\Roaming\Microsoft\Windows\Start Menu\Programs\Steam\BSide Olivia Lin.url
filtered	2-excluded-name	auth-filtered	program-files	迅游更新	C:\Program Files (x86)\yxq_nethelper\update.exe	C:\Program Files (x86)\yxq_nethelper\update.exe
kept	-	auth-kept	program-files	ftfy	C:\Users\17822\AppData\Local\Programs\Python\Python310\Scripts\ftfy.exe	C:\Users\17822\AppData\Local\Programs\Python\Python310\Scripts\ftfy.exe
filtered	2-excluded-name	auth-filtered	program-files	ASUS Update	C:\Program Files (x86)\ASUS\Update\AsusUpdate.exe	C:\Program Files (x86)\ASUS\Update\AsusUpdate.exe
kept	-	auth-kept	program-files	360安全卫士 网盾	C:\Program Files (x86)\360\360safe\safemon\WDPayPro.exe	C:\Program Files (x86)\360\360safe\safemon\WDPayPro.exe
kept	-	auth-kept	program-files	原神	D:\Program Files\Genshin Impact bilibili\1.18.0.380\HYPWorker.exe	D:\Program Files\Genshin Impact bilibili\1.18.0.380\HYPWorker.exe
filtered	2-excluded-name	auth-filtered	program-files	USBUninstall	C:\Program Files\ldplayer9box\USBUninstall.exe	C:\Program Files\ldplayer9box\USBUninstall.exe
kept	-	auth-kept	program-files	profiler	C:\Program Files\Android\Android Studio\bin\profiler.bat	C:\Program Files\Android\Android Studio\bin\profiler.bat
filtered	2-excluded-name	auth-filtered	program-files	LogHelper	C:\Program Files\ASUS\ARMOURY CRATE Service\UserExperienceImprovement\LogHelper.exe	C:\Program Files\ASUS\ARMOURY CRATE Service\UserExperienceImprovement\LogHelper.exe
kept	-	auth-kept	program-files	Cinema 4D Team Render Server	C:\Program Files\Maxon Cinema 4D 2024\Cinema 4D Team Render Server.exe	C:\Program Files\Maxon Cinema 4D 2024\Cinema 4D Team Render Server.exe
kept	-	auth-kept	program-files	SQL External minidumper	C:\Program Files (x86)\Microsoft SQL Server\160\Shared\SqlDumper.exe	C:\Program Files (x86)\Microsoft SQL Server\160\Shared\SqlDumper.exe
filtered	2-excluded-name	auth-filtered	program-files	Google Updater (x64)	C:\Program Files (x86)\Google\GoogleUpdater\152.0.7933.0\updater.exe	C:\Program Files (x86)\Google\GoogleUpdater\152.0.7933.0\updater.exe
kept	-	auth-kept	program-files	diff3	D:\Program Files\Git\usr\bin\diff3.exe	D:\Program Files\Git\usr\bin\diff3.exe
kept	-	auth-kept	program-files	scp	D:\Program Files\Git\usr\bin\scp.exe	D:\Program Files\Git\usr\bin\scp.exe
kept	-	auth-kept	program-files	uvicorn	C:\Users\17822\AppData\Local\Programs\Python\Python310\Scripts\uvicorn.exe	C:\Users\17822\AppData\Local\Programs\Python\Python310\Scripts\uvicorn.exe
kept	-	auth-kept	program-files	lstmtraining	C:\Program Files\Tesseract-OCR\lstmtraining.exe	C:\Program Files\Tesseract-OCR\lstmtraining.exe
kept	-	auth-kept	program-files	cp	D:\Program Files\Git\usr\bin\cp.exe	D:\Program Files\Git\usr\bin\cp.exe
kept	-	auth-kept	program-files	rebase	D:\Program Files\Git\usr\bin\rebase.exe	D:\Program Files\Git\usr\bin\rebase.exe
kept	-	auth-kept	program-files	sha384sum	D:\Program Files\Git\usr\bin\sha384sum.exe	D:\Program Files\Git\usr\bin\sha384sum.exe
kept	-	auth-kept	program-files	PROFILER Application	C:\Program Files (x86)\Microsoft SQL Server Management Studio 20\Common7\PROFILER.EXE	C:\Program Files (x86)\Microsoft SQL Server Management Studio 20\Common7\PROFILER.EXE
kept	-	auth-kept	program-files	groups	D:\Program Files\Git\usr\bin\groups.exe	D:\Program Files\Git\usr\bin\groups.exe
kept	-	auth-kept	program-files	docker-desktop	C:\Program Files\Docker\cli-plugins\docker-desktop.exe	C:\Program Files\Docker\cli-plugins\docker-desktop.exe
filtered	2-excluded-name	auth-filtered	program-files	Visual Studio Setup Layout Tool	C:\Program Files (x86)\Microsoft Visual Studio\Installer\vs_layout.exe	C:\Program Files (x86)\Microsoft Visual Studio\Installer\vs_layout.exe
kept	-	auth-kept	program-files	Outlook Conflict Note	C:\Program Files\Microsoft Office\root\Office16\CNFNOT32.EXE	C:\Program Files\Microsoft Office\root\Office16\CNFNOT32.EXE
kept	-	auth-kept	program-files	Java(TM) Platform SE binary	C:\Program Files\Java\jdk-17\bin\kinit.exe	C:\Program Files\Java\jdk-17\bin\kinit.exe
filtered	2-excluded-name	auth-filtered	start-menu	Cisco Packet Tracer Help	D:\Program Files\Cisco Packet Tracer 8.2.2\help\default\index.htm	C:\ProgramData\Microsoft\Windows\Start Menu\Programs\Cisco Packet Tracer\Cisco Packet Tracer Help.lnk
filtered	4-not-executable-target	auth-filtered	start-menu	意见反馈	D:\Program Files (x86)\SogouInput\16.8.0.5194\Sogou Feedback.url	C:\ProgramData\Microsoft\Windows\Start Menu\Programs\搜狗输入法\链接\意见反馈.lnk
kept	-	auth-kept	program-files	SQL Server Replication QueueReader Agent	C:\Program Files\Microsoft SQL Server\160\COM\qrdrsvc.exe	C:\Program Files\Microsoft SQL Server\160\COM\qrdrsvc.exe
filtered	5-system-tool	auth-filtered	program-files	Windows 媒体播放器网络共享服务配置应用程序	C:\Program Files\Windows Media Player\wmpnscfg.exe	C:\Program Files\Windows Media Player\wmpnscfg.exe
kept	-	auth-kept	program-files	tstVMREQ	C:\Program Files\ldplayer9box\tstVMREQ.exe	C:\Program Files\ldplayer9box\tstVMREQ.exe
kept	-	auth-kept	program-files	Java(TM) Platform SE binary	C:\Program Files\Java\jdk-24\bin\jrunscript.exe	C:\Program Files\Java\jdk-24\bin\jrunscript.exe
kept	-	auth-kept	program-files	VBoxBugReport	C:\Program Files\AndrowsBox\VBoxBugReport.exe	C:\Program Files\AndrowsBox\VBoxBugReport.exe
kept	-	auth-kept	program-files	OSPPREARM	C:\Program Files\Microsoft Office\root\Office16\OSPPREARM.EXE	C:\Program Files\Microsoft Office\root\Office16\OSPPREARM.EXE
kept	-	auth-kept	program-files	watchgnupg	D:\Program Files\Git\usr\bin\watchgnupg.exe	D:\Program Files\Git\usr\bin\watchgnupg.exe
kept	-	auth-kept	program-files	VBoxAutostartSvc	C:\Program Files\ldplayer9box\VBoxAutostartSvc.exe	C:\Program Files\ldplayer9box\VBoxAutostartSvc.exe
kept	-	auth-kept	program-files	GPLed program for Windows	D:\Program Files\Git\mingw64\bin\printf_ngettext.exe	D:\Program Files\Git\mingw64\bin\printf_ngettext.exe
kept	-	auth-kept	program-files	bash	D:\Program Files\Git\usr\bin\bash.exe	D:\Program Files\Git\usr\bin\bash.exe
kept	-	auth-kept	start-menu	Start MobaXterm	D:\Program Files (x86)\Mobatek\MobaXterm\MobaXterm.exe	C:\ProgramData\Microsoft\Windows\Start Menu\Programs\MobaXterm\MobaXterm.lnk
filtered	2-excluded-name	auth-filtered	program-files	VMware Tools Upgrader	C:\Program Files (x86)\VMware\VMware Workstation\tools-upgraders\VMwareToolsUpgrader9x.exe	C:\Program Files (x86)\VMware\VMware Workstation\tools-upgraders\VMwareToolsUpgrader9x.exe
kept	-	auth-kept	program-files	wpa	C:\Program Files (x86)\Windows Kits\10\Windows Performance Toolkit\wpa.exe	C:\Program Files (x86)\Windows Kits\10\Windows Performance Toolkit\wpa.exe
kept	-	auth-kept	program-files	360安全卫士 系统防黑加固模块	C:\Program Files (x86)\360\360safe\Utils\360HImmu.exe	C:\Program Files (x86)\360\360safe\Utils\360HImmu.exe
kept	-	auth-kept	program-files	Blender	D:\Program Files\Blender Foundation\Blender 3.6\blender.exe	D:\Program Files\Blender Foundation\Blender 3.6\blender.exe
kept	-	auth-kept	program-files	hmac256	D:\Program Files\Git\usr\bin\hmac256.exe	D:\Program Files\Git\usr\bin\hmac256.exe
kept	-	auth-kept	program-files	tsort	D:\Program Files\Git\usr\bin\tsort.exe	D:\Program Files\Git\usr\bin\tsort.exe
kept	-	auth-kept	program-files	getconf	D:\Program Files\Git\usr\bin\getconf.exe	D:\Program Files\Git\usr\bin\getconf.exe
kept	-	auth-kept	program-files	GnuPG’s IPC tool	C:\Program Files\GnuPG\bin\gpg-connect-agent.exe	C:\Program Files\GnuPG\bin\gpg-connect-agent.exe
kept	-	auth-kept	program-files	profiler	C:\Program Files\Android\Android Studio\bin\profiler.exe	C:\Program Files\Android\Android Studio\bin\profiler.exe
kept	-	auth-kept	program-files	Java(TM) Platform SE binary	C:\Program Files\Java\jdk-17\bin\keytool.exe	C:\Program Files\Java\jdk-17\bin\keytool.exe
kept	-	auth-kept	program-files	sum	D:\Program Files\Git\usr\bin\sum.exe	D:\Program Files\Git\usr\bin\sum.exe
filtered	2-excluded-name	auth-filtered	program-files	EpicOnlineServices - Update	C:\Program Files (x86)\Epic Games\Epic Online Services\EpicOnlineServices - Update.cmd	C:\Program Files (x86)\Epic Games\Epic Online Services\EpicOnlineServices - Update.cmd
kept	-	auth-kept	program-files	ARMOURY CRATE DenoiseAI	C:\Program Files\ASUS\ARMOURY CRATE Service\DenoiseAIPlugin\ArmouryCrate.DenoiseAI.exe	C:\Program Files\ASUS\ARMOURY CRATE Service\DenoiseAIPlugin\ArmouryCrate.DenoiseAI.exe
kept	-	auth-kept	program-files	Encrypt & Decrypt rog content platform resource's program	C:\Program Files\ASUS\ARMOURY CRATE Service\ACStorePlugin\packager.exe	C:\Program Files\ASUS\ARMOURY CRATE Service\ACStorePlugin\packager.exe
kept	-	auth-kept	program-files	unzipsfx	D:\Program Files\Git\usr\bin\unzipsfx.exe	D:\Program Files\Git\usr\bin\unzipsfx.exe
kept	-	auth-kept	program-files	bunzip2	D:\Program Files\Git\usr\bin\bunzip2.exe	D:\Program Files\Git\usr\bin\bunzip2.exe
kept	-	auth-kept	program-files	Microsoft Office component	C:\Program Files\Microsoft Office\root\Office16\MSOHTMED.EXE	C:\Program Files\Microsoft Office\root\Office16\MSOHTMED.EXE
filtered	5-system-tool	auth-filtered	start-menu	Open Visual Studio 2022 Tools Command Prompt for targeting x86	C:\Windows\System32\cmd.exe	C:\ProgramData\Microsoft\Windows\Start Menu\Programs\Visual Studio 2022\Visual Studio Tools\VC\x86 Native Tools Command Prompt for VS 2022 (2).lnk
kept	-	auth-kept	program-files	nohup	D:\Program Files\Git\usr\bin\nohup.exe	D:\Program Files\Git\usr\bin\nohup.exe
kept	-	auth-kept	program-files	SSH, Telnet, Rlogin, and SUPDUP client	D:\Program Files\PuTTY\putty.exe	D:\Program Files\PuTTY\putty.exe
kept	-	auth-kept	program-files	dirmngr	D:\Program Files\Git\usr\bin\dirmngr.exe	D:\Program Files\Git\usr\bin\dirmngr.exe
kept	-	auth-kept	program-files	winpath	C:\Program Files\Tesseract-OCR\winpath.exe	C:\Program Files\Tesseract-OCR\winpath.exe
filtered	2-excluded-name	auth-filtered	program-files	nvinstall	C:\Program Files\NVIDIA Corporation\FrameViewSDK\etw_nv\nvinstall.cmd	C:\Program Files\NVIDIA Corporation\FrameViewSDK\etw_nv\nvinstall.cmd
filtered	2-excluded-name	auth-filtered	program-files	SUPInstall	C:\Program Files\AndrowsBox\SUPInstall.exe	C:\Program Files\AndrowsBox\SUPInstall.exe
kept	-	auth-kept	program-files	AsusROGLSLService	C:\Program Files (x86)\ASUS\AsusROGLSLService\AsusROGLSLService.exe	C:\Program Files (x86)\ASUS\AsusROGLSLService\AsusROGLSLService.exe
kept	-	auth-kept	program-files	mkdir	D:\Program Files\Git\usr\bin\mkdir.exe	D:\Program Files\Git\usr\bin\mkdir.exe
kept	-	auth-kept	program-files	ArmouryCrate.AppServiceBridge	C:\Program Files (x86)\ASUS\ASUS\ARMOURY CRATE Service\ArmouryCrate.AppServiceBridge.exe	C:\Program Files (x86)\ASUS\ASUS\ARMOURY CRATE Service\ArmouryCrate.AppServiceBridge.exe
filtered	2-excluded-name	auth-filtered	program-files	uninstall	C:\Program Files\QuarkUpdater\QuarkUpdater\1.0.0.21\uninstall.cmd	C:\Program Files\QuarkUpdater\QuarkUpdater\1.0.0.21\uninstall.cmd
kept	-	auth-kept	program-files	UNINST	C:\Program Files (x86)\Canon\EISRegistration\uninst.exe	C:\Program Files (x86)\Canon\EISRegistration\uninst.exe
kept	-	auth-kept	start-menu	小黑盒加速器	D:\Program Files (x86)\Steam\steamapps\common\HeyboxAccelerator\Qingfeng\HeyboxAccelerator\heyboxacc.exe	C:\Users\17822\AppData\Roaming\Microsoft\Windows\Start Menu\Programs\Qingfeng\HeyboxAccelerator\小黑盒加速器.lnk
kept	-	auth-kept	program-files	env	D:\Program Files\Git\usr\bin\env.exe	D:\Program Files\Git\usr\bin\env.exe
kept	-	auth-kept	start-menu	创建有影响力的专业级出版物。	C:\Program Files\Microsoft Office\root\Office16\MSPUB.EXE	C:\ProgramData\Microsoft\Windows\Start Menu\Programs\Publisher.lnk
kept	-	auth-kept	program-files	PROSPICE Simulation Module	C:\Program Files (x86)\Labcenter Electronics\Proteus 8 Professional\BIN\PROSPICE.EXE	C:\Program Files (x86)\Labcenter Electronics\Proteus 8 Professional\BIN\PROSPICE.EXE
kept	-	auth-kept	program-files	rm	D:\Program Files\Git\usr\bin\rm.exe	D:\Program Files\Git\usr\bin\rm.exe
filtered	5-system-tool	auth-filtered	start-menu	管理 COM+ 应用程序、COM 和 DCOM 系统配置，以及分布式事务处理协调器。	C:\WINDOWS\system32\comexp.msc	C:\ProgramData\Microsoft\Windows\Start Menu\Programs\Administrative Tools\Component Services.lnk
kept	-	auth-kept	program-files	pluginviewer	D:\Program Files\Git\usr\bin\pluginviewer.exe	D:\Program Files\Git\usr\bin\pluginviewer.exe
kept	-	auth-kept	program-files	ResourceMonitorOSD	C:\Program Files\ASUS\ARMOURY CRATE Service\ThrottleMonitorPlugin\ResourceMonitorOSD.exe	C:\Program Files\ASUS\ARMOURY CRATE Service\ThrottleMonitorPlugin\ResourceMonitorOSD.exe
kept	-	auth-kept	program-files	gpgol-server	C:\Program Files\Gpg4win\bin\gpgol-server.exe	C:\Program Files\Gpg4win\bin\gpgol-server.exe
filtered	2-excluded-name	auth-filtered	program-files	PwaHelper executable for Identity Proxy	C:\Program Files (x86)\Microsoft\Edge\Application\pwahelper.exe	C:\Program Files (x86)\Microsoft\Edge\Application\pwahelper.exe
filtered	5-system-tool	auth-filtered	start-menu	Open Visual Studio 2022 Tools Command Prompt for targeting x86 with x64-hosted tools	C:\Windows\System32\cmd.exe	C:\ProgramData\Microsoft\Windows\Start Menu\Programs\Visual Studio 2022\Visual Studio Tools\VC\x64_x86 Cross Tools Command Prompt for VS 2022 (2).lnk
filtered	2-excluded-name	auth-filtered	program-files	install	D:\Program Files\Oray\SunLogin\SunloginClient\install.bat	D:\Program Files\Oray\SunLogin\SunloginClient\install.bat
kept	-	auth-kept	program-files	360压缩	C:\Program Files (x86)\360\360zip\360ZipMgrTray.exe	C:\Program Files (x86)\360\360zip\360ZipMgrTray.exe
filtered	2-excluded-name	auth-filtered	program-files	Web Deploy Readme	http://go.microsoft.com/?linkid=9804444	C:\Program Files\IIS\Microsoft Web Deploy V3\Web Deploy Readme.url
filtered	2-excluded-name	auth-filtered	program-files	!Install iSlideTools as Admin Without Shim	C:\Program Files (x86)\iSlide Tools\!Install iSlideTools as Admin Without Shim.bat	C:\Program Files (x86)\iSlide Tools\!Install iSlideTools as Admin Without Shim.bat
filtered	2-excluded-name	auth-filtered	start-menu	iSlide 帮助	https://qr10.cn/EeT3FJ	C:\ProgramData\Microsoft\Windows\Start Menu\Programs\iSlide Tools\iSlide 帮助.url
kept	-	auth-kept	program-files	Microsoft Edge	C:\Program Files (x86)\Microsoft\EdgeCore\153.0.4234.32\notification_helper.exe	C:\Program Files (x86)\Microsoft\EdgeCore\153.0.4234.32\notification_helper.exe
kept	-	auth-kept	program-files	Performance Analyzer Command Line	C:\Program Files (x86)\Windows Kits\10\Windows Performance Toolkit\xperf.exe	C:\Program Files (x86)\Windows Kits\10\Windows Performance Toolkit\xperf.exe
kept	-	auth-kept	program-files	pyftsubset	C:\Users\17822\AppData\Local\Programs\Python\Python310\Scripts\pyftsubset.exe	C:\Users\17822\AppData\Local\Programs\Python\Python310\Scripts\pyftsubset.exe
kept	-	auth-kept	program-files	captoinfo	D:\Program Files\Git\usr\bin\captoinfo.exe	D:\Program Files\Git\usr\bin\captoinfo.exe
filtered	4-not-executable-target	auth-filtered	program-files	DesktopAppsSamples	http://go.microsoft.com/fwlink/p/?LinkID=529573	C:\Program Files (x86)\Windows Kits\10\Shortcuts\DesktopAppsSamples.url
kept	-	auth-kept	program-files	GPLed program for Windows	D:\Program Files\Git\mingw64\bin\gettext.exe	D:\Program Files\Git\mingw64\bin\gettext.exe
kept	-	auth-kept	program-files	isympy	C:\Users\17822\AppData\Local\Programs\Python\Python310\Scripts\isympy.exe	C:\Users\17822\AppData\Local\Programs\Python\Python310\Scripts\isympy.exe
filtered	2-excluded-name	auth-filtered	program-files	Microsoft Office Help Viewer	C:\Program Files\Microsoft Office\root\Office16\CLVIEW.EXE	C:\Program Files\Microsoft Office\root\Office16\CLVIEW.EXE
kept	-	auth-kept	program-files	Microsoft Edge	C:\Program Files (x86)\Microsoft\EdgeCore\Optimized\cookie_exporter.exe	C:\Program Files (x86)\Microsoft\EdgeCore\Optimized\cookie_exporter.exe
kept	-	auth-kept	program-files	infocmp	D:\Program Files\Git\usr\bin\infocmp.exe	D:\Program Files\Git\usr\bin\infocmp.exe
filtered	5-system-tool	auth-filtered	start-menu	Open Visual Studio 2022 Tools Command Prompt for targeting x64	C:\Windows\System32\cmd.exe	C:\ProgramData\Microsoft\Windows\Start Menu\Programs\Visual Studio 2022\Visual Studio Tools\VC\x64 Native Tools Command Prompt for VS 2022.lnk
filtered	4-not-executable-target	auth-filtered	program-files	Release_Notes	http://go.microsoft.com/fwlink/?LinkId=207675	C:\Program Files\IIS Express\Release_Notes.url
kept	-	auth-kept	program-files	原神	D:\Program Files\Genshin Impact bilibili\1.18.0.380\7z.exe	D:\Program Files\Genshin Impact bilibili\1.18.0.380\7z.exe
kept	-	auth-kept	program-files	dircolors	D:\Program Files\Git\usr\bin\dircolors.exe	D:\Program Files\Git\usr\bin\dircolors.exe
filtered	2-excluded-name	auth-filtered	program-files	UWPAppsToolsDocumentation	http://go.microsoft.com/fwlink/?LinkId=529577	C:\Program Files (x86)\Windows Kits\10\Shortcuts\UWPAppsToolsDocumentation.url
kept	-	auth-kept	program-files	Microsoft Edge	C:\Program Files (x86)\Microsoft\EdgeCore\Optimized\msedge.exe	C:\Program Files (x86)\Microsoft\EdgeCore\Optimized\msedge.exe
filtered	2-excluded-name	auth-filtered	program-files	VMware network install library executable	C:\Program Files (x86)\VMware\VMware Workstation\vnetlib64.exe	C:\Program Files (x86)\VMware\VMware Workstation\vnetlib64.exe
kept	-	auth-kept	program-files	minizip	D:\Program Files\Cisco Packet Tracer 8.2.2\bin\minizip.exe	D:\Program Files\Cisco Packet Tracer 8.2.2\bin\minizip.exe
filtered	5-system-tool	auth-filtered	start-menu	允许在一个或多个林内管理整个站点、域和组织单元的组策略。	C:\WINDOWS\system32\mmc.exe	C:\ProgramData\Microsoft\Windows\Start Menu\Programs\Administrative Tools\Group Policy Management.lnk
kept	-	auth-kept	program-files	symcachegen	C:\Program Files (x86)\Windows Kits\10\Windows Performance Toolkit\symcachegen.exe	C:\Program Files (x86)\Windows Kits\10\Windows Performance Toolkit\symcachegen.exe
kept	-	auth-kept	program-files	ncat	C:\Program Files (x86)\Nmap\ncat.exe	C:\Program Files (x86)\Nmap\ncat.exe
kept	-	auth-kept	start-menu	哔哩哔哩.lnk	D:\Program Files\Tencent\Androws\Application\AndrowsLauncher.exe	C:\ProgramData\Microsoft\Windows\Start Menu\Programs\哔哩哔哩.lnk
kept	-	auth-kept	program-files	Git for Windows	D:\Program Files\Git\cmd\git-gui.exe	D:\Program Files\Git\cmd\git-gui.exe
kept	-	auth-kept	program-files	mount	D:\Program Files\Git\usr\bin\mount.exe	D:\Program Files\Git\usr\bin\mount.exe
kept	-	auth-kept	program-files	lzmadec decompression tool for .lzma files	D:\Program Files\Git\mingw64\bin\lzmadec.exe	D:\Program Files\Git\mingw64\bin\lzmadec.exe
kept	-	auth-kept	program-files	gpgparsemail	D:\Program Files\Git\usr\bin\gpgparsemail.exe	D:\Program Files\Git\usr\bin\gpgparsemail.exe
filtered	2-excluded-name	auth-filtered	program-files	VMware 64-bit Install Utility	C:\Program Files (x86)\VMware\VMware Workstation\drvInst64.exe	C:\Program Files (x86)\VMware\VMware Workstation\drvInst64.exe
filtered	2-excluded-name	auth-filtered	program-files	Firefox Software Updater	C:\Program Files\Mozilla Firefox\updater.exe	C:\Program Files\Mozilla Firefox\updater.exe
kept	-	auth-kept	program-files	load	C:\Program Files\ldplayer9box\load.cmd	C:\Program Files\ldplayer9box\load.cmd
kept	-	auth-kept	program-files	Microsoft Edge PWA Launcher	C:\Program Files (x86)\Microsoft\EdgeCore\153.0.4234.32\msedge_pwa_launcher.exe	C:\Program Files (x86)\Microsoft\EdgeCore\153.0.4234.32\msedge_pwa_launcher.exe
kept	-	auth-kept	program-files	uninst	D:\Program Files\Live2D Cubism 4.1\uninst.exe	D:\Program Files\Live2D Cubism 4.1\uninst.exe
filtered	2-excluded-name	auth-filtered	program-files	Qoder Inno Updater	C:\Users\17822\AppData\Local\Programs\Qoder\tools\inno_updater.exe	C:\Users\17822\AppData\Local\Programs\Qoder\tools\inno_updater.exe
kept	-	auth-kept	program-files	vshost.exe	C:\Program Files (x86)\Microsoft Visual Studio 9.0\Common7\IDE\vshost.exe	C:\Program Files (x86)\Microsoft Visual Studio 9.0\Common7\IDE\vshost.exe
filtered	2-excluded-name	auth-filtered	start-menu	Application Verifier Help (external)	C:\Windows\System32\appverif.chm	C:\ProgramData\Microsoft\Windows\Start Menu\Programs\Windows Kits\Application Verifier (X64)\Application Verifier Help.lnk
filtered	2-excluded-name	auth-filtered	program-files	NetLwfInstall	C:\Program Files\ldplayer9box\NetLwfInstall.exe	C:\Program Files\ldplayer9box\NetLwfInstall.exe
kept	-	auth-kept	program-files	iSlideTools.App	C:\Program Files (x86)\iSlide Tools\iSlideTools.App.exe	C:\Program Files (x86)\iSlide Tools\iSlideTools.App.exe
kept	-	auth-kept	program-files	Microsoft PDF Reflow	C:\Program Files\Microsoft Office\root\Office16\PDFREFLOW.EXE	C:\Program Files\Microsoft Office\root\Office16\PDFREFLOW.EXE
filtered	4-not-executable-target	auth-filtered	start-menu	官方网站	D:\Program Files (x86)\SogouInput\16.8.0.5194\Sogou Pinyin Ime.url	C:\ProgramData\Microsoft\Windows\Start Menu\Programs\搜狗输入法\链接\官方网站.lnk
filtered	2-excluded-name	auth-filtered	program-files	show_third_party_software_licenses	C:\Program Files (x86)\Microsoft\EdgeCore\152.0.4191.66\show_third_party_software_licenses.bat	C:\Program Files (x86)\Microsoft\EdgeCore\152.0.4191.66\show_third_party_software_licenses.bat
kept	-	auth-kept	program-files	gpg-connect-agent	D:\Program Files\Git\usr\bin\gpg-connect-agent.exe	D:\Program Files\Git\usr\bin\gpg-connect-agent.exe
kept	-	auth-kept	program-files	腾讯应用宝移动应用引擎	D:\Program Files\Tencent\Androws\Application\Uninstall.exe	D:\Program Files\Tencent\Androws\Application\Uninstall.exe
kept	-	auth-kept	program-files	ASUS ScreenXpert	C:\Program Files\ASUS\AsusScreenXpert\AsusScreenPadMaxWallpaper.exe	C:\Program Files\ASUS\AsusScreenXpert\AsusScreenPadMaxWallpaper.exe
kept	-	auth-kept	program-files	Java(TM) Platform SE binary	C:\Program Files\Java\jdk-24\bin\jstack.exe	C:\Program Files\Java\jdk-24\bin\jstack.exe
kept	-	auth-kept	program-files	xmlwf	D:\Program Files\Git\mingw64\bin\xmlwf.exe	D:\Program Files\Git\mingw64\bin\xmlwf.exe
filtered	5-system-tool	auth-filtered	start-menu	显示关于计算机的详细信息。	C:\WINDOWS\system32\msinfo32.exe	C:\ProgramData\Microsoft\Windows\Start Menu\Programs\Administrative Tools\System Information.lnk
filtered	2-excluded-name	auth-filtered	start-menu	卸载迅雷	D:\Program Files (x86)\Thunder Network\Thunder\Program\ThunderUninstall.exe	C:\Users\17822\AppData\Roaming\Microsoft\Windows\Start Menu\Programs\迅雷软件\迅雷\卸载迅雷.lnk
filtered	2-excluded-name	auth-filtered	program-files	git-credential-helper-selector	D:\Program Files\Git\mingw64\bin\git-credential-helper-selector.exe	D:\Program Files\Git\mingw64\bin\git-credential-helper-selector.exe
kept	-	auth-kept	program-files	tool-wrapper	C:\Program Files\Apache Software Foundation\Tomcat 11.0\bin\tool-wrapper.bat	C:\Program Files\Apache Software Foundation\Tomcat 11.0\bin\tool-wrapper.bat
kept	-	auth-kept	program-files	timeout	D:\Program Files\Git\usr\bin\timeout.exe	D:\Program Files\Git\usr\bin\timeout.exe
filtered	2-excluded-name	auth-filtered	start-menu	卸载九方智投	D:\jfztADV\uninst.exe	C:\ProgramData\Microsoft\Windows\Start Menu\Programs\九方智投\卸载九方智投.lnk
kept	-	auth-kept	program-files	ldd	D:\Program Files\Git\usr\bin\ldd.exe	D:\Program Files\Git\usr\bin\ldd.exe
kept	-	auth-kept	program-files	MakeZipExe.exe	C:\Program Files (x86)\Microsoft Visual Studio 9.0\Common7\IDE\MakeZipExe.exe	C:\Program Files (x86)\Microsoft Visual Studio 9.0\Common7\IDE\MakeZipExe.exe
kept	-	auth-kept	program-files	360安全卫士 木马防火墙模块	C:\Program Files (x86)\360\360safe\safemon\360UDiskGuard.exe	C:\Program Files (x86)\360\360safe\safemon\360UDiskGuard.exe
filtered	5-system-tool	auth-filtered	program-files	Windows Contacts	C:\Program Files\Windows Mail\wab.exe	C:\Program Files\Windows Mail\wab.exe
kept	-	auth-kept	program-files	360杀毒 问题报告程序	C:\Program Files (x86)\360\360zip\DumpUper.exe	C:\Program Files (x86)\360\360zip\DumpUper.exe
filtered	2-excluded-name	auth-filtered	start-menu	Install Bonjour (x64)	C:\Program Files (x86)\Labcenter Electronics\Proteus 8 Professional\DRIVERS\Bonjour64.msi	C:\ProgramData\Microsoft\Windows\Start Menu\Programs\Proteus 8 Professional\Hardware Drivers\Install Bonjour (x64).lnk
filtered	2-excluded-name	auth-filtered	program-files	Armoury Crate Installer	C:\Program Files (x86)\ASUS\AsusROGLSLService\Armoury Crate Installer.exe	C:\Program Files (x86)\ASUS\AsusROGLSLService\Armoury Crate Installer.exe
kept	-	auth-kept	program-files	GnuPG’s network access daemon	C:\Program Files\GnuPG\bin\dirmngr.exe	C:\Program Files\GnuPG\bin\dirmngr.exe
filtered	2-excluded-name	auth-filtered	program-files	360压缩右键扩展安装程序	C:\Program Files (x86)\360\360zip\360ZipExtInstaller.exe	C:\Program Files (x86)\360\360zip\360ZipExtInstaller.exe
kept	-	auth-kept	program-files	VirtualBox Balloon Control Tool	C:\Program Files\AndrowsBox\VBoxBalloonCtrl.exe	C:\Program Files\AndrowsBox\VBoxBalloonCtrl.exe
filtered	2-excluded-name	auth-filtered	program-files	Microsoft Edge Update Setup	C:\Program Files (x86)\Microsoft\EdgeUpdate\1.3.265.7\MicrosoftEdgeUpdateSetup.exe	C:\Program Files (x86)\Microsoft\EdgeUpdate\1.3.265.7\MicrosoftEdgeUpdateSetup.exe
kept	-	auth-kept	program-files	VMware Virtual Disk Manager	C:\Program Files (x86)\VMware\VMware Workstation\vmware-vdiskmanager.exe	C:\Program Files (x86)\VMware\VMware Workstation\vmware-vdiskmanager.exe
kept	-	auth-kept	program-files	GETSPICE	C:\Program Files (x86)\Labcenter Electronics\Proteus 8 Professional\BIN\GETSPICE.EXE	C:\Program Files (x86)\Labcenter Electronics\Proteus 8 Professional\BIN\GETSPICE.EXE
filtered	2-excluded-name	auth-filtered	program-files	Npcap 1.88 uninstaller	C:\Program Files\Npcap\Uninstall.exe	C:\Program Files\Npcap\Uninstall.exe
kept	-	auth-kept	program-files	Windows Subsystem for Linux	C:\Program Files\WSL\wsl.exe	C:\Program Files\WSL\wsl.exe
kept	-	auth-kept	program-files	containerd	C:\Program Files (x86)\VMware\VMware Workstation\containerd.exe	C:\Program Files (x86)\VMware\VMware Workstation\containerd.exe
kept	-	auth-kept	program-files	WinRAR	C:\Program Files\WinRAR\WinRAR.exe	C:\Program Files\WinRAR\WinRAR.exe
kept	-	auth-kept	program-files	IIS Express 系统托盘	C:\Program Files\IIS Express\iisexpresstray.exe	C:\Program Files\IIS Express\iisexpresstray.exe
kept	-	auth-kept	program-files	iSlideTools.RegAsm	C:\Program Files (x86)\iSlide Tools\iSlideTools.RegAsm.exe	C:\Program Files (x86)\iSlide Tools\iSlideTools.RegAsm.exe
kept	-	auth-kept	program-files	哔哩哔哩	D:\Program Files\bilibili\哔哩哔哩.exe	D:\Program Files\bilibili\哔哩哔哩.exe
kept	-	auth-kept	program-files	Git for Windows	D:\Program Files\Git\cmd\gitk.exe	D:\Program Files\Git\cmd\gitk.exe
kept	-	auth-kept	program-files	ACE-Guard Service	C:\Program Files\AntiCheatExpert\SGuard\x64\SGuardSvc64.exe	C:\Program Files\AntiCheatExpert\SGuard\x64\SGuardSvc64.exe
kept	-	auth-kept	program-files	cleanup_fvsdk	C:\Program Files\NVIDIA Corporation\FrameViewSDK\etw_nv\cleanup_fvsdk.cmd	C:\Program Files\NVIDIA Corporation\FrameViewSDK\etw_nv\cleanup_fvsdk.cmd
filtered	5-system-tool	auth-filtered	start-menu	Windows PowerShell (x86)	C:\Windows\SysWOW64\WindowsPowerShell\v1.0\powershell.exe	C:\Users\17822\AppData\Roaming\Microsoft\Windows\Start Menu\Programs\Windows PowerShell\Windows PowerShell (x86).lnk
filtered	4-not-executable-target	auth-filtered	program-files	Release_Notes	http://go.microsoft.com/fwlink/?LinkId=207675	C:\Program Files (x86)\IIS Express\Release_Notes.url
filtered	2-excluded-name	auth-filtered	program-files	UWPAppsDocumentation	http://go.microsoft.com/fwlink/?LinkId=529575	C:\Program Files (x86)\Windows Kits\10\Shortcuts\UWPAppsDocumentation.url
kept	-	auth-kept	program-files	whoami	D:\Program Files\Git\usr\bin\whoami.exe	D:\Program Files\Git\usr\bin\whoami.exe
filtered	3-document-target	auth-filtered	start-menu	PuTTY Manual	D:\Program Files\PuTTY\putty.chm	C:\ProgramData\Microsoft\Windows\Start Menu\Programs\PuTTY (64-bit)\PuTTY Manual.lnk
kept	-	auth-kept	program-files	default-browser-agent	C:\Program Files\Mozilla Firefox\default-browser-agent.exe	C:\Program Files\Mozilla Firefox\default-browser-agent.exe
kept	-	auth-kept	program-files	CubismEditor4_d3d	D:\Program Files\Live2D Cubism 4.1\CubismEditor4_d3d.bat	D:\Program Files\Live2D Cubism 4.1\CubismEditor4_d3d.bat
filtered	2-excluded-name	auth-filtered	program-files	QuarkUpdater (x64)	C:\Program Files\QuarkUpdater\QuarkUpdater\1.0.0.21\updater.exe	C:\Program Files\QuarkUpdater\QuarkUpdater\1.0.0.21\updater.exe
filtered	2-excluded-name	auth-filtered	program-files	WinRAR shell extension installer	C:\Program Files\WinRAR\RarExtInstaller.exe	C:\Program Files\WinRAR\RarExtInstaller.exe
kept	-	auth-kept	program-files	Microsoft (R) Contacts Import Tool	C:\Program Files (x86)\Windows Mail\wabmig.exe	C:\Program Files (x86)\Windows Mail\wabmig.exe
kept	-	auth-kept	program-files	Java(TM) Platform SE binary	C:\Program Files\Java\jdk-24\bin\jaccesswalker.exe	C:\Program Files\Java\jdk-24\bin\jaccesswalker.exe
filtered	4-not-executable-target	auth-filtered	start-menu	Git FAQs (Frequently Asked Questions)	https://gitforwindows.org/faq	C:\ProgramData\Microsoft\Windows\Start Menu\Programs\Git\Git FAQs (Frequently Asked Questions).url
kept	-	auth-kept	program-files	onePackageLoader	C:\Program Files (x86)\ASUS\ROGLSLoader\onePackageLoader.exe	C:\Program Files (x86)\ASUS\ROGLSLoader\onePackageLoader.exe
kept	-	auth-kept	program-files	blender_debug_gpu_glitchworkaround	D:\Program Files\Blender Foundation\Blender 3.6\blender_debug_gpu_glitchworkaround.cmd	D:\Program Files\Blender Foundation\Blender 3.6\blender_debug_gpu_glitchworkaround.cmd
kept	-	auth-kept	program-files	原神	D:\Program Files\Genshin Impact bilibili\launcher.exe	D:\Program Files\Genshin Impact bilibili\launcher.exe
filtered	5-system-tool	auth-filtered	program-files	Windows Defender Advanced Threat Protection Sense DLP Classification Service	C:\Program Files\Windows Defender Advanced Threat Protection\SenseDlpService.exe	C:\Program Files\Windows Defender Advanced Threat Protection\SenseDlpService.exe
kept	-	auth-kept	program-files	mknod	D:\Program Files\Git\usr\bin\mknod.exe	D:\Program Files\Git\usr\bin\mknod.exe
kept	-	auth-kept	program-files	ProxyConfig	D:\Program Files\Live2D Cubism 4.1\ProxyConfig.bat	D:\Program Files\Live2D Cubism 4.1\ProxyConfig.bat
kept	-	auth-kept	start-menu	Team Render Client	C:\Program Files\Maxon Cinema 4D 2024\Cinema 4D Team Render Client.exe	C:\ProgramData\Microsoft\Windows\Start Menu\Programs\Maxon\Maxon Cinema 4D\Team Render Client 2024.lnk
kept	-	auth-kept	program-files	Java(TM) Platform SE binary	C:\Program Files\Java\jdk-17\bin\jimage.exe	C:\Program Files\Java\jdk-17\bin\jimage.exe
kept	-	auth-kept	program-files	Microsoft(C) Register Server	C:\Program Files\ldplayer9box\regsvr32_x86.exe	C:\Program Files\ldplayer9box\regsvr32_x86.exe
filtered	2-excluded-name	auth-filtered	program-files	AsusUpdater Module	C:\Program Files (x86)\ASUS\Update\1.3.107.159\AsusUpdater.exe	C:\Program Files (x86)\ASUS\Update\1.3.107.159\AsusUpdater.exe
kept	-	auth-kept	program-files	crashreporter	C:\Program Files\Mozilla Firefox\crashreporter.exe	C:\Program Files\Mozilla Firefox\crashreporter.exe
kept	-	auth-kept	program-files	Canon IJ Scan Utility	C:\Program Files (x86)\Canon\IJ Scan Utility\SCANUTILITY.exe	C:\Program Files (x86)\Canon\IJ Scan Utility\SCANUTILITY.exe
kept	-	auth-kept	program-files	Microsoft Windows Restart Manager Logo Test Tool	C:\Program Files (x86)\Windows Kits\10\App Certification Kit\rmlogotest.exe	C:\Program Files (x86)\Windows Kits\10\App Certification Kit\rmlogotest.exe
kept	-	auth-kept	program-files	WiX Toolset Transform Builder	C:\Program Files (x86)\WiX Toolset v3.11\bin\torch.exe	C:\Program Files (x86)\WiX Toolset v3.11\bin\torch.exe
kept	-	auth-kept	program-files	360压缩	C:\Program Files (x86)\360\360zip\360zip.exe	C:\Program Files (x86)\360\360zip\360zip.exe
kept	-	auth-kept	program-files	uvw	C:\Users\17822\AppData\Local\Programs\Python\Python310\Scripts\uvw.exe	C:\Users\17822\AppData\Local\Programs\Python\Python310\Scripts\uvw.exe
kept	-	auth-kept	program-files	MSBuild.dll	C:\Program Files\dotnet\sdk\10.0.302\MSBuild.exe	C:\Program Files\dotnet\sdk\10.0.302\MSBuild.exe
kept	-	auth-kept	program-files	GPLed program for Windows	D:\Program Files\Git\mingw64\bin\printf_gettext.exe	D:\Program Files\Git\mingw64\bin\printf_gettext.exe
filtered	5-system-tool	auth-filtered	program-files	Windows Defender Advanced Threat Protection Sense TVM module	C:\Program Files\Windows Defender Advanced Threat Protection\SenseTVM.exe	C:\Program Files\Windows Defender Advanced Threat Protection\SenseTVM.exe
kept	-	auth-kept	program-files	tar	D:\Program Files\Git\usr\bin\tar.exe	D:\Program Files\Git\usr\bin\tar.exe
kept	-	auth-kept	program-files	Microsoft Office component	C:\Program Files\Microsoft Office\root\Office16\SCANPST.EXE	C:\Program Files\Microsoft Office\root\Office16\SCANPST.EXE
kept	-	auth-kept	start-menu	Obsidian	C:\Program Files\Obsidian\Obsidian.exe	C:\ProgramData\Microsoft\Windows\Start Menu\Programs\Obsidian.lnk
kept	-	auth-kept	program-files	Info-ZIP Zip for Win32 console	C:\Program Files (x86)\VMware\VMware Workstation\zip.exe	C:\Program Files (x86)\VMware\VMware Workstation\zip.exe
filtered	2-excluded-name	auth-filtered	program-files	imageio_download_bin	C:\Users\17822\AppData\Local\Programs\Python\Python310\Scripts\imageio_download_bin.exe	C:\Users\17822\AppData\Local\Programs\Python\Python310\Scripts\imageio_download_bin.exe
kept	-	auth-kept	program-files	Qt Translation File Converter	D:\Program Files\Cisco Packet Tracer 8.2.2\bin\lconvert.exe	D:\Program Files\Cisco Packet Tracer 8.2.2\bin\lconvert.exe
kept	-	auth-kept	program-files	gpg-card	D:\Program Files\Git\usr\bin\gpg-card.exe	D:\Program Files\Git\usr\bin\gpg-card.exe
filtered	2-excluded-name	auth-filtered	start-menu	Inno Setup Documentation	C:\Program Files\Inno Setup 7\ISetup.chm	C:\ProgramData\Microsoft\Windows\Start Menu\Programs\Inno Setup 7\Inno Setup Documentation.lnk
kept	-	auth-kept	start-menu	腾讯应用宝-畅玩手机软件游戏	D:\Program Files\Tencent\Androws\Application\AndrowsLauncher.exe	C:\ProgramData\Microsoft\Windows\Start Menu\Programs\腾讯应用宝-畅玩手机软件游戏.lnk
kept	-	auth-kept	program-files	WPS服务程序，提供账号登录、云存储等服务	C:\Program Files (x86)\Kingsoft\office6\wpscloudsvr.exe	C:\Program Files (x86)\Kingsoft\office6\wpscloudsvr.exe
kept	-	auth-kept	program-files	readlink	D:\Program Files\Git\usr\bin\readlink.exe	D:\Program Files\Git\usr\bin\readlink.exe
kept	-	auth-kept	program-files	360安全卫士 系统修复图标扫描模块	C:\Program Files (x86)\360\360zip\360DeskAna64.exe	C:\Program Files (x86)\360\360zip\360DeskAna64.exe
kept	-	auth-kept	program-files	Appx Launcher	C:\Program Files (x86)\Windows Kits\10\App Certification Kit\microsoft.windows.softwarelogo.appxlauncher.exe	C:\Program Files (x86)\Windows Kits\10\App Certification Kit\microsoft.windows.softwarelogo.appxlauncher.exe
kept	-	auth-kept	program-files	BlizzardError (x64)	C:\Program Files (x86)\Battle.net\Battle.net.17651\BlizzardError.exe	C:\Program Files (x86)\Battle.net\Battle.net.17651\BlizzardError.exe
kept	-	auth-kept	program-files	原神	D:\Program Files\Genshin Impact bilibili\1.18.0.380\HYPHelper.exe	D:\Program Files\Genshin Impact bilibili\1.18.0.380\HYPHelper.exe
kept	-	auth-kept	program-files	chroot	D:\Program Files\Git\usr\bin\chroot.exe	D:\Program Files\Git\usr\bin\chroot.exe
kept	-	auth-kept	program-files	Java(TM) Platform SE binary	C:\Program Files\Java\jdk-17\bin\jdeprscan.exe	C:\Program Files\Java\jdk-17\bin\jdeprscan.exe
kept	-	auth-kept	program-files	pkcs1-conv	D:\Program Files\Git\mingw64\bin\pkcs1-conv.exe	D:\Program Files\Git\mingw64\bin\pkcs1-conv.exe
kept	-	auth-kept	program-files	tstPDMAsyncCompletionStress	C:\Program Files\ldplayer9box\tstPDMAsyncCompletionStress.exe	C:\Program Files\ldplayer9box\tstPDMAsyncCompletionStress.exe
kept	-	auth-kept	program-files	tset	D:\Program Files\Git\usr\bin\tset.exe	D:\Program Files\Git\usr\bin\tset.exe
kept	-	auth-kept	program-files	Microsoft SQL Server Copy Database Wizard	C:\Program Files (x86)\Microsoft SQL Server Management Studio 20\Common7\IDE\CopyDatabaseWizard.exe	C:\Program Files (x86)\Microsoft SQL Server Management Studio 20\Common7\IDE\CopyDatabaseWizard.exe
kept	-	auth-kept	program-files	lessecho	D:\Program Files\Git\usr\libexec\lessecho.exe	D:\Program Files\Git\usr\libexec\lessecho.exe
kept	-	auth-kept	program-files	Command line RAR	C:\Program Files\WinRAR\Rar.exe	C:\Program Files\WinRAR\Rar.exe
kept	-	auth-kept	program-files	cut	D:\Program Files\Git\usr\bin\cut.exe	D:\Program Files\Git\usr\bin\cut.exe
kept	-	auth-kept	program-files	Kleopatra - GnuPG User Interface	C:\Program Files\Gpg4win\bin\kleopatra.exe	C:\Program Files\Gpg4win\bin\kleopatra.exe
filtered	4-not-executable-target	auth-filtered	program-files	isfaq	https://jrsoftware.org/isfaq.php	C:\Program Files\Inno Setup 7\isfaq.url
filtered	2-excluded-name	auth-filtered	program-files	Google Updater (x64)	C:\Program Files (x86)\Google\Update\GoogleUpdate.exe	C:\Program Files (x86)\Google\Update\GoogleUpdate.exe
kept	-	auth-kept	start-menu	启动 Microsoft Visual Studio 2008	C:\Program Files (x86)\Microsoft Visual Studio 9.0\Common7\IDE\devenv.exe	C:\ProgramData\Microsoft\Windows\Start Menu\Programs\Microsoft Visual Studio 2008\Microsoft Visual Studio 2008.lnk
kept	-	auth-kept	program-files	Microsoft SQL Server Conflict Viewer	C:\Program Files (x86)\Microsoft SQL Server Management Studio 20\Common7\IDE\ConflictViewer.exe	C:\Program Files (x86)\Microsoft SQL Server Management Studio 20\Common7\IDE\ConflictViewer.exe
kept	-	auth-kept	program-files	mkgroup	D:\Program Files\Git\usr\bin\mkgroup.exe	D:\Program Files\Git\usr\bin\mkgroup.exe
kept	-	auth-kept	program-files	psl	D:\Program Files\Git\mingw64\bin\psl.exe	D:\Program Files\Git\mingw64\bin\psl.exe
kept	-	auth-kept	program-files	vim	D:\Program Files\Git\usr\bin\vim.exe	D:\Program Files\Git\usr\bin\vim.exe
kept	-	auth-kept	program-files	Unity Hub	C:\Program Files\Unity Hub\Unity Hub.exe	C:\Program Files\Unity Hub\Unity Hub.exe
kept	-	auth-kept	start-menu	Start MobaTextEditor	D:\Program Files (x86)\Mobatek\MobaXterm\MobaRTE.exe	C:\ProgramData\Microsoft\Windows\Start Menu\Programs\MobaXterm\MobaTextEditor.lnk
kept	-	auth-kept	program-files	DTAShell	C:\Program Files (x86)\Microsoft SQL Server Management Studio 20\Common7\DTASHELL.EXE	C:\Program Files (x86)\Microsoft SQL Server Management Studio 20\Common7\DTASHELL.EXE
kept	-	auth-kept	program-files	gdbmtool	D:\Program Files\Git\usr\bin\gdbmtool.exe	D:\Program Files\Git\usr\bin\gdbmtool.exe
kept	-	auth-kept	program-files	Microsoft Office component	C:\Program Files\Microsoft Office\root\Office16\misc.exe	C:\Program Files\Microsoft Office\root\Office16\misc.exe
filtered	2-excluded-name	auth-filtered	start-menu	卸载 原神	D:\Program Files\Genshin Impact\uninstall.exe	C:\ProgramData\Microsoft\Windows\Start Menu\Programs\原神\卸载 原神.lnk
filtered	4-not-executable-target	auth-filtered	start-menu	Wallpaper Engine：壁纸引擎	steam://rungameid/431960	C:\Users\17822\AppData\Roaming\Microsoft\Windows\Start Menu\Programs\Steam\Wallpaper Engine：壁纸引擎.url
kept	-	auth-kept	program-files	docker-dhi	C:\Program Files\Docker\cli-plugins\docker-dhi.exe	C:\Program Files\Docker\cli-plugins\docker-dhi.exe
kept	-	auth-kept	program-files	Part of elevator/launcher UAC IntelliJ kit. 	C:\Program Files\Android\Android Studio\bin\launcher.exe	C:\Program Files\Android\Android Studio\bin\launcher.exe
kept	-	auth-kept	program-files	Commandline	C:\Program Files\Maxon Cinema 4D 2024\Commandline.exe	C:\Program Files\Maxon Cinema 4D 2024\Commandline.exe
kept	-	auth-kept	program-files	Java(TM) Platform SE binary	C:\Program Files\Java\jdk-24\bin\jmod.exe	C:\Program Files\Java\jdk-24\bin\jmod.exe
kept	-	auth-kept	program-files	QQ	C:\Program Files\Tencent\QQNT\QQ.exe	C:\Program Files\Tencent\QQNT\QQ.exe
filtered	2-excluded-name	auth-filtered	program-files	360AI办公下载器	C:\Program Files (x86)\360\360zip\SodaDownloader.exe	C:\Program Files (x86)\360\360zip\SodaDownloader.exe
kept	-	auth-kept	program-files	GPLed program for Windows	D:\Program Files\Git\mingw64\bin\envsubst.exe	D:\Program Files\Git\mingw64\bin\envsubst.exe
kept	-	auth-kept	program-files	unzip	D:\Program Files\Git\usr\bin\unzip.exe	D:\Program Files\Git\usr\bin\unzip.exe
kept	-	auth-kept	program-files	GlideX Remote Tool	C:\Program Files\ASUS\GlideX\GlideXRemote\GlideXRemoteTool.exe	C:\Program Files\ASUS\GlideX\GlideXRemote\GlideXRemoteTool.exe
kept	-	auth-kept	program-files	shred	D:\Program Files\Git\usr\bin\shred.exe	D:\Program Files\Git\usr\bin\shred.exe
filtered	2-excluded-name	auth-filtered	program-files	Inno Setup Signature Tool	C:\Program Files\Inno Setup 7\ISSigTool.exe	C:\Program Files\Inno Setup 7\ISSigTool.exe
kept	-	auth-kept	program-files	nvfvsdksvc_x64	C:\Program Files\NVIDIA Corporation\FrameViewSDK\nvfvsdksvc_x64.exe	C:\Program Files\NVIDIA Corporation\FrameViewSDK\nvfvsdksvc_x64.exe
kept	-	auth-kept	program-files	AacAmbientLighting	C:\Program Files (x86)\ASUS\ASUS\AacAmbientHal\AacAmbientLighting.exe	C:\Program Files (x86)\ASUS\ASUS\AacAmbientHal\AacAmbientLighting.exe
filtered	2-excluded-name	auth-filtered	program-files	This installer database contains the logic and data required to install Virtual Network Drivers.	C:\Program Files (x86)\Labcenter Electronics\Proteus 8 Professional\DRIVERS\VirtualNetworkDriver.exe	C:\Program Files (x86)\Labcenter Electronics\Proteus 8 Professional\DRIVERS\VirtualNetworkDriver.exe
kept	-	auth-kept	program-files	Docker Desktop	C:\Program Files\Docker\Docker\frontend\Docker Desktop.exe	C:\Program Files\Docker\Docker\frontend\Docker Desktop.exe
filtered	2-excluded-name	auth-filtered	start-menu	APP下载	https://app.bilibili.com/?from_start_menu	C:\ProgramData\Microsoft\Windows\Start Menu\Programs\哔哩哔哩\APP下载.url
kept	-	auth-kept	program-files	gawk-5.4.1	D:\Program Files\Git\usr\bin\gawk-5.4.1.exe	D:\Program Files\Git\usr\bin\gawk-5.4.1.exe
kept	-	auth-kept	program-files	CubismViewer4_d3d	D:\Program Files\Live2D Cubism 4.1\CubismViewer4_d3d.bat	D:\Program Files\Live2D Cubism 4.1\CubismViewer4_d3d.bat
filtered	2-excluded-name	auth-filtered	program-files	ACE-Setup exe	C:\Program Files\AntiCheatExpert\Uninstaller.exe	C:\Program Files\AntiCheatExpert\Uninstaller.exe
kept	-	auth-kept	program-files	Java(TM) Platform SE binary	C:\Program Files\Java\jdk-17\bin\jpackage.exe	C:\Program Files\Java\jdk-17\bin\jpackage.exe
kept	-	auth-kept	program-files	stat	D:\Program Files\Git\usr\bin\stat.exe	D:\Program Files\Git\usr\bin\stat.exe
kept	-	auth-kept	program-files	ZenlessZoneZero	D:\Program Files\miHoYo Launcher\games\ZenlessZoneZero Game\ZenlessZoneZero.exe	D:\Program Files\miHoYo Launcher\games\ZenlessZoneZero Game\ZenlessZoneZero.exe
kept	-	auth-kept	program-files	Visual Studio Locator	C:\Program Files (x86)\Microsoft Visual Studio\Installer\vswhere.exe	C:\Program Files (x86)\Microsoft Visual Studio\Installer\vswhere.exe
kept	-	auth-kept	program-files	Game Session Monitor	C:\Program Files (x86)\Battle.net\Battle.net.17651\GameSessionMonitor.exe	C:\Program Files (x86)\Battle.net\Battle.net.17651\GameSessionMonitor.exe
kept	-	auth-kept	program-files	Dump64	C:\Program Files (x86)\Microsoft Visual Studio\Installer\Feedback\dump64.exe	C:\Program Files (x86)\Microsoft Visual Studio\Installer\Feedback\dump64.exe
kept	-	auth-kept	program-files	The curl executable	D:\Program Files\Git\mingw64\bin\curl.exe	D:\Program Files\Git\mingw64\bin\curl.exe
kept	-	auth-kept	program-files	Microsoft Excel	C:\Program Files\Microsoft Office\root\Office16\excelcnv.exe	C:\Program Files\Microsoft Office\root\Office16\excelcnv.exe
kept	-	auth-kept	program-files	Hearthstone Beta Launcher	C:\Program Files (x86)\Hearthstone\Hearthstone Beta Launcher.exe	C:\Program Files (x86)\Hearthstone\Hearthstone Beta Launcher.exe
kept	-	auth-kept	program-files	MyProg-x64	C:\Program Files\Inno Setup 7\Examples\MyProg-x64.exe	C:\Program Files\Inno Setup 7\Examples\MyProg-x64.exe
kept	-	auth-kept	program-files	GETMDF	C:\Program Files (x86)\Labcenter Electronics\Proteus 8 Professional\BIN\GETMDF.EXE	C:\Program Files (x86)\Labcenter Electronics\Proteus 8 Professional\BIN\GETMDF.EXE
kept	-	auth-kept	program-files	VBoxStubBld	C:\Program Files\ldplayer9box\VBoxStubBld.exe	C:\Program Files\ldplayer9box\VBoxStubBld.exe
filtered	2-excluded-name	auth-filtered	program-files	Setup/Uninstall	C:\Users\17822\AppData\Local\Programs\Microsoft VS Code\unins000.exe	C:\Users\17822\AppData\Local\Programs\Microsoft VS Code\unins000.exe
kept	-	auth-kept	program-files	Cinema 4D Team Render Client	C:\Program Files\Maxon Cinema 4D 2024\Cinema 4D Team Render Client.exe	C:\Program Files\Maxon Cinema 4D 2024\Cinema 4D Team Render Client.exe
kept	-	auth-kept	program-files	typer	C:\Users\17822\AppData\Local\Programs\Python\Python310\Scripts\typer.exe	C:\Users\17822\AppData\Local\Programs\Python\Python310\Scripts\typer.exe
kept	-	auth-kept	program-files	Project Import Wizard command line exe	C:\Program Files\Microsoft Office\root\Office16\PROJIMPT.EXE	C:\Program Files\Microsoft Office\root\Office16\PROJIMPT.EXE
filtered	2-excluded-name	auth-filtered	start-menu	Inno Setup Revision History	C:\Program Files\Inno Setup 7\whatsnew.htm	C:\ProgramData\Microsoft\Windows\Start Menu\Programs\Inno Setup 7\Inno Setup Revision History.lnk
kept	-	auth-kept	program-files	profiler	D:\Program Files\Git\usr\bin\profiler.exe	D:\Program Files\Git\usr\bin\profiler.exe
kept	-	auth-kept	program-files	默认软件设置	C:\Program Files (x86)\360\360safe\SoftMgr\defaultsoftset.exe	C:\Program Files (x86)\360\360safe\SoftMgr\defaultsoftset.exe
kept	-	auth-kept	program-files	SDFGEN	C:\Program Files (x86)\Labcenter Electronics\Proteus 8 Professional\BIN\SDFGEN.EXE	C:\Program Files (x86)\Labcenter Electronics\Proteus 8 Professional\BIN\SDFGEN.EXE
kept	-	auth-kept	program-files	360文件粉碎机	C:\Program Files (x86)\360\360safe\Utils\FileSmasher.exe	C:\Program Files (x86)\360\360safe\Utils\FileSmasher.exe
kept	-	auth-kept	program-files	FindPackages	C:\Program Files\ASUS\ARMOURY CRATE Service\UpdateCenter\FindPackages.exe	C:\Program Files\ASUS\ARMOURY CRATE Service\UpdateCenter\FindPackages.exe
kept	-	auth-kept	program-files	7-Zip Console	D:\Program Files\Genshin Impact\updateProgram\7z.exe	D:\Program Files\Genshin Impact\updateProgram\7z.exe
kept	-	auth-kept	program-files	gawk	D:\Program Files\Git\usr\bin\gawk.exe	D:\Program Files\Git\usr\bin\gawk.exe
kept	-	auth-kept	program-files	Microsoft DDConfig Custom Action	C:\Program Files (x86)\Microsoft SQL Server Management Studio 20\Common7\IDE\DDConfigCA.exe	C:\Program Files (x86)\Microsoft SQL Server Management Studio 20\Common7\IDE\DDConfigCA.exe
filtered	2-excluded-name	auth-filtered	program-files	qm-helper	C:\Program Files\XiaoshuoClaw\resources\qm\qm-helper.exe	C:\Program Files\XiaoshuoClaw\resources\qm\qm-helper.exe
filtered	2-excluded-name	auth-filtered	program-files	InstallScript Setup Launcher Unicode	C:\Program Files (x86)\InstallShield Installation Information\{339A6383-7862-46DA-8A9D-E84180EF9424}\setup.exe	C:\Program Files (x86)\InstallShield Installation Information\{339A6383-7862-46DA-8A9D-E84180EF9424}\setup.exe
kept	-	auth-kept	program-files	BitLockerDialog	C:\Program Files\ASUS\ARMOURY CRATE Service\GPUMode\BitLockerDialog.exe	C:\Program Files\ASUS\ARMOURY CRATE Service\GPUMode\BitLockerDialog.exe
kept	-	auth-kept	program-files	Java(TM) Platform SE binary	C:\Program Files\Java\jdk-24\bin\jhsdb.exe	C:\Program Files\Java\jdk-24\bin\jhsdb.exe
kept	-	auth-kept	program-files	AndrowsBox Headless Frontend	C:\Program Files\AndrowsBox\ABoxHeadless.exe	C:\Program Files\AndrowsBox\ABoxHeadless.exe
kept	-	auth-kept	program-files	service	C:\Program Files\Apache Software Foundation\Tomcat 11.0\bin\service.bat	C:\Program Files\Apache Software Foundation\Tomcat 11.0\bin\service.bat
kept	-	auth-kept	program-files	360保镖	C:\Program Files (x86)\360\360safe\safemon\360Baobiao.exe	C:\Program Files (x86)\360\360safe\safemon\360Baobiao.exe
kept	-	auth-kept	program-files	360设置中心	C:\Program Files (x86)\360\360safe\safemon\360SettingCenter.exe	C:\Program Files (x86)\360\360safe\safemon\360SettingCenter.exe
kept	-	auth-kept	program-files	VMware Remote MKS	C:\Program Files (x86)\VMware\VMware Workstation\vmware-remotemks.exe	C:\Program Files (x86)\VMware\VMware Workstation\vmware-remotemks.exe
kept	-	auth-kept	program-files	360安全卫士 安全防护中心模块	C:\Program Files (x86)\360\360safe\safemon\360sctblist.exe	C:\Program Files (x86)\360\360safe\safemon\360sctblist.exe
kept	-	auth-kept	program-files	shutdown	C:\Program Files\Apache Software Foundation\Tomcat 11.0\bin\shutdown.bat	C:\Program Files\Apache Software Foundation\Tomcat 11.0\bin\shutdown.bat
kept	-	auth-kept	program-files	Send to OneNote Tool	C:\Program Files\Microsoft Office\root\Office16\ONENOTEM.EXE	C:\Program Files\Microsoft Office\root\Office16\ONENOTEM.EXE
kept	-	auth-kept	program-files	mac2unix	D:\Program Files\Git\usr\bin\mac2unix.exe	D:\Program Files\Git\usr\bin\mac2unix.exe
filtered	2-excluded-name	auth-filtered	program-files	tstSSLCertDownloads	C:\Program Files\ldplayer9box\tstSSLCertDownloads.exe	C:\Program Files\ldplayer9box\tstSSLCertDownloads.exe
kept	-	auth-kept	program-files	getprocaddr64	D:\Program Files\Git\usr\libexec\getprocaddr64.exe	D:\Program Files\Git\usr\libexec\getprocaddr64.exe
kept	-	auth-kept	start-menu	比较 Excel 工作簿的版本。	C:\Program Files\Microsoft Office\root\Client\AppVLP.exe	C:\ProgramData\Microsoft\Windows\Start Menu\Programs\Microsoft Office 工具\Spreadsheet Compare.lnk
filtered	5-system-tool	auth-filtered	start-menu	安排自动运行的计算机任务。	C:\WINDOWS\system32\taskschd.msc	C:\ProgramData\Microsoft\Windows\Start Menu\Programs\Administrative Tools\Task Scheduler.lnk
kept	-	auth-kept	start-menu	启动Epic Games启动器	C:\Program Files\Epic Games\Launcher\Portal\Binaries\Win64\EpicGamesLauncher.exe	C:\ProgramData\Microsoft\Windows\Start Menu\Programs\Epic Games Launcher.lnk
kept	-	auth-kept	program-files	ACRemotePlayHint	C:\Program Files\ASUS\ARMOURY CRATE Service\GameLibraryPlugin\ACRemotePlayHint.exe	C:\Program Files\ASUS\ARMOURY CRATE Service\GameLibraryPlugin\ACRemotePlayHint.exe
filtered	2-excluded-name	auth-filtered	start-menu	卸载360压缩	C:\Program Files (x86)\360\360zip\Uninstaller.exe	C:\ProgramData\Microsoft\Windows\Start Menu\Programs\360压缩\卸载360压缩.lnk
kept	-	auth-kept	program-files	wc	D:\Program Files\Git\usr\bin\wc.exe	D:\Program Files\Git\usr\bin\wc.exe
filtered	5-system-tool	auth-filtered	program-files	Windows Defender Advanced Threat Protection Sense NAS module	C:\Program Files\Windows Defender Advanced Threat Protection\SenseNAS.exe	C:\Program Files\Windows Defender Advanced Threat Protection\SenseNAS.exe
filtered	2-excluded-name	auth-filtered	program-files	Visual Basic 8 Keyword Upgrade Tool	C:\Program Files (x86)\Microsoft Visual Studio 9.0\Common7\IDE\vb7to8.exe	C:\Program Files (x86)\Microsoft Visual Studio 9.0\Common7\IDE\vb7to8.exe
kept	-	auth-kept	program-files	ASUS ScreenXpert	C:\Program Files\ASUS\AsusScreenXpert\AsusScreenXpertUI.exe	C:\Program Files\ASUS\AsusScreenXpert\AsusScreenXpertUI.exe
kept	-	auth-kept	program-files	Plugin Container for Firefox	C:\Program Files\Mozilla Firefox\plugin-container.exe	C:\Program Files\Mozilla Firefox\plugin-container.exe
kept	-	auth-kept	program-files	Microsoft.VisualStudio.Web.Host.exe	C:\Program Files (x86)\Microsoft SQL Server Management Studio 20\Common7\IDE\Microsoft.VisualStudio.Web.Host.exe	C:\Program Files (x86)\Microsoft SQL Server Management Studio 20\Common7\IDE\Microsoft.VisualStudio.Web.Host.exe
kept	-	auth-kept	program-files	gpg-mail-tube	D:\Program Files\Git\usr\bin\gpg-mail-tube.exe	D:\Program Files\Git\usr\bin\gpg-mail-tube.exe
kept	-	auth-kept	program-files	Internet Explorer	C:\Program Files (x86)\Internet Explorer\iexplore.exe	C:\Program Files (x86)\Internet Explorer\iexplore.exe
kept	-	auth-kept	program-files	split	D:\Program Files\Git\usr\bin\split.exe	D:\Program Files\Git\usr\bin\split.exe
kept	-	auth-kept	program-files	comregister	C:\Program Files\ldplayer9box\comregister.cmd	C:\Program Files\ldplayer9box\comregister.cmd
kept	-	auth-kept	program-files	wintoast	D:\Program Files\Git\mingw64\bin\wintoast.exe	D:\Program Files\Git\mingw64\bin\wintoast.exe
kept	-	auth-kept	program-files	ahost	D:\Program Files\Git\mingw64\bin\ahost.exe	D:\Program Files\Git\mingw64\bin\ahost.exe
kept	-	auth-kept	program-files	Text2pcap	D:\Program Files\Wireshark\text2pcap.exe	D:\Program Files\Wireshark\text2pcap.exe
kept	-	auth-kept	program-files	Java(TM) Platform SE binary	C:\Program Files\Java\jdk-24\bin\keytool.exe	C:\Program Files\Java\jdk-24\bin\keytool.exe
kept	-	auth-kept	program-files	Tclsh Application	D:\Program Files\Git\mingw64\bin\tclsh86.exe	D:\Program Files\Git\mingw64\bin\tclsh86.exe
kept	-	auth-kept	start-menu	无界趣连2.0	D:\leidian\wujie\bin\wujie.exe	C:\ProgramData\Microsoft\Windows\Start Menu\Programs\无界趣连2.0.lnk
filtered	2-excluded-name	auth-filtered	program-files	show_third_party_software_licenses	C:\Program Files (x86)\Microsoft\EdgeCore\Optimized\show_third_party_software_licenses.bat	C:\Program Files (x86)\Microsoft\EdgeCore\Optimized\show_third_party_software_licenses.bat
kept	-	auth-kept	program-files	VMware KVM	C:\Program Files (x86)\VMware\VMware Workstation\vmware-kvm.exe	C:\Program Files (x86)\VMware\VMware Workstation\vmware-kvm.exe
kept	-	auth-kept	start-menu	Trae CN	C:\Users\17822\AppData\Local\Programs\Trae CN\Trae CN.exe	C:\Users\17822\AppData\Roaming\Microsoft\Windows\Start Menu\Programs\Trae CN\Trae CN.lnk
kept	-	auth-kept	program-files	VirtualBox Manager	C:\Program Files\ldplayer9box\Ld9VirtualBox.exe	C:\Program Files\ldplayer9box\Ld9VirtualBox.exe
kept	-	auth-kept	program-files	Git for Windows	D:\Program Files\Git\cmd\git-lfs.exe	D:\Program Files\Git\cmd\git-lfs.exe
kept	-	auth-kept	program-files	mv	D:\Program Files\Git\usr\bin\mv.exe	D:\Program Files\Git\usr\bin\mv.exe
kept	-	auth-kept	start-menu	创建专业及多功能的图表，以简化复杂信息。	C:\Program Files\Microsoft Office\root\Office16\VISIO.EXE	C:\ProgramData\Microsoft\Windows\Start Menu\Programs\Visio.lnk
filtered	5-system-tool	auth-filtered	start-menu	Open Visual Studio 2022 Tools PowerShell	C:\Windows\SysWOW64\WindowsPowerShell\v1.0\powershell.exe	C:\ProgramData\Microsoft\Windows\Start Menu\Programs\Visual Studio 2022\Visual Studio Tools\Developer PowerShell for VS 2022 (2).lnk
kept	-	auth-kept	program-files	ControlService	C:\Program Files (x86)\Microsoft SQL Server Management Studio 20\Common7\IDE\ControlService.exe	C:\Program Files (x86)\Microsoft SQL Server Management Studio 20\Common7\IDE\ControlService.exe
kept	-	auth-kept	program-files	Java(TM) Platform SE binary	C:\Program Files\Java\jdk-17\bin\jmap.exe	C:\Program Files\Java\jdk-17\bin\jmap.exe
kept	-	auth-kept	start-menu	Run the GpgOL/Web client	C:\Program Files\Gpg4win\bin\gpgol-client.exe	C:\ProgramData\Microsoft\Windows\Start Menu\Programs\GpgOL-Web.lnk
kept	-	auth-kept	program-files	AsIO3 Driver	C:\Program Files (x86)\ASUS\AsusCertService\1.4.4\AsusCertService.exe	C:\Program Files (x86)\ASUS\AsusCertService\1.4.4\AsusCertService.exe
kept	-	auth-kept	program-files	ROGLSLoader	C:\Program Files (x86)\ASUS\ROGLSLoader\ROGLSLoader.exe	C:\Program Files (x86)\ASUS\ROGLSLoader\ROGLSLoader.exe
kept	-	auth-kept	program-files	nano	D:\Program Files\Git\usr\bin\nano.exe	D:\Program Files\Git\usr\bin\nano.exe
kept	-	auth-kept	program-files	vdir	D:\Program Files\Git\usr\bin\vdir.exe	D:\Program Files\Git\usr\bin\vdir.exe
filtered	2-excluded-name	auth-filtered	program-files	Driver Package Installer	C:\Program Files\ldplayer9box\dpinst_64.exe	C:\Program Files\ldplayer9box\dpinst_64.exe
kept	-	auth-kept	program-files	[	D:\Program Files\Git\usr\bin\[.exe	D:\Program Files\Git\usr\bin\[.exe
kept	-	auth-kept	program-files	RenameLastProfile	C:\Program Files (x86)\LightingService\RenameLastProfile.bat	C:\Program Files (x86)\LightingService\RenameLastProfile.bat
kept	-	auth-kept	program-files	Import Virtual Machine	C:\Program Files\Hyper-V\VMImport.exe	C:\Program Files\Hyper-V\VMImport.exe
filtered	5-system-tool	auth-filtered	program-files	Microsoft Purview Data Loss Prevention Service	C:\Program Files\Windows Defender\MpDlpService.exe	C:\Program Files\Windows Defender\MpDlpService.exe
filtered	5-system-tool	auth-filtered	program-files	Windows Media Player Rich Preview Handler	C:\Program Files\Windows Media Player\wmprph.exe	C:\Program Files\Windows Media Player\wmprph.exe
kept	-	auth-kept	program-files	Microsoft Office Click-to-Run IntegratedOfficeExe	C:\Program Files\Common Files\microsoft shared\ClickToRun\IntegratedOffice.exe	C:\Program Files\Common Files\microsoft shared\ClickToRun\IntegratedOffice.exe
kept	-	auth-kept	program-files	DTAENGINE	C:\Program Files (x86)\Microsoft SQL Server Management Studio 20\Common7\dtaengine.exe	C:\Program Files (x86)\Microsoft SQL Server Management Studio 20\Common7\dtaengine.exe
kept	-	auth-kept	program-files	Git for Windows	D:\Program Files\Git\cmd\git-upload-pack.exe	D:\Program Files\Git\cmd\git-upload-pack.exe
filtered	5-system-tool	auth-filtered	start-menu	执行高级疑难解答和系统配置	C:\WINDOWS\system32\msconfig.exe	C:\ProgramData\Microsoft\Windows\Start Menu\Programs\Administrative Tools\System Configuration.lnk
kept	-	auth-kept	start-menu	豆包浏览器	C:\Users\17822\AppData\Local\Doubao\Application\Doubao.exe	C:\Users\17822\AppData\Roaming\Microsoft\Windows\Start Menu\Programs\豆包浏览器.lnk
kept	-	auth-kept	program-files	draw.io desktop	D:\Program Files\draw.io\Uninstall draw.io.exe	D:\Program Files\draw.io\Uninstall draw.io.exe
filtered	4-not-executable-target	auth-filtered	start-menu	Windows Subsystem for Linux Settings	C:\WINDOWS\Installer\{DC52CEBE-E53A-463D-98EE-81AF640914BD}\wsl.ico	C:\ProgramData\Microsoft\Windows\Start Menu\Programs\WSL Settings.lnk
kept	-	auth-kept	program-files	gpgscm	D:\Program Files\Git\usr\bin\gpgscm.exe	D:\Program Files\Git\usr\bin\gpgscm.exe
kept	-	auth-kept	start-menu	Git CMD	D:\Program Files\Git\git-cmd.exe	C:\ProgramData\Microsoft\Windows\Start Menu\Programs\Git\Git CMD.lnk
kept	-	auth-kept	program-files	IFLIST	C:\Program Files (x86)\Labcenter Electronics\Proteus 8 Professional\BIN\IFLIST.EXE	C:\Program Files (x86)\Labcenter Electronics\Proteus 8 Professional\BIN\IFLIST.EXE
kept	-	auth-kept	program-files	combine_tessdata	C:\Program Files\Tesseract-OCR\combine_tessdata.exe	C:\Program Files\Tesseract-OCR\combine_tessdata.exe
kept	-	auth-kept	program-files	米哈游启动器	D:\Program Files\miHoYo Launcher\1.18.0.380\HYPHelper.exe	D:\Program Files\miHoYo Launcher\1.18.0.380\HYPHelper.exe
kept	-	auth-kept	program-files	Command line RAR	C:\Program Files\WinRAR\UnRAR.exe	C:\Program Files\WinRAR\UnRAR.exe
kept	-	auth-kept	program-files	360图片压缩工具	C:\Program Files (x86)\360\360zip\MultiMediaOpt.exe	C:\Program Files (x86)\360\360zip\MultiMediaOpt.exe
filtered	2-excluded-name	auth-filtered	program-files	Microsoft Visual Studio Debugger Windows Error Reporing Helper	C:\Program Files (x86)\Microsoft SQL Server Management Studio 20\Common7\IDE\VsDebugWERHelper.exe	C:\Program Files (x86)\Microsoft SQL Server Management Studio 20\Common7\IDE\VsDebugWERHelper.exe
filtered	2-excluded-name	auth-filtered	program-files	QuarkUpdater (x64)	C:\Program Files (x86)\QuarkUpdater\Update\QuarkUpdaterUpdate.exe	C:\Program Files (x86)\QuarkUpdater\Update\QuarkUpdaterUpdate.exe
filtered	2-excluded-name	auth-filtered	program-files	Setup/Uninstall	C:\Users\17822\AppData\Local\Programs\Ollama\unins000.exe	C:\Users\17822\AppData\Local\Programs\Ollama\unins000.exe
filtered	2-excluded-name	auth-filtered	program-files	ASUS Update Setup	C:\Program Files\ASUS\ROG Live Service\AsusUpdateSetup.exe	C:\Program Files\ASUS\ROG Live Service\AsusUpdateSetup.exe
kept	-	auth-kept	start-menu	鹰角启动器	C:\Program Files\Hypergryph Launcher\Launcher.exe	C:\ProgramData\Microsoft\Windows\Start Menu\Programs\鹰角启动器\鹰角启动器.lnk
kept	-	auth-kept	program-files	YuanShen	D:\Program Files\Genshin Impact\Genshin Impact Game\YuanShen.exe	D:\Program Files\Genshin Impact\Genshin Impact Game\YuanShen.exe
filtered	2-excluded-name	auth-filtered	program-files	This installer database contains the logic and data required to install Proteus Virtual USB Drivers.	C:\Program Files (x86)\Labcenter Electronics\Proteus 8 Professional\DRIVERS\VirtualUSBDriver.exe	C:\Program Files (x86)\Labcenter Electronics\Proteus 8 Professional\DRIVERS\VirtualUSBDriver.exe
kept	-	auth-kept	program-files	VirtualBox Pure SDL Frontend	C:\Program Files\AndrowsBox\VBoxSDL.exe	C:\Program Files\AndrowsBox\VBoxSDL.exe
kept	-	auth-kept	program-files	HlpViewer.exe	C:\Program Files (x86)\Microsoft Help Viewer\v2.3\HlpViewer.exe	C:\Program Files (x86)\Microsoft Help Viewer\v2.3\HlpViewer.exe
kept	-	auth-kept	program-files	CodeBuddy CN	C:\Users\17822\AppData\Local\Programs\CodeBuddy CN\CodeBuddy CN.exe	C:\Users\17822\AppData\Local\Programs\CodeBuddy CN\CodeBuddy CN.exe
kept	-	auth-kept	program-files	jsonschema	C:\Users\17822\AppData\Local\Programs\Python\Python310\Scripts\jsonschema.exe	C:\Users\17822\AppData\Local\Programs\Python\Python310\Scripts\jsonschema.exe
kept	-	auth-kept	program-files	VMware OVF Tool	C:\Program Files (x86)\VMware\VMware Workstation\OVFTool\ovftool.exe	C:\Program Files (x86)\VMware\VMware Workstation\OVFTool\ovftool.exe
filtered	2-excluded-name	auth-filtered	program-files	Microsoft DirectX Setup	C:\Program Files\Epic Games\DirectXRedist\DXSETUP.exe	C:\Program Files\Epic Games\DirectXRedist\DXSETUP.exe
kept	-	auth-kept	program-files	vsdiag_regwcf.exe	C:\Program Files (x86)\Microsoft SQL Server Management Studio 20\Common7\IDE\vsdiag_regwcf.exe	C:\Program Files (x86)\Microsoft SQL Server Management Studio 20\Common7\IDE\vsdiag_regwcf.exe
filtered	5-system-tool	auth-filtered	start-menu	Anaconda PowerShell Prompt	C:\Windows\System32\WindowsPowerShell\v1.0\powershell.exe	C:\Users\17822\AppData\Roaming\Microsoft\Windows\Start Menu\Programs\Anaconda (miniconda3)\Anaconda PowerShell Prompt.lnk
kept	-	auth-kept	program-files	ASUS ScreenXpert Host Service	C:\Program Files\ASUS\AsusScreenXpert\AsusScreenXpertHostService.exe	C:\Program Files\ASUS\AsusScreenXpert\AsusScreenXpertHostService.exe
kept	-	auth-kept	program-files	vmss2core application	C:\Program Files (x86)\VMware\VMware Workstation\vmss2core.exe	C:\Program Files (x86)\VMware\VMware Workstation\vmss2core.exe
kept	-	auth-kept	program-files	Blender	D:\Program Files\Blender Foundation\Blender 3.6\blender-launcher.exe	D:\Program Files\Blender Foundation\Blender 3.6\blender-launcher.exe
kept	-	auth-kept	start-menu	Launches the Python 3.14 interpreter.	C:\Users\17822\AppData\Local\Programs\Python\Python314\python.exe	C:\Users\17822\AppData\Roaming\Microsoft\Windows\Start Menu\Programs\Python 3.14\Python 3.14 (64-bit).lnk
kept	-	auth-kept	start-menu	CodeBuddy CN	C:\Users\17822\AppData\Local\Programs\CodeBuddy CN\CodeBuddy CN.exe	C:\Users\17822\AppData\Roaming\Microsoft\Windows\Start Menu\Programs\CodeBuddy CN\CodeBuddy CN.lnk
filtered	5-system-tool	auth-filtered	start-menu	从窗口和其他程序中查看监视和疑难解答消息。	C:\WINDOWS\system32\eventvwr.msc	C:\ProgramData\Microsoft\Windows\Start Menu\Programs\Administrative Tools\Event Viewer.lnk
filtered	5-system-tool	auth-filtered	start-menu	Open Visual Studio 2022 Tools Command Prompt for targeting x64 with x86-hosted tools	C:\Windows\System32\cmd.exe	C:\ProgramData\Microsoft\Windows\Start Menu\Programs\Visual Studio 2022\Visual Studio Tools\VC\x86_x64 Cross Tools Command Prompt for VS 2022.lnk
kept	-	auth-kept	program-files	Microsoft Outlook	C:\Program Files\Microsoft Office\root\Office16\OUTLOOK.EXE	C:\Program Files\Microsoft Office\root\Office16\OUTLOOK.EXE
kept	-	auth-kept	program-files	xzdec decompression tool for .xz files	D:\Program Files\Git\mingw64\bin\xzdec.exe	D:\Program Files\Git\mingw64\bin\xzdec.exe
kept	-	auth-kept	program-files	Virtual Network Editor Application	C:\Program Files (x86)\VMware\VMware Workstation\vmnetcfg.exe	C:\Program Files (x86)\VMware\VMware Workstation\vmnetcfg.exe
kept	-	auth-kept	program-files	PersonalStorage.StatusUI	C:\Program Files (x86)\ASUS\PersonalStorage\PersonalStorage.StatusUI.exe	C:\Program Files (x86)\ASUS\PersonalStorage\PersonalStorage.StatusUI.exe
filtered	2-excluded-name	auth-filtered	start-menu	Uninstall 炉石传说盒子	D:\炉石传说盒子\uninst.exe	C:\Users\17822\AppData\Roaming\Microsoft\Windows\Start Menu\Programs\炉石传说盒子\Uninstall 炉石传说盒子.lnk
kept	-	auth-kept	program-files	ndiff	C:\Program Files (x86)\Nmap\ndiff.bat	C:\Program Files (x86)\Nmap\ndiff.bat
kept	-	auth-kept	start-menu	ORAY Software	D:\Program Files\Oray\SunLogin\SunloginClient\SunloginClient.exe	C:\ProgramData\Microsoft\Windows\Start Menu\Programs\a豆 x 向日葵远控\a豆 x 向日葵远控.lnk
kept	-	auth-kept	program-files	tifffile	C:\Users\17822\AppData\Local\Programs\Python\Python310\Scripts\tifffile.exe	C:\Users\17822\AppData\Local\Programs\Python\Python310\Scripts\tifffile.exe
kept	-	auth-kept	program-files	Tcm.exe	C:\Program Files (x86)\Microsoft SQL Server Management Studio 20\Common7\IDE\TCM.exe	C:\Program Files (x86)\Microsoft SQL Server Management Studio 20\Common7\IDE\TCM.exe
kept	-	auth-kept	program-files	Microsoft PowerPoint	C:\Program Files\Microsoft Office\root\Office16\POWERPNT.EXE	C:\Program Files\Microsoft Office\root\Office16\POWERPNT.EXE
kept	-	auth-kept	program-files	360 Total Security	C:\Program Files (x86)\360\360safe\360ShellPro.exe	C:\Program Files (x86)\360\360safe\360ShellPro.exe
kept	-	auth-kept	program-files	Application Impact Telemetry Static Analyzer	C:\Program Files (x86)\Windows Kits\10\App Certification Kit\aitstatic.exe	C:\Program Files (x86)\Windows Kits\10\App Certification Kit\aitstatic.exe
kept	-	auth-kept	program-files	torchfrtrace	C:\Users\17822\AppData\Local\Programs\Python\Python310\Scripts\torchfrtrace.exe	C:\Users\17822\AppData\Local\Programs\Python\Python310\Scripts\torchfrtrace.exe
kept	-	auth-kept	program-files	ZipFileExtractor	C:\Program Files\ASUS\ARMOURY CRATE Service\FeaturedPlugin\ZipFileExtractor.exe	C:\Program Files\ASUS\ARMOURY CRATE Service\FeaturedPlugin\ZipFileExtractor.exe
kept	-	auth-kept	program-files	docker-machine-driver-vmware	C:\Program Files (x86)\VMware\VMware Workstation\bin\docker-machine-driver-vmware.exe	C:\Program Files (x86)\VMware\VMware Workstation\bin\docker-machine-driver-vmware.exe
kept	-	auth-kept	program-files	cntraining	C:\Program Files\Tesseract-OCR\cntraining.exe	C:\Program Files\Tesseract-OCR\cntraining.exe
filtered	2-excluded-name	auth-filtered	program-files	Armoury Crate Uninstall Tool	C:\Program Files\ASUS\ARMOURY CRATE Service\UninstallTool\Armoury Crate Uninstall Tool.exe	C:\Program Files\ASUS\ARMOURY CRATE Service\UninstallTool\Armoury Crate Uninstall Tool.exe
kept	-	auth-kept	program-files	360安全卫士 日志中心模块	C:\Program Files (x86)\360\360safe\safemon\360LogCenter.exe	C:\Program Files (x86)\360\360safe\safemon\360LogCenter.exe
kept	-	auth-kept	program-files	gpg-wks-server	D:\Program Files\Git\usr\bin\gpg-wks-server.exe	D:\Program Files\Git\usr\bin\gpg-wks-server.exe
kept	-	auth-kept	program-files	VirtualBox DHCP Server	C:\Program Files\ldplayer9box\VBoxNetDHCP.exe	C:\Program Files\ldplayer9box\VBoxNetDHCP.exe
filtered	5-system-tool	auth-filtered	program-files	Sense Forensics Data Collection	C:\Program Files\Windows Defender Advanced Threat Protection\SenseFx.exe	C:\Program Files\Windows Defender Advanced Threat Protection\SenseFx.exe
kept	-	auth-kept	program-files	Python	C:\Program Files (x86)\Nmap\zenmap\bin\pythonw.exe	C:\Program Files (x86)\Nmap\zenmap\bin\pythonw.exe
kept	-	auth-kept	program-files	Command-line interactive SFTP client	D:\Program Files\PuTTY\psftp.exe	D:\Program Files\PuTTY\psftp.exe
kept	-	auth-kept	program-files	Apache Commons Daemon Service Runner	C:\Program Files\Apache Software Foundation\Tomcat 11.0\bin\Tomcat11.exe	C:\Program Files\Apache Software Foundation\Tomcat 11.0\bin\Tomcat11.exe
kept	-	auth-kept	program-files	Battle.net Launcher	C:\Program Files (x86)\Battle.net\Battle.net Launcher.exe	C:\Program Files (x86)\Battle.net\Battle.net Launcher.exe
kept	-	auth-kept	program-files	Remoted iOS Simulator for Visual Studio	C:\Program Files (x86)\Visual Studio\Shared\RemotedSimulator\VisualStudio.Remoted.Simulator.exe	C:\Program Files (x86)\Visual Studio\Shared\RemotedSimulator\VisualStudio.Remoted.Simulator.exe
kept	-	auth-kept	program-files	LightingService	C:\Program Files (x86)\LightingService\LightingService.exe	C:\Program Files (x86)\LightingService\LightingService.exe
kept	-	auth-kept	program-files	360安全卫士 木马防火墙	C:\Program Files (x86)\360\360safe\safemon\360SPTool.exe	C:\Program Files (x86)\360\360safe\safemon\360SPTool.exe
kept	-	auth-kept	start-menu	数据维护工具	D:\zd_hlzq\NodeTool.exe	C:\Users\17822\AppData\Roaming\Microsoft\Windows\Start Menu\Programs\华林证券金融终端\数据维护工具.lnk
filtered	5-system-tool	auth-filtered	start-menu	使用你的计算机连接至位于其他位置的计算机并运行程序或访问文件。	C:\WINDOWS\system32\mstsc.exe	C:\ProgramData\Microsoft\Windows\Start Menu\Programs\Accessories\Remote Desktop Connection.lnk
kept	-	auth-kept	start-menu	Configure Tomcat	C:\Program Files\Apache Software Foundation\Tomcat 11.0\bin\Tomcat11w.exe	C:\ProgramData\Microsoft\Windows\Start Menu\Programs\Apache Tomcat 11.0 Tomcat11\Configure Tomcat.lnk
kept	-	auth-kept	program-files	FileOperator	C:\Program Files (x86)\ASUS\ASUS\ROG Live Service\FileOperator.exe	C:\Program Files (x86)\ASUS\ASUS\ROG Live Service\FileOperator.exe
filtered	2-excluded-name	auth-filtered	program-files	360安全卫士升级程序	C:\Program Files (x86)\360\360safe\modules\360fab.exe	C:\Program Files (x86)\360\360safe\modules\360fab.exe
kept	-	auth-kept	program-files	AsIO3 Driver	C:\Program Files (x86)\ASUS\AsusCertService\1.2.41\AsusCertService.exe	C:\Program Files (x86)\ASUS\AsusCertService\1.2.41\AsusCertService.exe
kept	-	auth-kept	program-files	unlink	D:\Program Files\Git\usr\bin\unlink.exe	D:\Program Files\Git\usr\bin\unlink.exe
filtered	2-excluded-name	auth-filtered	program-files	AC_FDSHelper	C:\Program Files\ASUS\ARMOURY CRATE Service\AC_FDSPlugin\AC_FDSHelper.exe	C:\Program Files\ASUS\ARMOURY CRATE Service\AC_FDSPlugin\AC_FDSHelper.exe
kept	-	auth-kept	program-files	AsusScreenPadMaxOOBEVideo	C:\Program Files\ASUS\AsusScreenXpert\AsusScreenPadMaxOOBEVideo.exe	C:\Program Files\ASUS\AsusScreenXpert\AsusScreenPadMaxOOBEVideo.exe
kept	-	auth-kept	program-files	SUPLoggerCtl	C:\Program Files\AndrowsBox\SUPLoggerCtl.exe	C:\Program Files\AndrowsBox\SUPLoggerCtl.exe
kept	-	auth-kept	program-files	GlideX Clipboard	C:\Program Files\ASUS\GlideX\GlideXClipboard.exe	C:\Program Files\ASUS\GlideX\GlideXClipboard.exe
filtered	2-excluded-name	auth-filtered	program-files	InstallationInformation	C:\Program Files (x86)\ASUS\ASUS\ARMOURY CRATE Service\ArmouryCrate.InstallationInformation.exe	C:\Program Files (x86)\ASUS\ASUS\ARMOURY CRATE Service\ArmouryCrate.InstallationInformation.exe
filtered	2-excluded-name	auth-filtered	program-files	VMware network install library executable	C:\Program Files (x86)\Common Files\VMware\USB\vnetlib.exe	C:\Program Files (x86)\Common Files\VMware\USB\vnetlib.exe
kept	-	auth-kept	program-files	false	D:\Program Files\Git\usr\bin\false.exe	D:\Program Files\Git\usr\bin\false.exe
kept	-	auth-kept	program-files	gpg-disable-keyboxd	C:\Program Files\GnuPG\bin\gpg-disable-keyboxd.bat	C:\Program Files\GnuPG\bin\gpg-disable-keyboxd.bat
kept	-	auth-kept	start-menu	九方智投	D:\jfztADV\YinStationADV.exe	C:\ProgramData\Microsoft\Windows\Start Menu\Programs\九方智投\九方智投.lnk
kept	-	auth-kept	program-files	Microsoft Tablet PC Component	C:\Program Files (x86)\Common Files\Microsoft Shared\ink\pipanel.exe	C:\Program Files (x86)\Common Files\Microsoft Shared\ink\pipanel.exe
kept	-	auth-kept	program-files	CheckStatus	C:\Program Files\Npcap\CheckStatus.bat	C:\Program Files\Npcap\CheckStatus.bat
kept	-	auth-kept	program-files	gpgme-json	C:\Program Files\Gpg4win\bin_32\gpgme-json.exe	C:\Program Files\Gpg4win\bin_32\gpgme-json.exe
kept	-	auth-kept	program-files	EIS Registration Application	C:\Program Files (x86)\Canon\EISRegistration\eisregistration.exe	C:\Program Files (x86)\Canon\EISRegistration\eisregistration.exe
kept	-	auth-kept	program-files	git-lfs	D:\Program Files\Git\mingw64\bin\git-lfs.exe	D:\Program Files\Git\mingw64\bin\git-lfs.exe
kept	-	auth-kept	program-files	SQL External minidumper	C:\Program Files\Microsoft Analysis Services\AS OLEDB\140\SQLDumper.exe	C:\Program Files\Microsoft Analysis Services\AS OLEDB\140\SQLDumper.exe
filtered	5-system-tool	auth-filtered	start-menu	优化卷上的文件和碎片，使计算机运行的更快更有效。	C:\WINDOWS\system32\dfrgui.exe	C:\ProgramData\Microsoft\Windows\Start Menu\Programs\Administrative Tools\dfrgui.lnk
kept	-	auth-kept	program-files	Microsoft Windows Performance Recorder	C:\Program Files (x86)\Windows Kits\10\Windows Performance Toolkit\WPRUI.exe	C:\Program Files (x86)\Windows Kits\10\Windows Performance Toolkit\WPRUI.exe
kept	-	auth-kept	program-files	grep	D:\Program Files\Git\usr\bin\grep.exe	D:\Program Files\Git\usr\bin\grep.exe
kept	-	auth-kept	program-files	ASUS Hotplug Controller	C:\Program Files (x86)\ASUS\ASUS\ASUS Hotplug Controller\AsHotplugCtrl.exe	C:\Program Files (x86)\ASUS\ASUS\ASUS Hotplug Controller\AsHotplugCtrl.exe
kept	-	auth-kept	program-files	reset	D:\Program Files\Git\usr\bin\reset.exe	D:\Program Files\Git\usr\bin\reset.exe
filtered	4-not-executable-target	auth-filtered	start-menu	哔哩哔哩官网	https://www.bilibili.com/?from_start_menu	C:\ProgramData\Microsoft\Windows\Start Menu\Programs\哔哩哔哩\哔哩哔哩官网.url
kept	-	auth-kept	program-files	sha1sum	D:\Program Files\Git\usr\bin\sha1sum.exe	D:\Program Files\Git\usr\bin\sha1sum.exe
kept	-	auth-kept	start-menu	Android Studio	C:\Program Files\Android\Android Studio\bin\studio64.exe	C:\ProgramData\Microsoft\Windows\Start Menu\Programs\Android Studio\Android Studio.lnk
kept	-	auth-kept	program-files	ptx	D:\Program Files\Git\usr\bin\ptx.exe	D:\Program Files\Git\usr\bin\ptx.exe
kept	-	auth-kept	program-files	Dumpcap	D:\Program Files\Wireshark\dumpcap.exe	D:\Program Files\Wireshark\dumpcap.exe
kept	-	auth-kept	program-files	Microsoft Office Application Guard	C:\Program Files\Microsoft Office\root\Office16\officeappguardwin32.exe	C:\Program Files\Microsoft Office\root\Office16\officeappguardwin32.exe
filtered	2-excluded-name	auth-filtered	program-files	Microsoft DirectX Setup	D:\Program Files\Genshin Impact\DXSETUP\DXSETUP.exe	D:\Program Files\Genshin Impact\DXSETUP\DXSETUP.exe
kept	-	auth-kept	program-files	getprocaddr32	D:\Program Files\Git\usr\libexec\getprocaddr32.exe	D:\Program Files\Git\usr\libexec\getprocaddr32.exe
kept	-	auth-kept	program-files	gpg-error	D:\Program Files\Git\usr\bin\gpg-error.exe	D:\Program Files\Git\usr\bin\gpg-error.exe
kept	-	auth-kept	program-files	PUTMDF	C:\Program Files (x86)\Labcenter Electronics\Proteus 8 Professional\BIN\PUTMDF.EXE	C:\Program Files (x86)\Labcenter Electronics\Proteus 8 Professional\BIN\PUTMDF.EXE
kept	-	auth-kept	program-files	runcon	D:\Program Files\Git\usr\bin\runcon.exe	D:\Program Files\Git\usr\bin\runcon.exe
kept	-	auth-kept	program-files	Docker Desktop Backend	C:\Program Files\Docker\Docker\resources\com.docker.backend.exe	C:\Program Files\Docker\Docker\resources\com.docker.backend.exe
filtered	2-excluded-name	auth-filtered	program-files	VSCode Inno Updater	C:\Users\17822\AppData\Local\Programs\CodeBuddy CN\tools\inno_updater.exe	C:\Users\17822\AppData\Local\Programs\CodeBuddy CN\tools\inno_updater.exe
kept	-	auth-kept	program-files	Java(TM) Platform SE binary	C:\Program Files\Java\jdk-17\bin\serialver.exe	C:\Program Files\Java\jdk-17\bin\serialver.exe
kept	-	auth-kept	program-files	Microsoft Visual C++ 2015-2019 Redistributable (x64) - 14.27.29016	D:\Program Files\Genshin Impact\vc_redist.x64.exe	D:\Program Files\Genshin Impact\vc_redist.x64.exe
kept	-	auth-kept	start-menu	Microsoft Visual Studio 2022	D:\Program Files\Microsoft Visual Studio\2022\Community\Common7\IDE\devenv.exe	C:\ProgramData\Microsoft\Windows\Start Menu\Programs\Visual Studio 2022.lnk
filtered	2-excluded-name	auth-filtered	program-files	Microsoft Edge COM Registration Helper ARM64	C:\Program Files (x86)\Microsoft\EdgeUpdate\1.3.265.7\MicrosoftEdgeComRegisterShellARM64.exe	C:\Program Files (x86)\Microsoft\EdgeUpdate\1.3.265.7\MicrosoftEdgeComRegisterShellARM64.exe
kept	-	auth-kept	program-files	Microsoft Edge	C:\Program Files (x86)\Microsoft\EdgeCore\152.0.4191.66\msedge.exe	C:\Program Files (x86)\Microsoft\EdgeCore\152.0.4191.66\msedge.exe
kept	-	auth-kept	program-files	cmp	D:\Program Files\Git\usr\bin\cmp.exe	D:\Program Files\Git\usr\bin\cmp.exe
kept	-	auth-kept	start-menu	Qoder	C:\Users\17822\AppData\Local\Programs\Qoder\Qoder.exe	C:\Users\17822\AppData\Roaming\Microsoft\Windows\Start Menu\Programs\Qoder\Qoder.lnk
kept	-	auth-kept	program-files	原神	D:\Program Files\Genshin Impact\updateProgram\Update.exe	D:\Program Files\Genshin Impact\updateProgram\Update.exe
filtered	5-system-tool	auth-filtered	program-files	Microsoft Malware Protection DLP Command Line Utility	C:\Program Files\Windows Defender\MpDlpCmd.exe	C:\Program Files\Windows Defender\MpDlpCmd.exe
kept	-	auth-kept	program-files	Microsoft Edge	C:\Program Files (x86)\Microsoft\EdgeCore\153.0.4234.32\elevated_tracing_service.exe	C:\Program Files (x86)\Microsoft\EdgeCore\153.0.4234.32\elevated_tracing_service.exe
filtered	2-excluded-name	auth-filtered	start-menu	Virtual USB Help	C:\Program Files (x86)\Labcenter Electronics\Proteus 8 Professional\HELP\USB.chm	C:\ProgramData\Microsoft\Windows\Start Menu\Programs\Proteus 8 Professional\Virtual USB\Virtual USB Help.lnk
kept	-	auth-kept	program-files	Qt Linguist	D:\Program Files\Cisco Packet Tracer 8.2.2\bin\linguist.exe	D:\Program Files\Cisco Packet Tracer 8.2.2\bin\linguist.exe
kept	-	auth-kept	program-files	comm	D:\Program Files\Git\usr\bin\comm.exe	D:\Program Files\Git\usr\bin\comm.exe
kept	-	auth-kept	program-files	ssp	D:\Program Files\Git\usr\bin\ssp.exe	D:\Program Files\Git\usr\bin\ssp.exe
kept	-	auth-kept	program-files	GlideX Service	C:\Program Files\ASUS\GlideX\GlideXService.exe	C:\Program Files\ASUS\GlideX\GlideXService.exe
kept	-	auth-kept	program-files	Service Broker Diagnostic Utility	C:\Program Files (x86)\Microsoft SQL Server Management Studio 20\Common7\ssbdiagnose.exe	C:\Program Files (x86)\Microsoft SQL Server Management Studio 20\Common7\ssbdiagnose.exe
kept	-	auth-kept	program-files	腾讯应用宝移动应用引擎	D:\Program Files\Tencent\Androws\Application\AndrowsLauncher.exe	D:\Program Files\Tencent\Androws\Application\AndrowsLauncher.exe
kept	-	auth-kept	program-files	WiX Toolset Lux Test Runner	C:\Program Files (x86)\WiX Toolset v3.11\bin\nit.exe	C:\Program Files (x86)\WiX Toolset v3.11\bin\nit.exe
kept	-	auth-kept	program-files	Java(TM) Platform SE binary	C:\Program Files\Java\jdk-17\bin\javac.exe	C:\Program Files\Java\jdk-17\bin\javac.exe
kept	-	auth-kept	program-files	TShark	D:\Program Files\Wireshark\tshark.exe	D:\Program Files\Wireshark\tshark.exe
kept	-	auth-kept	program-files	VirtualBox Headless Frontend	C:\Program Files\ldplayer9box\Ld9BoxHeadless.exe	C:\Program Files\ldplayer9box\Ld9BoxHeadless.exe
kept	-	auth-kept	program-files	The Official Unity Hub	C:\Program Files\Unity Hub\Uninstall Unity Hub.exe	C:\Program Files\Unity Hub\Uninstall Unity Hub.exe
kept	-	auth-kept	program-files	setfacl	D:\Program Files\Git\usr\bin\setfacl.exe	D:\Program Files\Git\usr\bin\setfacl.exe
kept	-	auth-kept	program-files	Dump64	C:\Program Files (x86)\Microsoft Visual Studio\Installer\Feedback\dump64a.exe	C:\Program Files (x86)\Microsoft Visual Studio\Installer\Feedback\dump64a.exe
kept	-	auth-kept	program-files	Git for Windows	D:\Program Files\Git\cmd\tig.exe	D:\Program Files\Git\cmd\tig.exe
kept	-	auth-kept	program-files	git-askyesno	D:\Program Files\Git\mingw64\bin\git-askyesno.exe	D:\Program Files\Git\mingw64\bin\git-askyesno.exe
kept	-	auth-kept	program-files	docker-mcp	C:\Program Files\Docker\cli-plugins\docker-mcp.exe	C:\Program Files\Docker\cli-plugins\docker-mcp.exe
kept	-	auth-kept	program-files	GameInput Redist Service	C:\Program Files\Microsoft GameInput\x64\GameInputRedistService.exe	C:\Program Files\Microsoft GameInput\x64\GameInputRedistService.exe
kept	-	auth-kept	program-files	AsusScreenXpertReunion	C:\Program Files\ASUS\AsusScreenXpert\AsusScreenXpertReunion.exe	C:\Program Files\ASUS\AsusScreenXpert\AsusScreenXpertReunion.exe
kept	-	auth-kept	program-files	SqlWtsn	C:\Program Files\Microsoft SQL Server\160\Shared\SqlWtsn.exe	C:\Program Files\Microsoft SQL Server\160\Shared\SqlWtsn.exe
kept	-	auth-kept	program-files	Visual Studio Remote Debugger Configuration Wizard	C:\Program Files (x86)\Microsoft Visual Studio 9.0\Common7\IDE\rdbgwiz.exe	C:\Program Files (x86)\Microsoft Visual Studio 9.0\Common7\IDE\rdbgwiz.exe
kept	-	auth-kept	program-files	.NET Host	C:\Program Files (x86)\dotnet\dotnet.exe	C:\Program Files (x86)\dotnet\dotnet.exe
kept	-	auth-kept	program-files	Microsoft Office Click-to-Run Client	C:\Program Files\Common Files\microsoft shared\ClickToRun\OfficeC2RClient.exe	C:\Program Files\Common Files\microsoft shared\ClickToRun\OfficeC2RClient.exe
kept	-	auth-kept	program-files	Skype for Business	C:\Program Files\Microsoft Office\root\Office16\AppSharingHookController64.exe	C:\Program Files\Microsoft Office\root\Office16\AppSharingHookController64.exe
kept	-	auth-kept	program-files	funzip	D:\Program Files\Git\usr\bin\funzip.exe	D:\Program Files\Git\usr\bin\funzip.exe
kept	-	auth-kept	program-files	WiX Toolset Melter	C:\Program Files (x86)\WiX Toolset v3.11\bin\melt.exe	C:\Program Files (x86)\WiX Toolset v3.11\bin\melt.exe
kept	-	auth-kept	program-files	360安全卫士 木马防火墙模块	C:\Program Files (x86)\360\360safe\safemon\360Toasts.exe	C:\Program Files (x86)\360\360safe\safemon\360Toasts.exe
kept	-	auth-kept	program-files	Elevate	D:\Program Files\Tuanjie Hub\resources\elevate.exe	D:\Program Files\Tuanjie Hub\resources\elevate.exe
kept	-	auth-kept	program-files	basename	D:\Program Files\Git\usr\bin\basename.exe	D:\Program Files\Git\usr\bin\basename.exe
filtered	4-not-executable-target	auth-filtered	start-menu	Node.js website	https://nodejs.org/	C:\ProgramData\Microsoft\Windows\Start Menu\Programs\Node.js\Node.js website.url
kept	-	auth-kept	program-files	360安全卫士 会员中心模块	C:\Program Files (x86)\360\360safe\Utils\360UHelper.exe	C:\Program Files (x86)\360\360safe\Utils\360UHelper.exe
kept	-	auth-kept	program-files	TODO: <File description>	C:\Program Files\ASUS\AacAmbientHal\AacAmbientKeyScanner.exe	C:\Program Files\ASUS\AacAmbientHal\AacAmbientKeyScanner.exe
filtered	5-system-tool	auth-filtered	start-menu	在屏幕上实时显示字幕音频和视频。	C:\WINDOWS\system32\LiveCaptions.exe	C:\Users\17822\AppData\Roaming\Microsoft\Windows\Start Menu\Programs\Accessibility\LiveCaptions.lnk
filtered	2-excluded-name	auth-filtered	program-files	Microsoft Office SDX Helper	C:\Program Files\Microsoft Office\root\Office16\SDXHelper.exe	C:\Program Files\Microsoft Office\root\Office16\SDXHelper.exe
kept	-	auth-kept	program-files	Microsoft Office component	C:\Program Files\Microsoft Office\root\Office16\WORDICON.EXE	C:\Program Files\Microsoft Office\root\Office16\WORDICON.EXE
filtered	2-excluded-name	auth-filtered	start-menu	创建精美的文档、轻松地与其他人共用并体验阅读。	C:\Program Files\Microsoft Office\root\Office16\WINWORD.EXE	C:\ProgramData\Microsoft\Windows\Start Menu\Programs\Word.lnk
kept	-	auth-kept	program-files	SQL Server VSS Writer - 64 Bit	C:\Program Files\Microsoft SQL Server\90\Shared\sqlwriter.exe	C:\Program Files\Microsoft SQL Server\90\Shared\sqlwriter.exe
filtered	2-excluded-name	auth-filtered	start-menu	Uninstall	C:\Program Files\Tesseract-OCR\tesseract-uninstall.exe	C:\ProgramData\Microsoft\Windows\Start Menu\Programs\Tesseract-OCR\Uninstall.lnk
kept	-	auth-kept	program-files	pyiceberg	C:\Users\17822\AppData\Local\Programs\Python\Python310\Scripts\pyiceberg.exe	C:\Users\17822\AppData\Local\Programs\Python\Python310\Scripts\pyiceberg.exe
kept	-	auth-kept	program-files	start-ssh-agent	D:\Program Files\Git\cmd\start-ssh-agent.cmd	D:\Program Files\Git\cmd\start-ssh-agent.cmd
kept	-	auth-kept	program-files	ldh	D:\Program Files\Git\usr\bin\ldh.exe	D:\Program Files\Git\usr\bin\ldh.exe
kept	-	auth-kept	program-files	Web Deploy	C:\Program Files\IIS\Microsoft Web Deploy V3\msdeploy.exe	C:\Program Files\IIS\Microsoft Web Deploy V3\msdeploy.exe
filtered	2-excluded-name	auth-filtered	start-menu	WiX Documentation	C:\Windows\Installer\{418A9CFC-FC20-4FAD-8A81-20193809DE01}\WixSetupIcons.ico	C:\ProgramData\Microsoft\Windows\Start Menu\Programs\WiX Toolset v3.11\WiX Documentation.lnk
kept	-	auth-kept	program-files	ssh-agent	D:\Program Files\Git\usr\bin\ssh-agent.exe	D:\Program Files\Git\usr\bin\ssh-agent.exe
kept	-	auth-kept	program-files	WeixinExt	D:\Program Files\Tencent\Weixin\4.1.13.65\WeixinExt.exe	D:\Program Files\Tencent\Weixin\4.1.13.65\WeixinExt.exe
kept	-	auth-kept	start-menu	轻松发现、直观显示和共享数据中的见解。	C:\Program Files\Microsoft Office\root\Office16\EXCEL.EXE	C:\ProgramData\Microsoft\Windows\Start Menu\Programs\Excel.lnk
filtered	2-excluded-name	auth-filtered	program-files	!Install iSlideTools Without Shim	C:\Program Files (x86)\iSlide Tools\!Install iSlideTools Without Shim.bat	C:\Program Files (x86)\iSlide Tools\!Install iSlideTools Without Shim.bat
kept	-	auth-kept	program-files	setmetamode	D:\Program Files\Git\usr\bin\setmetamode.exe	D:\Program Files\Git\usr\bin\setmetamode.exe
kept	-	auth-kept	program-files	ttx	C:\Users\17822\AppData\Local\Programs\Python\Python310\Scripts\ttx.exe	C:\Users\17822\AppData\Local\Programs\Python\Python310\Scripts\ttx.exe
kept	-	auth-kept	program-files	AsusScreenXpertQuickGuide	C:\Program Files\ASUS\AsusScreenXpert\AsusScreenXpertQuickGuide.exe	C:\Program Files\ASUS\AsusScreenXpert\AsusScreenXpertQuickGuide.exe
kept	-	auth-kept	program-files	Java(TM) Platform SE binary	C:\Program Files\Java\jdk-24\bin\jwebserver.exe	C:\Program Files\Java\jdk-24\bin\jwebserver.exe
kept	-	auth-kept	program-files	vctl	C:\Program Files (x86)\VMware\VMware Workstation\bin\vctl.exe	C:\Program Files (x86)\VMware\VMware Workstation\bin\vctl.exe
kept	-	auth-kept	program-files	patch	D:\Program Files\Git\usr\bin\patch.exe	D:\Program Files\Git\usr\bin\patch.exe
kept	-	auth-kept	program-files	PerfWatson2.exe	C:\Program Files (x86)\Microsoft SQL Server Management Studio 20\Common7\IDE\PerfWatson2.exe	C:\Program Files (x86)\Microsoft SQL Server Management Studio 20\Common7\IDE\PerfWatson2.exe
kept	-	auth-kept	start-menu	微信	D:\Program Files\Tencent\Weixin\Weixin.exe	C:\ProgramData\Microsoft\Windows\Start Menu\Programs\微信\微信.lnk
kept	-	auth-kept	program-files	Aha Doctor	C:\Users\17822\AppData\Local\Programs\TRAE SOLO CN\aha_doctor\aha_doctor.exe	C:\Users\17822\AppData\Local\Programs\TRAE SOLO CN\aha_doctor\aha_doctor.exe
filtered	2-excluded-name	auth-filtered	program-files	Microsoft Edge Update	C:\Program Files (x86)\Microsoft\EdgeUpdate\MicrosoftEdgeUpdate.exe	C:\Program Files (x86)\Microsoft\EdgeUpdate\MicrosoftEdgeUpdate.exe
kept	-	auth-kept	program-files	Microsoft Office Contact Retriever	C:\Program Files\Microsoft Office\root\Office16\NAMECONTROLSERVER.EXE	C:\Program Files\Microsoft Office\root\Office16\NAMECONTROLSERVER.EXE
kept	-	auth-kept	program-files	pygmentize	C:\Users\17822\AppData\Local\Programs\Python\Python310\Scripts\pygmentize.exe	C:\Users\17822\AppData\Local\Programs\Python\Python310\Scripts\pygmentize.exe
filtered	2-excluded-name	auth-filtered	program-files	hasp_update	D:\Program Files\Tuanjie Hub\hasp_update.exe	D:\Program Files\Tuanjie Hub\hasp_update.exe
kept	-	auth-kept	program-files	studio	C:\Program Files\Android\Android Studio\bin\studio.bat	C:\Program Files\Android\Android Studio\bin\studio.bat
kept	-	auth-kept	program-files	dir	D:\Program Files\Git\usr\bin\dir.exe	D:\Program Files\Git\usr\bin\dir.exe
kept	-	auth-kept	program-files	AsusScreenXpertToast	C:\Program Files\ASUS\AsusScreenXpert\AsusScreenXpertToast.exe	C:\Program Files\ASUS\AsusScreenXpert\AsusScreenXpertToast.exe
kept	-	auth-kept	program-files	Microsoft Edge	C:\Program Files (x86)\Microsoft\EdgeCore\153.0.4234.32\elevation_service.exe	C:\Program Files (x86)\Microsoft\EdgeCore\153.0.4234.32\elevation_service.exe
kept	-	auth-kept	program-files	pip	C:\Users\17822\AppData\Local\Programs\Python\Python310\Scripts\pip.exe	C:\Users\17822\AppData\Local\Programs\Python\Python310\Scripts\pip.exe
kept	-	auth-kept	program-files	dnx	C:\Program Files\dotnet\dnx.cmd	C:\Program Files\dotnet\dnx.cmd
kept	-	auth-kept	program-files	Microsoft Visual Studio Command Line	C:\Program Files (x86)\Microsoft Visual Studio 9.0\Common7\IDE\devenv.com	C:\Program Files (x86)\Microsoft Visual Studio 9.0\Common7\IDE\devenv.com
filtered	5-system-tool	auth-filtered	start-menu	放大显示所选的文本和其他屏幕对象以便容易阅读。	C:\WINDOWS\system32\magnify.exe	C:\Users\17822\AppData\Roaming\Microsoft\Windows\Start Menu\Programs\Accessibility\Magnify.lnk
kept	-	auth-kept	program-files	WorkBuddy Desktop - AI Agent Desktop Application	C:\Program Files\XiaoshuoClaw\Uninstall XiaoshuoClaw.exe	C:\Program Files\XiaoshuoClaw\Uninstall XiaoshuoClaw.exe
kept	-	auth-kept	program-files	uninst	C:\Program Files (x86)\iSlide Tools\uninst.exe	C:\Program Files (x86)\iSlide Tools\uninst.exe
kept	-	auth-kept	program-files	fonttools	C:\Users\17822\AppData\Local\Programs\Python\Python310\Scripts\fonttools.exe	C:\Users\17822\AppData\Local\Programs\Python\Python310\Scripts\fonttools.exe
filtered	2-excluded-name	auth-filtered	program-files	Armoury Crate User Session Helper	C:\Program Files\ASUS\ARMOURY CRATE Service\ArmouryCrate.UserSessionHelper.exe	C:\Program Files\ASUS\ARMOURY CRATE Service\ArmouryCrate.UserSessionHelper.exe
kept	-	auth-kept	program-files	rvim	D:\Program Files\Git\usr\bin\rvim.exe	D:\Program Files\Git\usr\bin\rvim.exe
kept	-	auth-kept	start-menu	输入法管理器	D:\Program Files (x86)\SogouInput\SogouExe\SogouExe.exe	C:\ProgramData\Microsoft\Windows\Start Menu\Programs\搜狗输入法\输入法管理器.lnk
kept	-	auth-kept	program-files	Microsoft Edge	C:\Program Files (x86)\Microsoft\EdgeCore\153.0.4234.32\msedge_proxy.exe	C:\Program Files (x86)\Microsoft\EdgeCore\153.0.4234.32\msedge_proxy.exe
kept	-	auth-kept	program-files	BlizzardError (x64)	C:\Program Files (x86)\Battle.net\Battle.net.17620\BlizzardError.exe	C:\Program Files (x86)\Battle.net\Battle.net.17620\BlizzardError.exe
kept	-	auth-kept	program-files	blender-mcp	C:\Users\17822\AppData\Local\Programs\Python\Python310\Scripts\blender-mcp.exe	C:\Users\17822\AppData\Local\Programs\Python\Python310\Scripts\blender-mcp.exe
kept	-	auth-kept	program-files	Microsoft .NET Runtime Crash Dump Generator	C:\Program Files (x86)\Windows Kits\10\Windows Performance Toolkit\createdump.exe	C:\Program Files (x86)\Windows Kits\10\Windows Performance Toolkit\createdump.exe
kept	-	auth-kept	start-menu	更改 Office 应用程序的语言首选项。	C:\Program Files\Microsoft Office\root\Office16\SETLANG.EXE	C:\ProgramData\Microsoft\Windows\Start Menu\Programs\Microsoft Office 工具\Office 语言首选项.lnk
kept	-	auth-kept	program-files	Get-AppxVersion	C:\Program Files (x86)\ASUS\Update\1.3.107.159\Get-AppxVersion.exe	C:\Program Files (x86)\ASUS\Update\1.3.107.159\Get-AppxVersion.exe
filtered	2-excluded-name	auth-filtered	program-files	Asus ROG software product installation verifier. 	C:\Program Files (x86)\LightingService\AsusInstallVerifier.exe	C:\Program Files (x86)\LightingService\AsusInstallVerifier.exe
kept	-	auth-kept	program-files	PROSPICE Simulation Module	C:\Program Files (x86)\Labcenter Electronics\Proteus 8 Professional\BIN\CONSOLE.EXE	C:\Program Files (x86)\Labcenter Electronics\Proteus 8 Professional\BIN\CONSOLE.EXE
kept	-	auth-kept	program-files	Java(TM) Platform SE binary	C:\Program Files\Java\jdk-17\bin\jlink.exe	C:\Program Files\Java\jdk-17\bin\jlink.exe
kept	-	auth-kept	start-menu	【抖音】记录美好生活	D:\Program Files (x86)\ByteDance\douyin\douyin.exe	C:\ProgramData\Microsoft\Windows\Start Menu\Programs\抖音.lnk
kept	-	auth-kept	program-files	Timeline Wizard command line exe	C:\Program Files\Microsoft Office\root\Office16\TLIMPT.EXE	C:\Program Files\Microsoft Office\root\Office16\TLIMPT.EXE
kept	-	auth-kept	program-files	鹰角启动器	C:\Program Files\Hypergryph Launcher\1.4.0\Updater.exe	C:\Program Files\Hypergryph Launcher\1.4.0\Updater.exe
kept	-	auth-kept	program-files	mcp	C:\Users\17822\AppData\Local\Programs\Python\Python310\Scripts\mcp.exe	C:\Users\17822\AppData\Local\Programs\Python\Python310\Scripts\mcp.exe
kept	-	auth-kept	program-files	Theme viewer	C:\Program Files (x86)\WiX Toolset v3.11\bin\ThmViewer.exe	C:\Program Files (x86)\WiX Toolset v3.11\bin\ThmViewer.exe
kept	-	auth-kept	program-files	nl	D:\Program Files\Git\usr\bin\nl.exe	D:\Program Files\Git\usr\bin\nl.exe
kept	-	auth-kept	program-files	360安全卫士 隔离区模块	C:\Program Files (x86)\360\360safe\360Restore.exe	C:\Program Files (x86)\360\360safe\360Restore.exe
kept	-	auth-kept	program-files	ASUS NodeJS Web Framework	C:\Program Files (x86)\ASUS\ArmouryDevice\asus_framework.exe	C:\Program Files (x86)\ASUS\ArmouryDevice\asus_framework.exe
kept	-	auth-kept	program-files	gpgsm	D:\Program Files\Git\usr\bin\gpgsm.exe	D:\Program Files\Git\usr\bin\gpgsm.exe
kept	-	auth-kept	start-menu	ok-nte	D:\Users\17822\AppData\Local\ok-nte\ok-nte.exe	C:\Users\17822\AppData\Roaming\Microsoft\Windows\Start Menu\Programs\ok-nte.lnk
filtered	5-system-tool	auth-filtered	start-menu	实时监视以下资源的使用情况和性能: CPU、磁盘、网络和内存。	C:\WINDOWS\system32\perfmon.exe	C:\ProgramData\Microsoft\Windows\Start Menu\Programs\Administrative Tools\Resource Monitor.lnk
kept	-	auth-kept	program-files	id	D:\Program Files\Git\usr\bin\id.exe	D:\Program Files\Git\usr\bin\id.exe
filtered	5-system-tool	auth-filtered	start-menu	配置和管理远程桌面网关服务器	C:\WINDOWS\system32\tsgateway.msc	C:\ProgramData\Microsoft\Windows\Start Menu\Programs\Administrative Tools\Remote Desktop Services\RD Gateway Manager.lnk
kept	-	auth-kept	program-files	Authenticode(R) - signing and verifying tool	C:\Program Files (x86)\Microsoft SDKs\ClickOnce\SignTool\signtool.exe	C:\Program Files (x86)\Microsoft SDKs\ClickOnce\SignTool\signtool.exe
kept	-	auth-kept	program-files	u2d	D:\Program Files\Git\usr\bin\u2d.exe	D:\Program Files\Git\usr\bin\u2d.exe
kept	-	auth-kept	start-menu	NVIDIA Canvas	C:\Program Files\NVIDIA Corporation\NVIDIA Canvas\Canvas.exe	C:\ProgramData\Microsoft\Windows\Start Menu\Programs\NVIDIA Corporation\NVIDIA Canvas.lnk
kept	-	auth-kept	start-menu	Launches the Python 3.10 interpreter.	C:\Users\17822\AppData\Local\Programs\Python\Python310\python.exe	C:\Users\17822\AppData\Roaming\Microsoft\Windows\Start Menu\Programs\Python 3.10\Python 3.10 (64-bit).lnk
kept	-	auth-kept	program-files	md5sum	C:\Program Files\Gpg4win\bin\md5sum.exe	C:\Program Files\Gpg4win\bin\md5sum.exe
kept	-	auth-kept	start-menu	百度网盘快捷方式	D:\Users\Public\baidu\BaiduNetdisk\BaiduNetdisk.exe	C:\ProgramData\Microsoft\Windows\Start Menu\Programs\百度网盘\百度网盘.lnk
kept	-	auth-kept	program-files	Microsoft Query	C:\Program Files\Microsoft Office\root\Office16\MSQRY32.EXE	C:\Program Files\Microsoft Office\root\Office16\MSQRY32.EXE
kept	-	auth-kept	program-files	Java(TM) Platform SE binary	C:\Program Files\Java\jdk-17\bin\jstack.exe	C:\Program Files\Java\jdk-17\bin\jstack.exe
filtered	2-excluded-name	auth-filtered	start-menu	Start the Python 3.14 documentation server.	C:\Users\17822\AppData\Local\Programs\Python\Python314\python.exe	C:\Users\17822\AppData\Roaming\Microsoft\Windows\Start Menu\Programs\Python 3.14\Python 3.14 Module Docs (64-bit).lnk
kept	-	auth-kept	program-files	Java(TM) Platform SE binary	C:\Program Files\Java\jdk-24\bin\javap.exe	C:\Program Files\Java\jdk-24\bin\javap.exe
filtered	2-excluded-name	auth-filtered	program-files	Windows Setup API	C:\Program Files\Nefarius Software Solutions\Virtual Gamepad Emulation Bus Driver\devcon.exe	C:\Program Files\Nefarius Software Solutions\Virtual Gamepad Emulation Bus Driver\devcon.exe
filtered	4-not-executable-target	auth-filtered	start-menu	Bongo Cat	steam://rungameid/3419430	C:\Users\17822\AppData\Roaming\Microsoft\Windows\Start Menu\Programs\Steam\Bongo Cat.url
filtered	5-system-tool	auth-filtered	program-files	Microsoft Network Realtime Inspection Service	C:\Program Files\Windows Defender\NisSrv.exe	C:\Program Files\Windows Defender\NisSrv.exe
kept	-	auth-kept	program-files	Python	C:\Users\17822\AppData\Local\Programs\Python\Python310\pythonw.exe	C:\Users\17822\AppData\Local\Programs\Python\Python310\pythonw.exe
kept	-	auth-kept	program-files	ASUSDigitalKeyboard	C:\Program Files\ASUS\AsusScreenXpert\ASUSDigitalKeyboard.exe	C:\Program Files\ASUS\AsusScreenXpert\ASUSDigitalKeyboard.exe
kept	-	auth-kept	program-files	SQL Server Replication Merge Agent	C:\Program Files\Microsoft SQL Server\160\COM\replmerg.exe	C:\Program Files\Microsoft SQL Server\160\COM\replmerg.exe
kept	-	auth-kept	program-files	accelerate-estimate-memory	C:\Users\17822\AppData\Local\Programs\Python\Python310\Scripts\accelerate-estimate-memory.exe	C:\Users\17822\AppData\Local\Programs\Python\Python310\Scripts\accelerate-estimate-memory.exe
kept	-	auth-kept	program-files	start-ssh-pageant	D:\Program Files\Git\cmd\start-ssh-pageant.cmd	D:\Program Files\Git\cmd\start-ssh-pageant.cmd
kept	-	auth-kept	program-files	Google Chrome	C:\Program Files\Google\Chrome\Application\chrome_proxy.exe	C:\Program Files\Google\Chrome\Application\chrome_proxy.exe
kept	-	auth-kept	program-files	Diagnostic and Debugging query tool for Npcap	C:\Program Files\Npcap\DriverQuery.exe	C:\Program Files\Npcap\DriverQuery.exe
kept	-	auth-kept	program-files	Obsidian	C:\Program Files\Obsidian\Uninstall Obsidian.exe	C:\Program Files\Obsidian\Uninstall Obsidian.exe
kept	-	auth-kept	program-files	Qoder	C:\Users\17822\AppData\Local\Programs\Qoder\Qoder.exe	C:\Users\17822\AppData\Local\Programs\Qoder\Qoder.exe
filtered	2-excluded-name	auth-filtered	program-files	Touch Keyboard and Handwriting Panel Helper	C:\Program Files (x86)\Common Files\Microsoft Shared\ink\TabTip32.exe	C:\Program Files (x86)\Common Files\Microsoft Shared\ink\TabTip32.exe
kept	-	auth-kept	start-menu	设置	D:\Program Files (x86)\SogouInput\SogouExe\SogouExe.exe	C:\ProgramData\Microsoft\Windows\Start Menu\Programs\搜狗输入法\设置.lnk
kept	-	auth-kept	program-files	VirtualBox DTrace Chooser	C:\Program Files\ldplayer9box\VBoxDTrace.exe	C:\Program Files\ldplayer9box\VBoxDTrace.exe
kept	-	auth-kept	program-files	SQL Server Replication Distribution Agent	C:\Program Files\Microsoft SQL Server\160\COM\DISTRIB.exe	C:\Program Files\Microsoft SQL Server\160\COM\DISTRIB.exe
filtered	4-not-executable-target	auth-filtered	start-menu	打字入门	D:\Program Files (x86)\SogouInput\16.8.0.5194\Sogou Tutorial.url	C:\ProgramData\Microsoft\Windows\Start Menu\Programs\搜狗输入法\链接\打字入门.lnk
kept	-	auth-kept	program-files	AI办公	C:\Program Files (x86)\360\360zip\360ZipChrome.exe	C:\Program Files (x86)\360\360zip\360ZipChrome.exe
kept	-	auth-kept	program-files	getfacl	D:\Program Files\Git\usr\bin\getfacl.exe	D:\Program Files\Git\usr\bin\getfacl.exe
kept	-	auth-kept	program-files	pinky	D:\Program Files\Git\usr\bin\pinky.exe	D:\Program Files\Git\usr\bin\pinky.exe
filtered	5-system-tool	auth-filtered	start-menu	GUI Turbo Assembler	C:\Windows\Installer\{F522C947-52FA-4C01-B933-16292944E000}\_394FB8201FE0CEDE9B6330.exe	C:\ProgramData\Microsoft\Windows\Start Menu\Programs\Lakhya's Innovation Inc\GUI Turbo Assembler\GUI Turbo Assembler.lnk
filtered	2-excluded-name	auth-filtered	start-menu	Inno Setup Documentation (Dark)	C:\Program Files\Inno Setup 7\ISetup-dark.chm	C:\ProgramData\Microsoft\Windows\Start Menu\Programs\Inno Setup 7\Inno Setup Documentation (Dark).lnk
filtered	2-excluded-name	auth-filtered	program-files	Microsoft® HTML Help Compiler	C:\Program Files (x86)\HTML Help Workshop\hhc.exe	C:\Program Files (x86)\HTML Help Workshop\hhc.exe
filtered	2-excluded-name	auth-filtered	program-files	ASUS Update	C:\Program Files (x86)\ASUS\Update\1.3.107.159\AsusUpdateBroker.exe	C:\Program Files (x86)\ASUS\Update\1.3.107.159\AsusUpdateBroker.exe
kept	-	auth-kept	start-menu	SQL Server 2022 错误和使用情况报告	C:\Program Files\Microsoft SQL Server\160\Shared\SqlWtsn.exe	C:\ProgramData\Microsoft\Windows\Start Menu\Programs\Microsoft SQL Server 2022\配置工具\SQL Server 2022 错误和使用情况报告.lnk
kept	-	auth-kept	program-files	bzip2recover	D:\Program Files\Git\usr\bin\bzip2recover.exe	D:\Program Files\Git\usr\bin\bzip2recover.exe
kept	-	auth-kept	program-files	SQLMonitor	C:\Program Files (x86)\Microsoft SQL Server Management Studio 20\Common7\sqlmonitor.exe	C:\Program Files (x86)\Microsoft SQL Server Management Studio 20\Common7\sqlmonitor.exe
kept	-	auth-kept	program-files	Java(TM) Platform SE binary	C:\Program Files\Java\jdk-17\bin\jdb.exe	C:\Program Files\Java\jdk-17\bin\jdb.exe
kept	-	auth-kept	start-menu	Run the Okular PDF viewer to sign and verify documents with GnuPG.	C:\Program Files\Gpg4win\bin\okular.exe	C:\ProgramData\Microsoft\Windows\Start Menu\Programs\Okular - GnuPG Edition.lnk
filtered	2-excluded-name	auth-filtered	program-files	压缩升级模块	C:\Program Files (x86)\360\360zip\360zipUpdate.exe	C:\Program Files (x86)\360\360zip\360zipUpdate.exe
kept	-	auth-kept	program-files	dumpsexp	D:\Program Files\Git\usr\bin\dumpsexp.exe	D:\Program Files\Git\usr\bin\dumpsexp.exe
kept	-	auth-kept	program-files	blender_oculus	D:\Program Files\Blender Foundation\Blender 3.6\blender_oculus.cmd	D:\Program Files\Blender Foundation\Blender 3.6\blender_oculus.cmd
filtered	5-system-tool	auth-filtered	program-files	Windows Defender Advanced Threat Protection Sample Upload module	C:\Program Files\Windows Defender Advanced Threat Protection\SenseSampleUploader.exe	C:\Program Files\Windows Defender Advanced Threat Protection\SenseSampleUploader.exe
filtered	2-excluded-name	auth-filtered	program-files	DesktopAppsDocumentation	http://go.microsoft.com/fwlink/p/?LinkID=529572	C:\Program Files (x86)\Windows Kits\10\Shortcuts\DesktopAppsDocumentation.url
filtered	2-excluded-name	auth-filtered	start-menu	百度网盘卸载快捷方式	D:\Users\Public\baidu\BaiduNetdisk\uninst.exe	C:\Users\17822\AppData\Roaming\Microsoft\Windows\Start Menu\Programs\百度网盘\卸载百度网盘.lnk
kept	-	auth-kept	program-files	GlideX Service Extension	C:\Program Files\ASUS\GlideX\GlideXServiceExt.exe	C:\Program Files\ASUS\GlideX\GlideXServiceExt.exe
kept	-	auth-kept	program-files	Analysis Services Instance Rename Tool	C:\Program Files (x86)\Microsoft SQL Server Management Studio 20\Common7\IDE\ASInstanceRename.exe	C:\Program Files (x86)\Microsoft SQL Server Management Studio 20\Common7\IDE\ASInstanceRename.exe
filtered	2-excluded-name	auth-filtered	start-menu	Documentation for desktop apps	C:\Program Files (x86)\Windows Kits\10\Shortcuts\DesktopAppsDocumentation.url	C:\ProgramData\Microsoft\Windows\Start Menu\Programs\Windows Kits\Windows Software Development Kit\Documentation for Desktop Apps.lnk
kept	-	auth-kept	program-files	xz data compression tool for .xz and .lzma files	D:\Program Files\Git\mingw64\bin\xzcat.exe	D:\Program Files\Git\mingw64\bin\xzcat.exe
kept	-	auth-kept	program-files	米哈游启动器	D:\Program Files\miHoYo Launcher\1.18.0.380\HYPWorker.exe	D:\Program Files\miHoYo Launcher\1.18.0.380\HYPWorker.exe
kept	-	auth-kept	program-files	vmrest	C:\Program Files (x86)\VMware\VMware Workstation\vmrest.exe	C:\Program Files (x86)\VMware\VMware Workstation\vmrest.exe
kept	-	auth-kept	program-files	Virtual Pet Launcher	C:\Program Files\ASUS\Virtual Pet\Launcher.exe	C:\Program Files\ASUS\Virtual Pet\Launcher.exe
filtered	2-excluded-name	auth-filtered	program-files	ASUS Update Setup	C:\Program Files (x86)\ASUS\ASUS\ROG Live Service\AsusUpdateSetup.exe	C:\Program Files (x86)\ASUS\ASUS\ROG Live Service\AsusUpdateSetup.exe
filtered	2-excluded-name	auth-filtered	start-menu	Uninstall Tomcat 11.0	C:\Program Files\Apache Software Foundation\Tomcat 11.0\Uninstall.exe	C:\ProgramData\Microsoft\Windows\Start Menu\Programs\Apache Tomcat 11.0 Tomcat11\Uninstall Tomcat 11.0.lnk
kept	-	auth-kept	program-files	Git for Windows	D:\Program Files\Git\mingw64\bin\git-receive-pack.exe	D:\Program Files\Git\mingw64\bin\git-receive-pack.exe
kept	-	auth-kept	program-files	ltedit	C:\Program Files\Android\Android Studio\bin\ltedit.bat	C:\Program Files\Android\Android Studio\bin\ltedit.bat
kept	-	auth-kept	program-files	lsattr	D:\Program Files\Git\usr\bin\lsattr.exe	D:\Program Files\Git\usr\bin\lsattr.exe
kept	-	auth-kept	program-files	Command-line SSH, Telnet, and Rlogin client	D:\Program Files\PuTTY\plink.exe	D:\Program Files\PuTTY\plink.exe
kept	-	auth-kept	program-files	鹰角启动器	C:\Program Files\Hypergryph Launcher\1.4.0\Patch.exe	C:\Program Files\Hypergryph Launcher\1.4.0\Patch.exe
kept	-	auth-kept	program-files	Git for Windows	D:\Program Files\Git\bin\sh.exe	D:\Program Files\Git\bin\sh.exe
kept	-	auth-kept	program-files	Command Line Interface	C:\Program Files (x86)\Windows Kits\10\App Certification Kit\appcert.exe	C:\Program Files (x86)\Windows Kits\10\App Certification Kit\appcert.exe
kept	-	auth-kept	program-files	realpath	D:\Program Files\Git\usr\bin\realpath.exe	D:\Program Files\Git\usr\bin\realpath.exe
kept	-	auth-kept	program-files	uvx	C:\Users\17822\AppData\Local\Programs\Python\Python310\Scripts\uvx.exe	C:\Users\17822\AppData\Local\Programs\Python\Python310\Scripts\uvx.exe
kept	-	auth-kept	start-menu	iSlide 诊断工具箱	C:\Program Files (x86)\iSlide Tools\iSlideTools.Toolbox.exe	C:\ProgramData\Microsoft\Windows\Start Menu\Programs\iSlide Tools\iSlide 诊断工具箱.lnk
kept	-	auth-kept	start-menu	Analysis Services 部署向导 20	C:\Program Files (x86)\Microsoft SQL Server Management Studio 20\Common7\IDE\Microsoft.AnalysisServices.Deployment.exe	C:\ProgramData\Microsoft\Windows\Start Menu\Programs\Microsoft SQL Server Tools 20\Analysis Services 部署向导 20.lnk
kept	-	auth-kept	program-files	GnuPG’s X.509/CMS tool	C:\Program Files\GnuPG\bin\gpgsm.exe	C:\Program Files\GnuPG\bin\gpgsm.exe
filtered	2-excluded-name	auth-filtered	program-files	Microsoft Edge Update	C:\Program Files (x86)\Microsoft\EdgeUpdate\1.3.265.7\MicrosoftEdgeUpdateCore.exe	C:\Program Files (x86)\Microsoft\EdgeUpdate\1.3.265.7\MicrosoftEdgeUpdateCore.exe
kept	-	auth-kept	program-files	个人空间盘	C:\Program Files (x86)\ASUS\PersonalStorage\PersonalStorage.App.exe	C:\Program Files (x86)\ASUS\PersonalStorage\PersonalStorage.App.exe
kept	-	auth-kept	start-menu	启动异环	D:\Neverness To Everness\NTELauncher.exe	C:\ProgramData\Microsoft\Windows\Start Menu\Programs\异环\启动异环.lnk
kept	-	auth-kept	program-files	secure_desktop_capture.exe	C:\Program Files (x86)\Common Files\Steam\secure_desktop_capture.exe	C:\Program Files (x86)\Common Files\Steam\secure_desktop_capture.exe
kept	-	auth-kept	program-files	configtest	C:\Program Files\Apache Software Foundation\Tomcat 11.0\bin\configtest.bat	C:\Program Files\Apache Software Foundation\Tomcat 11.0\bin\configtest.bat
kept	-	auth-kept	program-files	IIS Express Worker Process	C:\Program Files (x86)\IIS Express\iisexpress.exe	C:\Program Files (x86)\IIS Express\iisexpress.exe
kept	-	auth-kept	program-files	tqdm	C:\Users\17822\AppData\Local\Programs\Python\Python310\Scripts\tqdm.exe	C:\Users\17822\AppData\Local\Programs\Python\Python310\Scripts\tqdm.exe
kept	-	auth-kept	program-files	Java(TM) Platform SE binary	C:\Program Files\Java\jdk-17\bin\jcmd.exe	C:\Program Files\Java\jdk-17\bin\jcmd.exe
kept	-	auth-kept	program-files	TX Mascot	C:\Program Files (x86)\ASUS\ASUS\TX Mascot\TX Mascot.exe	C:\Program Files (x86)\ASUS\ASUS\TX Mascot\TX Mascot.exe
filtered	2-excluded-name	auth-filtered	program-files	360 下载管理	C:\Program Files (x86)\360\360zip\LiveUpdate360.exe	C:\Program Files (x86)\360\360zip\LiveUpdate360.exe
filtered	5-system-tool	auth-filtered	start-menu	Open Visual Studio 2022 Tools Command Prompt for targeting x86	C:\Windows\System32\cmd.exe	C:\ProgramData\Microsoft\Windows\Start Menu\Programs\Visual Studio 2022\Visual Studio Tools\VC\x86 Native Tools Command Prompt for VS 2022.lnk
kept	-	auth-kept	program-files	pinentry-basic	C:\Program Files\GnuPG\bin\pinentry-basic.exe	C:\Program Files\GnuPG\bin\pinentry-basic.exe
kept	-	auth-kept	program-files	iSlideTools.Toolbox	C:\Program Files (x86)\iSlide Tools\iSlideTools.Toolbox.exe	C:\Program Files (x86)\iSlide Tools\iSlideTools.Toolbox.exe
kept	-	auth-kept	program-files	winpty-debugserver	D:\Program Files\Git\usr\bin\winpty-debugserver.exe	D:\Program Files\Git\usr\bin\winpty-debugserver.exe
kept	-	auth-kept	program-files	SqlWtsn	C:\Program Files (x86)\Microsoft SQL Server\160\Shared\SqlWtsn.exe	C:\Program Files (x86)\Microsoft SQL Server\160\Shared\SqlWtsn.exe
kept	-	auth-kept	start-menu	Cisco Packet Tracer	D:\Program Files\Cisco Packet Tracer 8.2.2\bin\PacketTracer.exe	C:\ProgramData\Microsoft\Windows\Start Menu\Programs\Cisco Packet Tracer\Cisco Packet Tracer.lnk
kept	-	auth-kept	start-menu	百度网盘快捷方式	D:\Users\Public\baidu\BaiduNetdisk\BaiduNetdisk.exe	C:\Users\17822\AppData\Roaming\Microsoft\Windows\Start Menu\Programs\百度网盘\百度网盘.lnk
kept	-	auth-kept	program-files	Elevate	C:\Program Files\Unity Hub\resources\elevate.exe	C:\Program Files\Unity Hub\resources\elevate.exe
kept	-	auth-kept	program-files	Windows Subsystem for Linux Service	C:\Program Files\WSL\wslservice.exe	C:\Program Files\WSL\wslservice.exe
kept	-	auth-kept	program-files	LegacySettingsImport	C:\Program Files (x86)\Labcenter Electronics\Proteus 8 Professional\BIN\LegacySettingsImport.exe	C:\Program Files (x86)\Labcenter Electronics\Proteus 8 Professional\BIN\LegacySettingsImport.exe
kept	-	auth-kept	start-menu	配置 WPS Office	D:\Users\17822\AppData\Local\Kingsoft\WPS Office\12.1.0.28505\office6\ksomisc.exe	C:\Users\17822\AppData\Roaming\Microsoft\Windows\Start Menu\Programs\WPS Office\WPS Office 工具\配置工具.lnk
kept	-	auth-kept	program-files	adig	D:\Program Files\Git\mingw64\bin\adig.exe	D:\Program Files\Git\mingw64\bin\adig.exe
filtered	2-excluded-name	auth-filtered	program-files	Copilot Update	C:\Program Files (x86)\Microsoft\EdgeUpdate\CopilotUpdate.exe	C:\Program Files (x86)\Microsoft\EdgeUpdate\CopilotUpdate.exe
kept	-	auth-kept	program-files	Visual Studio Code	C:\Users\17822\AppData\Local\Programs\Microsoft VS Code\bin\code-tunnel.exe	C:\Users\17822\AppData\Local\Programs\Microsoft VS Code\bin\code-tunnel.exe
kept	-	auth-kept	program-files	miniunz	D:\Program Files\Cisco Packet Tracer 8.2.2\bin\miniunz.exe	D:\Program Files\Cisco Packet Tracer 8.2.2\bin\miniunz.exe
kept	-	auth-kept	program-files	Elevate	C:\Program Files\XiaoshuoClaw\resources\elevate.exe	C:\Program Files\XiaoshuoClaw\resources\elevate.exe
filtered	2-excluded-name	auth-filtered	program-files	Microsoft Update Health Service	C:\Program Files\Microsoft Update Health Tools\uhssvc.exe	C:\Program Files\Microsoft Update Health Tools\uhssvc.exe
kept	-	auth-kept	program-files	qoder	C:\Users\17822\AppData\Local\Programs\Qoder\bin\qoder.cmd	C:\Users\17822\AppData\Local\Programs\Qoder\bin\qoder.cmd
kept	-	auth-kept	program-files	The Official Tuanjie Hub	D:\Program Files\Tuanjie Hub\Uninstall Tuanjie Hub.exe	D:\Program Files\Tuanjie Hub\Uninstall Tuanjie Hub.exe
kept	-	auth-kept	program-files	OneDrive	C:\Program Files\Microsoft OneDrive\OneDrive.App.exe	C:\Program Files\Microsoft OneDrive\OneDrive.App.exe
kept	-	auth-kept	program-files	XYCrashReport Module	C:\Program Files (x86)\yxq_nethelper\XYCrashReport.exe	C:\Program Files (x86)\yxq_nethelper\XYCrashReport.exe
kept	-	auth-kept	program-files	AppLauncher	C:\Program Files\ASUS\ARMOURY CRATE Service\AC_FDSPlugin\AppLauncher.exe	C:\Program Files\ASUS\ARMOURY CRATE Service\AC_FDSPlugin\AppLauncher.exe
kept	-	auth-kept	program-files	bldRTIsoMaker	C:\Program Files\ldplayer9box\bldRTIsoMaker.exe	C:\Program Files\ldplayer9box\bldRTIsoMaker.exe
kept	-	auth-kept	program-files	gencat	D:\Program Files\Git\usr\bin\gencat.exe	D:\Program Files\Git\usr\bin\gencat.exe
kept	-	auth-kept	program-files	nvrla	C:\Program Files\NVIDIA Corporation\FrameViewSDK\bin\nvrla.exe	C:\Program Files\NVIDIA Corporation\FrameViewSDK\bin\nvrla.exe
kept	-	auth-kept	program-files	VirtualBox Pure SDL Frontend	C:\Program Files\ldplayer9box\VBoxSDL.exe	C:\Program Files\ldplayer9box\VBoxSDL.exe
filtered	2-excluded-name	auth-filtered	program-files	GnuPG’s LDAP helper	C:\Program Files\GnuPG\bin\dirmngr_ldap.exe	C:\Program Files\GnuPG\bin\dirmngr_ldap.exe
kept	-	auth-kept	program-files	create-shortcut	D:\Program Files\Git\mingw64\bin\create-shortcut.exe	D:\Program Files\Git\mingw64\bin\create-shortcut.exe
filtered	2-excluded-name	auth-filtered	program-files	install_tools	D:\Program Files\nodejs\install_tools.bat	D:\Program Files\nodejs\install_tools.bat
kept	-	auth-kept	program-files	截屏工具	C:\Program Files (x86)\360\360zip\utils\360ScreenCapture.exe	C:\Program Files (x86)\360\360zip\utils\360ScreenCapture.exe
kept	-	auth-kept	program-files	docker-sandbox	C:\Program Files\Docker\cli-plugins\docker-sandbox.exe	C:\Program Files\Docker\cli-plugins\docker-sandbox.exe
kept	-	auth-kept	program-files	ASUS Foldable Switcher	C:\Program Files\ASUS\AsusScreenXpert\AsusFoldableSwitcher.exe	C:\Program Files\ASUS\AsusScreenXpert\AsusFoldableSwitcher.exe
filtered	2-excluded-name	auth-filtered	program-files	NetAdp6Install	C:\Program Files\ldplayer9box\NetAdp6Install.exe	C:\Program Files\ldplayer9box\NetAdp6Install.exe
kept	-	auth-kept	program-files	GlideX Remote Desktop	C:\Program Files\ASUS\GlideX\GlideXRemote\GlideXRemoteDesktop.exe	C:\Program Files\ASUS\GlideX\GlideXRemote\GlideXRemoteDesktop.exe
kept	-	auth-kept	program-files	sftp	D:\Program Files\Git\usr\bin\sftp.exe	D:\Program Files\Git\usr\bin\sftp.exe
filtered	2-excluded-name	auth-filtered	program-files	cygwin-console-helper	D:\Program Files\Git\usr\bin\cygwin-console-helper.exe	D:\Program Files\Git\usr\bin\cygwin-console-helper.exe
kept	-	auth-kept	program-files	tstAnimate	C:\Program Files\ldplayer9box\tstAnimate.exe	C:\Program Files\ldplayer9box\tstAnimate.exe
kept	-	auth-kept	program-files	tabs	D:\Program Files\Git\usr\bin\tabs.exe	D:\Program Files\Git\usr\bin\tabs.exe
filtered	2-excluded-name	auth-filtered	program-files	ServiceInstallBatch	C:\Program Files (x86)\LightingService\ServiceInstallBatch.bat	C:\Program Files (x86)\LightingService\ServiceInstallBatch.bat
filtered	2-excluded-name	auth-filtered	program-files	VSIXInstaller	C:\Program Files (x86)\Microsoft SQL Server Management Studio 20\Common7\IDE\VSIXInstaller.exe	C:\Program Files (x86)\Microsoft SQL Server Management Studio 20\Common7\IDE\VSIXInstaller.exe
kept	-	auth-kept	program-files	Microsoft Excel	C:\Program Files\Microsoft Office\root\Office16\EXCEL.EXE	C:\Program Files\Microsoft Office\root\Office16\EXCEL.EXE
kept	-	auth-kept	program-files	ASUS Monitor Control	C:\Program Files (x86)\ASUS\ASUS\ASUS Monitor Control\Setup_tool.exe	C:\Program Files (x86)\ASUS\ASUS\ASUS Monitor Control\Setup_tool.exe
filtered	5-system-tool	auth-filtered	start-menu	RD 授权诊断程序管理单元	C:\WINDOWS\system32\lsdiag.msc	C:\ProgramData\Microsoft\Windows\Start Menu\Programs\Administrative Tools\Remote Desktop Services\Remote Desktop Licensing Diagnosis.lnk
kept	-	auth-kept	program-files	Skype for Business	C:\Program Files\Microsoft Office\root\Office16\UcMapi.exe	C:\Program Files\Microsoft Office\root\Office16\UcMapi.exe
kept	-	auth-kept	program-files	uv	C:\Users\17822\AppData\Local\Programs\Python\Python310\Scripts\uv.exe	C:\Users\17822\AppData\Local\Programs\Python\Python310\Scripts\uv.exe
kept	-	auth-kept	program-files	uname	D:\Program Files\Git\usr\bin\uname.exe	D:\Program Files\Git\usr\bin\uname.exe
kept	-	auth-kept	program-files	小硕 × WorkBuddy	C:\Program Files\XiaoshuoClaw\XiaoshuoClaw.exe	C:\Program Files\XiaoshuoClaw\XiaoshuoClaw.exe
filtered	5-system-tool	auth-filtered	program-files	Windows Defender Offline Shell	C:\Program Files\Windows Defender\Offline\OfflineScannerShell.exe	C:\Program Files\Windows Defender\Offline\OfflineScannerShell.exe
kept	-	auth-kept	program-files	migrate	C:\Program Files\Apache Software Foundation\Tomcat 11.0\bin\migrate.bat	C:\Program Files\Apache Software Foundation\Tomcat 11.0\bin\migrate.bat
kept	-	auth-kept	program-files	SQL Browser Service EXE	C:\Program Files (x86)\Microsoft SQL Server\90\Shared\sqlbrowser.exe	C:\Program Files (x86)\Microsoft SQL Server\90\Shared\sqlbrowser.exe
kept	-	auth-kept	program-files	原神	D:\Program Files\Genshin Impact bilibili\1.18.0.380\HYSafeMode.exe	D:\Program Files\Genshin Impact bilibili\1.18.0.380\HYSafeMode.exe
kept	-	auth-kept	start-menu	SQL Server 2022 导入和导出数据(64 位)	C:\Program Files\Microsoft SQL Server\160\DTS\Binn\DTSWizard.exe	C:\ProgramData\Microsoft\Windows\Start Menu\Programs\Microsoft SQL Server 2022\SQL Server 2022 导入和导出数据(64 位).lnk
kept	-	auth-kept	program-files	Python	C:\Users\17822\AppData\Local\Programs\Python\Python310\python.exe	C:\Users\17822\AppData\Local\Programs\Python\Python310\python.exe
kept	-	auth-kept	program-files	Java(TM) Platform SE binary	C:\Program Files\Java\jdk-24\bin\jdeps.exe	C:\Program Files\Java\jdk-24\bin\jdeps.exe
kept	-	auth-kept	program-files	GnuPG’s smartcard daemon	C:\Program Files\GnuPG\bin\scdaemon.exe	C:\Program Files\GnuPG\bin\scdaemon.exe
filtered	4-not-executable-target	auth-filtered	start-menu	PuTTY Web Site	D:\Program Files\PuTTY\website.url	C:\ProgramData\Microsoft\Windows\Start Menu\Programs\PuTTY (64-bit)\PuTTY Web Site.lnk
kept	-	auth-kept	program-files	WakeGPU.dll	C:\Program Files\ASUS\ARMOURY CRATE Service\SystemDevicePlugin\WakeGPU.exe	C:\Program Files\ASUS\ARMOURY CRATE Service\SystemDevicePlugin\WakeGPU.exe
kept	-	auth-kept	program-files	Sysinternals Screen Magnifier	C:\Program Files (x86)\iSlide Tools\Files\ZoomIt.exe	C:\Program Files (x86)\iSlide Tools\Files\ZoomIt.exe
kept	-	auth-kept	program-files	微信输入法	D:\Program Files\Tencent\Weixin\4.1.13.65\WetypeInstaller.exe	D:\Program Files\Tencent\Weixin\4.1.13.65\WetypeInstaller.exe
kept	-	auth-kept	start-menu	Node.js	D:\Program Files\nodejs\node.exe	C:\ProgramData\Microsoft\Windows\Start Menu\Programs\Node.js\Node.js.lnk
kept	-	auth-kept	start-menu	浏览 Web	C:\Program Files (x86)\Microsoft\Edge\Application\msedge.exe	C:\ProgramData\Microsoft\Windows\Start Menu\Programs\Microsoft Edge.lnk
filtered	2-excluded-name	auth-filtered	program-files	Firefox Helper	C:\Program Files\Mozilla Firefox\uninstall\helper.exe	C:\Program Files\Mozilla Firefox\uninstall\helper.exe
filtered	2-excluded-name	auth-filtered	program-files	WeChatUpdate	D:\Program Files\Tencent\Weixin\4.1.13.65\WeixinUpdate.exe	D:\Program Files\Tencent\Weixin\4.1.13.65\WeixinUpdate.exe
kept	-	auth-kept	program-files	ciphers	C:\Program Files\Apache Software Foundation\Tomcat 11.0\bin\ciphers.bat	C:\Program Files\Apache Software Foundation\Tomcat 11.0\bin\ciphers.bat
kept	-	auth-kept	program-files	Microsoft Visual Studio Web Protocol Handler Selector	C:\Program Files (x86)\Microsoft SQL Server Management Studio 20\Common7\IDE\VSWebLauncher.exe	C:\Program Files (x86)\Microsoft SQL Server Management Studio 20\Common7\IDE\VSWebLauncher.exe
kept	-	auth-kept	program-files	transformers-cli	C:\Users\17822\AppData\Local\Programs\Python\Python310\Scripts\transformers-cli.exe	C:\Users\17822\AppData\Local\Programs\Python\Python310\Scripts\transformers-cli.exe
kept	-	auth-kept	program-files	VMware Workstation VMX	C:\Program Files (x86)\VMware\VMware Workstation\x64\vmware-vmx-stats.exe	C:\Program Files (x86)\VMware\VMware Workstation\x64\vmware-vmx-stats.exe
kept	-	auth-kept	program-files	ASUS Quick Key	C:\Program Files\ASUS\AsusScreenXpert\AsusQuickKey.exe	C:\Program Files\ASUS\AsusScreenXpert\AsusQuickKey.exe
filtered	2-excluded-name	auth-filtered	program-files	NetFltInstall	C:\Program Files\ldplayer9box\NetFltInstall.exe	C:\Program Files\ldplayer9box\NetFltInstall.exe
kept	-	auth-kept	program-files	yat2m	D:\Program Files\Git\usr\bin\yat2m.exe	D:\Program Files\Git\usr\bin\yat2m.exe
kept	-	auth-kept	program-files	Tuanjie.Licensing.Client	D:\Program Files\Tuanjie Hub\Frameworks\LicensingClient\Tuanjie.Licensing.Client.exe	D:\Program Files\Tuanjie Hub\Frameworks\LicensingClient\Tuanjie.Licensing.Client.exe
kept	-	auth-kept	start-menu	夸克网盘	D:\Users\17822\AppData\Local\Programs\Quark\quark.exe	C:\ProgramData\Microsoft\Windows\Start Menu\Programs\夸克网盘.lnk
kept	-	auth-kept	program-files	Create Virtual Machine	C:\Program Files\Hyper-V\VMCreate.exe	C:\Program Files\Hyper-V\VMCreate.exe
kept	-	auth-kept	program-files	Virtual machine automation tool	C:\Program Files (x86)\VMware\VMware Workstation\vmrun.exe	C:\Program Files (x86)\VMware\VMware Workstation\vmrun.exe
kept	-	auth-kept	program-files	WhoUses	D:\Program Files\Git\mingw64\bin\WhoUses.exe	D:\Program Files\Git\mingw64\bin\WhoUses.exe
kept	-	auth-kept	program-files	米哈游启动器	D:\Program Files\miHoYo Launcher\1.18.0.380\crashreport.exe	D:\Program Files\miHoYo Launcher\1.18.0.380\crashreport.exe
kept	-	auth-kept	program-files	Internet Low-Mic Utility Tool	C:\Program Files\Internet Explorer\ielowutil.exe	C:\Program Files\Internet Explorer\ielowutil.exe
kept	-	auth-kept	program-files	dos2unix	D:\Program Files\Git\usr\bin\dos2unix.exe	D:\Program Files\Git\usr\bin\dos2unix.exe
kept	-	auth-kept	program-files	gifsicle	C:\Program Files (x86)\iSlide Tools\Files\gifsicle.exe	C:\Program Files (x86)\iSlide Tools\Files\gifsicle.exe
filtered	2-excluded-name	auth-filtered	start-menu	帮助你与电脑交互，并通过语音听写文本。	C:\WINDOWS\system32\voiceaccess.exe	C:\Users\17822\AppData\Roaming\Microsoft\Windows\Start Menu\Programs\Accessibility\VoiceAccess.lnk
kept	-	auth-kept	program-files	MediBangPaintPro	D:\Program Files\Medibang\MediBang Paint Pro\MediBangPaintPro.exe	D:\Program Files\Medibang\MediBang Paint Pro\MediBangPaintPro.exe
kept	-	auth-kept	program-files	tput	D:\Program Files\Git\usr\bin\tput.exe	D:\Program Files\Git\usr\bin\tput.exe
kept	-	auth-kept	start-menu	ORAY Software	D:\Program Files\Oray\SunLogin\SunloginClient\SunloginClient.exe	C:\ProgramData\Microsoft\Windows\Start Menu\Programs\a豆 x 向日葵远控\卸载a豆 x 向日葵远控.lnk
kept	-	auth-kept	program-files	Skype for Business	C:\Program Files\Microsoft Office\root\Office16\lync99.exe	C:\Program Files\Microsoft Office\root\Office16\lync99.exe
kept	-	auth-kept	program-files	steamerrorreporter.exe	C:\Program Files (x86)\Common Files\Steam\steamerrorreporter64.exe	C:\Program Files (x86)\Common Files\Steam\steamerrorreporter64.exe
kept	-	auth-kept	program-files	Launcher for all Omniverse applications.	C:\Program Files\NVIDIA Corporation\NVIDIA Omniverse Launcher\Uninstall NVIDIA Omniverse Launcher.exe	C:\Program Files\NVIDIA Corporation\NVIDIA Omniverse Launcher\Uninstall NVIDIA Omniverse Launcher.exe
kept	-	auth-kept	start-menu	华林证券金融终端	D:\zd_hlzq\TdxW.exe	C:\Users\17822\AppData\Roaming\Microsoft\Windows\Start Menu\Programs\华林证券金融终端\华林证券金融终端.lnk
kept	-	auth-kept	program-files	Microsoft Edge	C:\Program Files (x86)\Microsoft\EdgeCore\Optimized\elevated_tracing_service.exe	C:\Program Files (x86)\Microsoft\EdgeCore\Optimized\elevated_tracing_service.exe
filtered	2-excluded-name	auth-filtered	program-files	小米笔记本升级服务	C:\Program Files (x86)\Timi Personal Computing\MiService\3.0.0.304\UpdateBroker.exe	C:\Program Files (x86)\Timi Personal Computing\MiService\3.0.0.304\UpdateBroker.exe
filtered	5-system-tool	auth-filtered	program-files	Antimalware Core Service	C:\Program Files\Windows Defender\MpDefenderCoreService.exe	C:\Program Files\Windows Defender\MpDefenderCoreService.exe
filtered	2-excluded-name	auth-filtered	program-files	VSContentInstaller.exe	C:\Program Files (x86)\Common Files\Microsoft Shared\MSEnv\VSContentInstaller.exe	C:\Program Files (x86)\Common Files\Microsoft Shared\MSEnv\VSContentInstaller.exe
kept	-	auth-kept	start-menu	Shortcut to Windows App Cert Kit	C:\Program Files (x86)\Windows Kits\10\App Certification Kit\appcertui.exe	C:\ProgramData\Microsoft\Windows\Start Menu\Programs\Windows Kits\Windows App Certification Kit\Windows App Cert Kit.lnk
kept	-	auth-kept	start-menu	iSlide	C:\Program Files (x86)\iSlide Tools\iSlideTools.App.exe	C:\ProgramData\Microsoft\Windows\Start Menu\Programs\iSlide Tools\iSlide.lnk
kept	-	auth-kept	program-files	fmt	D:\Program Files\Git\usr\bin\fmt.exe	D:\Program Files\Git\usr\bin\fmt.exe
kept	-	auth-kept	start-menu	记录笔记，并在需要时使用它们。	C:\Program Files\Microsoft Office\root\Office16\ONENOTE.EXE	C:\ProgramData\Microsoft\Windows\Start Menu\Programs\Sticky Notes (new).lnk
kept	-	auth-kept	program-files	Windows Media Player Configuration	C:\Program Files (x86)\Windows Media Player\wmpconfig.exe	C:\Program Files (x86)\Windows Media Player\wmpconfig.exe
kept	-	auth-kept	program-files	draw.io	D:\Program Files\draw.io\draw.io.exe	D:\Program Files\draw.io\draw.io.exe
kept	-	auth-kept	program-files	VBoxCpuReport	C:\Program Files\AndrowsBox\VBoxCpuReport.exe	C:\Program Files\AndrowsBox\VBoxCpuReport.exe
kept	-	auth-kept	program-files	Java(TM) Platform SE binary	C:\Program Files\Java\jdk-24\bin\jabswitch.exe	C:\Program Files\Java\jdk-24\bin\jabswitch.exe
kept	-	auth-kept	program-files	nettle-hash	D:\Program Files\Git\usr\bin\nettle-hash.exe	D:\Program Files\Git\usr\bin\nettle-hash.exe
filtered	2-excluded-name	auth-filtered	program-files	Setup/Uninstall	C:\Users\17822\AppData\Local\Programs\Trae CN\unins000.exe	C:\Users\17822\AppData\Local\Programs\Trae CN\unins000.exe
filtered	2-excluded-name	auth-filtered	program-files	VMWare_安装助手	C:\Users\17822\AppData\Local\Programs\vm\vm.exe	C:\Users\17822\AppData\Local\Programs\vm\vm.exe
kept	-	auth-kept	program-files	HlpCtntMgr.exe	C:\Program Files (x86)\Microsoft Help Viewer\v2.3\HlpCtntMgr.exe	C:\Program Files (x86)\Microsoft Help Viewer\v2.3\HlpCtntMgr.exe
filtered	2-excluded-name	auth-filtered	program-files	crashhelper	C:\Program Files\Mozilla Firefox\crashhelper.exe	C:\Program Files\Mozilla Firefox\crashhelper.exe
kept	-	auth-kept	start-menu	设置向导	D:\Program Files (x86)\SogouInput\SogouExe\SogouExe.exe	C:\ProgramData\Microsoft\Windows\Start Menu\Programs\搜狗输入法\设置向导.lnk
kept	-	auth-kept	program-files	pingsender	C:\Program Files\Mozilla Firefox\pingsender.exe	C:\Program Files\Mozilla Firefox\pingsender.exe
filtered	5-system-tool	auth-filtered	start-menu	Windows PowerShell 集成脚本环境。执行基于对象的(命令行)函数	C:\WINDOWS\system32\WindowsPowerShell\v1.0\PowerShell_ISE.exe	C:\ProgramData\Microsoft\Windows\Start Menu\Programs\Windows PowerShell\Windows PowerShell ISE.lnk
kept	-	auth-kept	program-files	Java(TM) Platform SE binary	C:\Program Files\Java\jdk-17\bin\jps.exe	C:\Program Files\Java\jdk-17\bin\jps.exe
kept	-	auth-kept	program-files	bunzip2	D:\Program Files\Git\mingw64\bin\bunzip2.exe	D:\Program Files\Git\mingw64\bin\bunzip2.exe
kept	-	auth-kept	program-files	kill	D:\Program Files\Git\usr\bin\kill.exe	D:\Program Files\Git\usr\bin\kill.exe
kept	-	auth-kept	program-files	Microsoft SQL Server Database Mail Wizard	C:\Program Files (x86)\Microsoft SQL Server Management Studio 20\Common7\IDE\DatabaseMailWizard.exe	C:\Program Files (x86)\Microsoft SQL Server Management Studio 20\Common7\IDE\DatabaseMailWizard.exe
kept	-	auth-kept	start-menu	TRAE Work CN	C:\Users\17822\AppData\Local\Programs\TRAE SOLO CN\TRAE SOLO CN.exe	C:\Users\17822\AppData\Roaming\Microsoft\Windows\Start Menu\Programs\TRAE Work CN\TRAE Work CN.lnk
kept	-	auth-kept	program-files	pdftotext	D:\Program Files\Git\mingw64\bin\pdftotext.exe	D:\Program Files\Git\mingw64\bin\pdftotext.exe
kept	-	auth-kept	program-files	git-credential-manager	D:\Program Files\Git\mingw64\bin\git-credential-manager.exe	D:\Program Files\Git\mingw64\bin\git-credential-manager.exe
kept	-	auth-kept	program-files	Microsoft Edge	C:\Program Files (x86)\Microsoft\EdgeCore\152.0.4191.66\cookie_exporter.exe	C:\Program Files (x86)\Microsoft\EdgeCore\152.0.4191.66\cookie_exporter.exe
kept	-	auth-kept	program-files	Microsoft Office component	C:\Program Files\Microsoft Office\root\Office16\PPTICO.EXE	C:\Program Files\Microsoft Office\root\Office16\PPTICO.EXE
filtered	2-excluded-name	auth-filtered	program-files	VMware network install library executable	C:\Program Files (x86)\Common Files\VMware\USB\vnetlib64.exe	C:\Program Files (x86)\Common Files\VMware\USB\vnetlib64.exe
kept	-	auth-kept	program-files	accelerate	C:\Users\17822\AppData\Local\Programs\Python\Python310\Scripts\accelerate.exe	C:\Users\17822\AppData\Local\Programs\Python\Python310\Scripts\accelerate.exe
kept	-	auth-kept	program-files	stdbuf	D:\Program Files\Git\usr\bin\stdbuf.exe	D:\Program Files\Git\usr\bin\stdbuf.exe
kept	-	auth-kept	program-files	Microsoft Edge	C:\Program Files (x86)\Microsoft\EdgeCore\Optimized\msedge_proxy.exe	C:\Program Files (x86)\Microsoft\EdgeCore\Optimized\msedge_proxy.exe
kept	-	auth-kept	program-files	Git for Windows	D:\Program Files\Git\cmd\scalar.exe	D:\Program Files\Git\cmd\scalar.exe
kept	-	auth-kept	program-files	du	D:\Program Files\Git\usr\bin\du.exe	D:\Program Files\Git\usr\bin\du.exe
kept	-	auth-kept	program-files	tzset	D:\Program Files\Git\usr\bin\tzset.exe	D:\Program Files\Git\usr\bin\tzset.exe
filtered	4-not-executable-target	auth-filtered	start-menu	Godot Engine	steam://rungameid/404790	C:\Users\17822\AppData\Roaming\Microsoft\Windows\Start Menu\Programs\Steam\Godot Engine.url
filtered	2-excluded-name	auth-filtered	start-menu	卸载BetterGI	D:\17822\Documents\BetterGI\BetterGI.uninst.exe	C:\ProgramData\Microsoft\Windows\Start Menu\Programs\BetterGI\卸载BetterGI.lnk
kept	-	auth-kept	program-files	PWA Identity Proxy Host	C:\Program Files (x86)\Microsoft\EdgeCore\152.0.4191.66\identity_helper.exe	C:\Program Files (x86)\Microsoft\EdgeCore\152.0.4191.66\identity_helper.exe
kept	-	auth-kept	program-files	TypeLibBuilder.exe	C:\Program Files (x86)\Microsoft Visual Studio 9.0\Common7\Packages\typelibbuilder.exe	C:\Program Files (x86)\Microsoft Visual Studio 9.0\Common7\Packages\typelibbuilder.exe
filtered	4-not-executable-target	auth-filtered	start-menu	关于 iSlide	https://www.islide.cc	C:\ProgramData\Microsoft\Windows\Start Menu\Programs\iSlide Tools\关于 iSlide.url
kept	-	auth-kept	program-files	docker-ai	C:\Program Files\Docker\cli-plugins\docker-ai.exe	C:\Program Files\Docker\cli-plugins\docker-ai.exe
kept	-	auth-kept	program-files	Canon IJ Printer Assistant Tool	C:\Program Files\Canon\Canon IJ Printer Assistant Tool\x86\cnmpaui.exe	C:\Program Files\Canon\Canon IJ Printer Assistant Tool\x86\cnmpaui.exe
kept	-	auth-kept	program-files	Java(TM) Platform SE binary	C:\Program Files\Java\jdk-24\bin\javac.exe	C:\Program Files\Java\jdk-24\bin\javac.exe
filtered	2-excluded-name	auth-filtered	program-files	PwaHelper executable for Identity Proxy	C:\Program Files (x86)\Microsoft\EdgeCore\153.0.4234.32\pwahelper.exe	C:\Program Files (x86)\Microsoft\EdgeCore\153.0.4234.32\pwahelper.exe
kept	-	auth-kept	program-files	AsusCertService.exe	C:\Program Files (x86)\ASUS\ASUS\Armoury Crate Service Core\AsusCertService.exe	C:\Program Files (x86)\ASUS\ASUS\Armoury Crate Service Core\AsusCertService.exe
kept	-	auth-kept	program-files	gdbm_dump	D:\Program Files\Git\usr\bin\gdbm_dump.exe	D:\Program Files\Git\usr\bin\gdbm_dump.exe
kept	-	auth-kept	program-files	SQL External minidumper	C:\Program Files (x86)\Microsoft Analysis Services\AS OLEDB\140\SQLDumper.exe	C:\Program Files (x86)\Microsoft Analysis Services\AS OLEDB\140\SQLDumper.exe
kept	-	auth-kept	program-files	AsZip	C:\Program Files (x86)\ASUS\AsusROGLSLService\AsZip.exe	C:\Program Files (x86)\ASUS\AsusROGLSLService\AsZip.exe
filtered	2-excluded-name	auth-filtered	start-menu	View Help	C:\Windows\Installer\{F522C947-52FA-4C01-B933-16292944E000}\_D0F722CAB868A8B9D8C3DD.exe	C:\ProgramData\Microsoft\Windows\Start Menu\Programs\Lakhya's Innovation Inc\GUI Turbo Assembler\View Help.lnk
kept	-	auth-kept	program-files	pr	D:\Program Files\Git\usr\bin\pr.exe	D:\Program Files\Git\usr\bin\pr.exe
kept	-	auth-kept	program-files	upload_crash	D:\Program Files\Genshin Impact\Genshin Impact Game\YuanShen_Data\upload_crash.exe	D:\Program Files\Genshin Impact\Genshin Impact Game\YuanShen_Data\upload_crash.exe
kept	-	auth-kept	program-files	.NET Runtime Crash Dump Generator	C:\Program Files (x86)\ASUS\PersonalStorage\createdump.exe	C:\Program Files (x86)\ASUS\PersonalStorage\createdump.exe
filtered	2-excluded-name	auth-filtered	program-files	Windows Process List Helper utility	C:\Program Files\Android\Android Studio\bin\WinProcessListHelper.exe	C:\Program Files\Android\Android Studio\bin\WinProcessListHelper.exe
filtered	2-excluded-name	auth-filtered	start-menu	浏览快如风，隐私不透风	C:\Program Files\Mozilla Firefox\firefox.exe	C:\ProgramData\Microsoft\Windows\Start Menu\Programs\Firefox.lnk
kept	-	auth-kept	start-menu	WorkBuddy Desktop - AI Agent Desktop Application	C:\Program Files\XiaoshuoClaw\XiaoshuoClaw.exe	C:\ProgramData\Microsoft\Windows\Start Menu\Programs\小硕 × WorkBuddy.lnk
kept	-	auth-kept	start-menu	腾讯会议	D:\Program Files (x86)\Tencent\WeMeet\wemeetapp.exe	C:\ProgramData\Microsoft\Windows\Start Menu\Programs\腾讯会议.lnk
kept	-	auth-kept	program-files	系统信息	C:\Program Files\Common Files\microsoft shared\MSInfo\msinfo32.exe	C:\Program Files\Common Files\microsoft shared\MSInfo\msinfo32.exe
kept	-	auth-kept	program-files	USBTest	C:\Program Files\ldplayer9box\USBTest.exe	C:\Program Files\ldplayer9box\USBTest.exe
filtered	5-system-tool	auth-filtered	program-files	Windows Defender Advanced Threat Protection Sense Dlp Processor module	C:\Program Files\Windows Defender Advanced Threat Protection\SenseDlpProcessor.exe	C:\Program Files\Windows Defender Advanced Threat Protection\SenseDlpProcessor.exe
kept	-	auth-kept	program-files	gpgtar	D:\Program Files\Git\usr\bin\gpgtar.exe	D:\Program Files\Git\usr\bin\gpgtar.exe
kept	-	auth-kept	program-files	Canon IJ Print Utility	C:\Program Files\Canon\Canon IJ Printer Assistant Tool\cnmpase.exe	C:\Program Files\Canon\Canon IJ Printer Assistant Tool\cnmpase.exe
filtered	2-excluded-name	auth-filtered	program-files	Trae Inno Updater	C:\Users\17822\AppData\Local\Programs\Trae CN\tools\inno_updater.exe	C:\Users\17822\AppData\Local\Programs\Trae CN\tools\inno_updater.exe
kept	-	auth-kept	program-files	containerd-shim-crx-v2	C:\Program Files (x86)\VMware\VMware Workstation\containerd-shim-crx-v2.exe	C:\Program Files (x86)\VMware\VMware Workstation\containerd-shim-crx-v2.exe
kept	-	auth-kept	program-files	Java(TM) Platform SE binary	C:\Program Files\Java\jdk-24\bin\jpackage.exe	C:\Program Files\Java\jdk-24\bin\jpackage.exe
kept	-	auth-kept	start-menu	Steam	D:\Program Files (x86)\Steam\steam.exe	C:\Users\17822\AppData\Roaming\Microsoft\Windows\Start Menu\Programs\Steam\Steam.lnk
kept	-	auth-kept	program-files	Java(TM) Platform SE binary	C:\Program Files\Java\jdk-24\bin\jfr.exe	C:\Program Files\Java\jdk-24\bin\jfr.exe
filtered	2-excluded-name	auth-filtered	program-files	ASUS Update	C:\Program Files (x86)\ASUS\Update\1.3.107.159\AsusCrashHandler.exe	C:\Program Files (x86)\ASUS\Update\1.3.107.159\AsusCrashHandler.exe
kept	-	auth-kept	program-files	AsusScreenXpertReunion	C:\Program Files\ASUS\AsusScreenXpert\Arm\AsusScreenXpertReunion.exe	C:\Program Files\ASUS\AsusScreenXpert\Arm\AsusScreenXpertReunion.exe
filtered	2-excluded-name	auth-filtered	program-files	Mozilla Maintenance Service Installer	C:\Program Files (x86)\Mozilla Maintenance Service\Uninstall.exe	C:\Program Files (x86)\Mozilla Maintenance Service\Uninstall.exe
kept	-	auth-kept	program-files	VirtualBox OpenGL Test Tool	C:\Program Files\AndrowsBox\VBoxTestOGL.exe	C:\Program Files\AndrowsBox\VBoxTestOGL.exe
filtered	2-excluded-name	auth-filtered	program-files	SUPUninstall	C:\Program Files\AndrowsBox\SUPUninstall.exe	C:\Program Files\AndrowsBox\SUPUninstall.exe
filtered	5-system-tool	auth-filtered	program-files	Windows Defender Advanced Threat Protection - Sense NDR module	C:\Program Files\Windows Defender Advanced Threat Protection\SenseNdr.exe	C:\Program Files\Windows Defender Advanced Threat Protection\SenseNdr.exe
kept	-	auth-kept	program-files	expand	D:\Program Files\Git\usr\bin\expand.exe	D:\Program Files\Git\usr\bin\expand.exe
filtered	2-excluded-name	auth-filtered	program-files	360安全卫士 漏洞补丁安装模块	C:\Program Files (x86)\360\360safe\modules\360PatchMgr64.exe	C:\Program Files (x86)\360\360safe\modules\360PatchMgr64.exe
kept	-	auth-kept	start-menu	Team Render Server	C:\Program Files\Maxon Cinema 4D 2024\Cinema 4D Team Render Server.exe	C:\ProgramData\Microsoft\Windows\Start Menu\Programs\Maxon\Maxon Cinema 4D\Team Render Server 2024.lnk
kept	-	auth-kept	program-files	locate	D:\Program Files\Git\usr\bin\locate.exe	D:\Program Files\Git\usr\bin\locate.exe
kept	-	auth-kept	program-files	Filesystem events processor	C:\Program Files\Android\Android Studio\bin\fsnotifier.exe	C:\Program Files\Android\Android Studio\bin\fsnotifier.exe
kept	-	auth-kept	program-files	WiX Toolset Decompiler	C:\Program Files (x86)\WiX Toolset v3.11\bin\dark.exe	C:\Program Files (x86)\WiX Toolset v3.11\bin\dark.exe
kept	-	auth-kept	program-files	AacVga_UserApp	C:\Program Files\ASUS\ROG Live Service\VGA\AacVga_UserApp_x64.exe	C:\Program Files\ASUS\ROG Live Service\VGA\AacVga_UserApp_x64.exe
kept	-	auth-kept	program-files	Visual Studio Feedback	C:\Program Files (x86)\Microsoft Visual Studio\Installer\feedback.exe	C:\Program Files (x86)\Microsoft Visual Studio\Installer\feedback.exe
kept	-	auth-kept	program-files	OpenSSL application	D:\Program Files\Git\mingw64\bin\openssl.exe	D:\Program Files\Git\mingw64\bin\openssl.exe
kept	-	auth-kept	program-files	shapeclustering	C:\Program Files\Tesseract-OCR\shapeclustering.exe	C:\Program Files\Tesseract-OCR\shapeclustering.exe
filtered	5-system-tool	auth-filtered	program-files	Microsoft Malware Protection Command Line Utility	C:\Program Files\Windows Defender\MpCmdRun.exe	C:\Program Files\Windows Defender\MpCmdRun.exe
kept	-	auth-kept	program-files	360安全卫士 网盾	C:\Program Files (x86)\360\360safe\safemon\wdswfsafe.exe	C:\Program Files (x86)\360\360safe\safemon\wdswfsafe.exe
kept	-	auth-kept	start-menu	SQL Server Profiler 20	C:\Program Files (x86)\Microsoft SQL Server Management Studio 20\Common7\PROFILER.EXE	C:\ProgramData\Microsoft\Windows\Start Menu\Programs\Microsoft SQL Server Tools 20\性能工具\SQL Server Profiler 20.lnk
filtered	2-excluded-name	auth-filtered	program-files	!Uninstall iSlideTools as Admin	C:\Program Files (x86)\iSlide Tools\!Uninstall iSlideTools as Admin.bat	C:\Program Files (x86)\iSlide Tools\!Uninstall iSlideTools as Admin.bat
kept	-	auth-kept	program-files	Elevate	D:\Program Files\bilibili\resources\elevate.exe	D:\Program Files\bilibili\resources\elevate.exe
kept	-	auth-kept	program-files	zipinfo	D:\Program Files\Git\usr\bin\zipinfo.exe	D:\Program Files\Git\usr\bin\zipinfo.exe
kept	-	auth-kept	program-files	Java(TM) Platform SE binary	C:\Program Files\Java\jdk-24\bin\jinfo.exe	C:\Program Files\Java\jdk-24\bin\jinfo.exe
kept	-	auth-kept	program-files	Google Chrome	C:\Program Files\Google\Chrome\Application\chrome.exe	C:\Program Files\Google\Chrome\Application\chrome.exe
filtered	2-excluded-name	auth-filtered	program-files	ASUS Update	C:\Program Files (x86)\ASUS\Update\1.3.107.159\AsusUpdateOnDemand.exe	C:\Program Files (x86)\ASUS\Update\1.3.107.159\AsusUpdateOnDemand.exe
filtered	2-excluded-name	auth-filtered	start-menu	Visual Dedigner Help	C:\Program Files (x86)\Labcenter Electronics\Proteus 8 Professional\HELP\VISUALDESIGNER.chm	C:\ProgramData\Microsoft\Windows\Start Menu\Programs\Proteus 8 Professional\Visual Dedigner Help.lnk
kept	-	auth-kept	program-files	antiword	D:\Program Files\Git\mingw64\bin\antiword.exe	D:\Program Files\Git\mingw64\bin\antiword.exe
kept	-	auth-kept	program-files	Terminal	D:\Program Files\Git\usr\bin\mintty.exe	D:\Program Files\Git\usr\bin\mintty.exe
kept	-	auth-kept	program-files	PuTTY SSH key generation utility	D:\Program Files\PuTTY\puttygen.exe	D:\Program Files\PuTTY\puttygen.exe
filtered	2-excluded-name	auth-filtered	program-files	Driver Package Installer	C:\Program Files\ldplayer9box\dpinst_86.exe	C:\Program Files\ldplayer9box\dpinst_86.exe
kept	-	auth-kept	start-menu	Ollama	C:\Users\17822\AppData\Local\Programs\Ollama\ollama app.exe	C:\Users\17822\AppData\Roaming\Microsoft\Windows\Start Menu\Programs\Ollama.lnk
kept	-	auth-kept	program-files	个人空间盘	C:\Program Files (x86)\ASUS\PersonalStorage\PersonalStorage.Shell.exe	C:\Program Files (x86)\ASUS\PersonalStorage\PersonalStorage.Shell.exe
kept	-	auth-kept	program-files	pinentry	D:\Program Files\Git\usr\bin\pinentry.exe	D:\Program Files\Git\usr\bin\pinentry.exe
filtered	5-system-tool	auth-filtered	program-files	Microsoft Security Client Policy Configuration Tool	C:\Program Files\Windows Defender\ConfigSecurityPolicy.exe	C:\Program Files\Windows Defender\ConfigSecurityPolicy.exe
kept	-	auth-kept	program-files	InstDrv.exe	C:\Program Files (x86)\ASUS\ASUS\Armoury Crate Service Core\InstDrv.exe	C:\Program Files (x86)\ASUS\ASUS\Armoury Crate Service Core\InstDrv.exe
kept	-	auth-kept	program-files	IISExpressAdminCmd	C:\Program Files (x86)\IIS Express\IisExpressAdminCmd.exe	C:\Program Files (x86)\IIS Express\IisExpressAdminCmd.exe
kept	-	auth-kept	program-files	Application Server Command Line Admin Tool	C:\Program Files (x86)\IIS Express\appcmd.exe	C:\Program Files (x86)\IIS Express\appcmd.exe
filtered	2-excluded-name	auth-filtered	start-menu	DTF Documentation	C:\Windows\Installer\{8A2ED944-1AFA-4EB8-9400-C93518DAE038}\WixSetupIcons.ico	C:\ProgramData\Microsoft\Windows\Start Menu\Programs\WiX Toolset v3.11\DTF Documentation.lnk
kept	-	auth-kept	program-files	gradio	C:\Users\17822\AppData\Local\Programs\Python\Python310\Scripts\gradio.exe	C:\Users\17822\AppData\Local\Programs\Python\Python310\Scripts\gradio.exe
filtered	2-excluded-name	auth-filtered	program-files	Nmap installer	C:\Program Files (x86)\Nmap\Uninstall.exe	C:\Program Files (x86)\Nmap\Uninstall.exe
kept	-	auth-kept	program-files	ssh-pageant	D:\Program Files\Git\usr\bin\ssh-pageant.exe	D:\Program Files\Git\usr\bin\ssh-pageant.exe
kept	-	auth-kept	program-files	MakeSfxCA	C:\Program Files (x86)\WiX Toolset v3.11\SDK\MakeSfxCA.exe	C:\Program Files (x86)\WiX Toolset v3.11\SDK\MakeSfxCA.exe
kept	-	auth-kept	program-files	VirtualBox Virtual Disk Utility	C:\Program Files\AndrowsBox\vbox-img.exe	C:\Program Files\AndrowsBox\vbox-img.exe
kept	-	auth-kept	program-files	Microsoft Word	C:\Program Files\Microsoft Office\root\Office16\WINWORD.EXE	C:\Program Files\Microsoft Office\root\Office16\WINWORD.EXE
filtered	2-excluded-name	auth-filtered	program-files	Mozilla Maintenance Service Installer	C:\Program Files\Mozilla Firefox\maintenanceservice_installer.exe	C:\Program Files\Mozilla Firefox\maintenanceservice_installer.exe
filtered	5-system-tool	auth-filtered	start-menu	检查计算机的内存问题。	C:\WINDOWS\system32\MdSched.exe	C:\ProgramData\Microsoft\Windows\Start Menu\Programs\Administrative Tools\Memory Diagnostics Tool.lnk
kept	-	auth-kept	program-files	gpg-enable-keyboxd	C:\Program Files\GnuPG\bin\gpg-enable-keyboxd.bat	C:\Program Files\GnuPG\bin\gpg-enable-keyboxd.bat
kept	-	auth-kept	program-files	Elevate	D:\Program Files\draw.io\resources\elevate.exe	D:\Program Files\draw.io\resources\elevate.exe
kept	-	auth-kept	program-files	gpg-wks-client	D:\Program Files\Git\usr\bin\gpg-wks-client.exe	D:\Program Files\Git\usr\bin\gpg-wks-client.exe
kept	-	auth-kept	start-menu	PuTTYgen	D:\Program Files\PuTTY\puttygen.exe	C:\ProgramData\Microsoft\Windows\Start Menu\Programs\PuTTY (64-bit)\PuTTYgen.lnk
kept	-	auth-kept	program-files	7-Zip Standalone Console	C:\Program Files (x86)\VMware\VMware Workstation\7za.exe	C:\Program Files (x86)\VMware\VMware Workstation\7za.exe
kept	-	auth-kept	program-files	blender_factory_startup	D:\Program Files\Blender Foundation\Blender 3.6\blender_factory_startup.cmd	D:\Program Files\Blender Foundation\Blender 3.6\blender_factory_startup.cmd
kept	-	auth-kept	program-files	Qt Translation File Compiler	D:\Program Files\Cisco Packet Tracer 8.2.2\bin\lrelease.exe	D:\Program Files\Cisco Packet Tracer 8.2.2\bin\lrelease.exe
filtered	4-not-executable-target	auth-filtered	start-menu	TS3300 series的更多应用程序	http://rs.ciggws.net/rd.cgi?FNC=MTSU_WM&CHA=UF2_MENU&RES=asia&LNG=SC&DEV=TS3300+series&OSV=W&ARA=CN&CNM_SEP=0&OSV=W&DEV=TS3300+series&CTV=1.0&LNG=SC	C:\ProgramData\Microsoft\Windows\Start Menu\Programs\Canon Utilities\TS3300 series的更多应用程序.url
kept	-	auth-kept	program-files	makebase	C:\Program Files\Apache Software Foundation\Tomcat 11.0\bin\makebase.bat	C:\Program Files\Apache Software Foundation\Tomcat 11.0\bin\makebase.bat
kept	-	auth-kept	start-menu	Ollama	C:\Users\17822\AppData\Local\Programs\Ollama\ollama app.exe	C:\Users\17822\AppData\Roaming\Microsoft\Windows\Start Menu\Programs\Startup\Ollama.lnk
kept	-	auth-kept	program-files	Java(TM) Platform SE binary	C:\Program Files\Java\jdk-24\bin\jar.exe	C:\Program Files\Java\jdk-24\bin\jar.exe
kept	-	auth-kept	program-files	docCompiler - Software Delivery	C:\Program Files (x86)\WiX Toolset v3.11\SDK\DocCompiler.exe	C:\Program Files (x86)\WiX Toolset v3.11\SDK\DocCompiler.exe
kept	-	auth-kept	program-files	Adobe Genuine Software Integrity Service	C:\Program Files (x86)\Common Files\Adobe\AdobeGCClient\AGSService.exe	C:\Program Files (x86)\Common Files\Adobe\AdobeGCClient\AGSService.exe
kept	-	auth-kept	program-files	Tclsh Application	D:\Program Files\Git\mingw64\bin\tclsh.exe	D:\Program Files\Git\mingw64\bin\tclsh.exe
kept	-	auth-kept	program-files	nmhproxy	C:\Program Files\Mozilla Firefox\nmhproxy.exe	C:\Program Files\Mozilla Firefox\nmhproxy.exe
kept	-	auth-kept	program-files	GPU Power Saving Tray	C:\Program Files\ASUS\ARMOURY CRATE Service\GPUMode\GPUPowerSavingTrayIcon.exe	C:\Program Files\ASUS\ARMOURY CRATE Service\GPUMode\GPUPowerSavingTrayIcon.exe
kept	-	auth-kept	program-files	鹰角启动器	C:\Program Files\Hypergryph Launcher\1.4.0\Games.exe	C:\Program Files\Hypergryph Launcher\1.4.0\Games.exe
kept	-	auth-kept	program-files	NotificationDialog	C:\Program Files (x86)\ASUS\ASUS\ROG Live Service\NotificationDialog.exe	C:\Program Files (x86)\ASUS\ASUS\ROG Live Service\NotificationDialog.exe
kept	-	auth-kept	program-files	T4VSHostProcess.exe	C:\Program Files (x86)\Microsoft SQL Server Management Studio 20\Common7\IDE\T4VSHostProcess.exe	C:\Program Files (x86)\Microsoft SQL Server Management Studio 20\Common7\IDE\T4VSHostProcess.exe
kept	-	auth-kept	program-files	vmware-autostart	C:\Program Files (x86)\VMware\VMware Workstation\vmware-autostart.exe	C:\Program Files (x86)\VMware\VMware Workstation\vmware-autostart.exe
kept	-	auth-kept	program-files	lsm2bin	C:\Users\17822\AppData\Local\Programs\Python\Python310\Scripts\lsm2bin.exe	C:\Users\17822\AppData\Local\Programs\Python\Python310\Scripts\lsm2bin.exe
kept	-	auth-kept	program-files	Microsoft code editor	C:\Program Files\Microsoft Office\root\Office16\EDITOR.EXE	C:\Program Files\Microsoft Office\root\Office16\EDITOR.EXE
kept	-	auth-kept	program-files	WiX Toolset Compiler	C:\Program Files (x86)\WiX Toolset v3.11\bin\lit.exe	C:\Program Files (x86)\WiX Toolset v3.11\bin\lit.exe
kept	-	auth-kept	program-files	VirtualBox NAT Engine	C:\Program Files\AndrowsBox\VBoxNetNAT.exe	C:\Program Files\AndrowsBox\VBoxNetNAT.exe
filtered	4-not-executable-target	auth-filtered	start-menu	Tomcat Home Page	C:\ProgramData\Microsoft\Windows\Start Menu\Programs\Apache Tomcat 11.0 Tomcat11\Tomcat Home Page.lnk	C:\ProgramData\Microsoft\Windows\Start Menu\Programs\Apache Tomcat 11.0 Tomcat11\Tomcat Home Page.lnk
kept	-	auth-kept	start-menu	访问互联网	C:\Program Files\Google\Chrome\Application\chrome.exe	C:\ProgramData\Microsoft\Windows\Start Menu\Programs\Google Chrome.lnk
kept	-	auth-kept	program-files	Microsoft Office component	C:\Program Files\Microsoft Office\root\Office16\VISICON.EXE	C:\Program Files\Microsoft Office\root\Office16\VISICON.EXE
filtered	4-not-executable-target	auth-filtered	start-menu	Tools for desktop apps	C:\Program Files (x86)\Windows Kits\10\Shortcuts\DesktopAppsToolsDocumentation.url	C:\ProgramData\Microsoft\Windows\Start Menu\Programs\Windows Kits\Windows Software Development Kit\Tools for Desktop Apps.lnk
kept	-	auth-kept	program-files	vshost32-clr2.exe	C:\Program Files (x86)\Microsoft SQL Server Management Studio 20\Common7\IDE\vshost32-clr2.exe	C:\Program Files (x86)\Microsoft SQL Server Management Studio 20\Common7\IDE\vshost32-clr2.exe
kept	-	auth-kept	program-files	upload_theme	C:\Users\17822\AppData\Local\Programs\Python\Python310\Scripts\upload_theme.exe	C:\Users\17822\AppData\Local\Programs\Python\Python310\Scripts\upload_theme.exe
filtered	2-excluded-name	auth-filtered	program-files	Microsoft.VisualStudio.Installer.Windows	C:\Program Files (x86)\Microsoft Visual Studio\Installer\vs_installer.windows.exe	C:\Program Files (x86)\Microsoft Visual Studio\Installer\vs_installer.windows.exe
kept	-	auth-kept	program-files	Internet Low-Mic Utility Tool	C:\Program Files (x86)\Internet Explorer\ielowutil.exe	C:\Program Files (x86)\Internet Explorer\ielowutil.exe
kept	-	auth-kept	program-files	ASUS Monitor Control	C:\Program Files (x86)\ASUS\ASUS\ASUS Monitor Control\AsMonitorControl.exe	C:\Program Files (x86)\ASUS\ASUS\ASUS Monitor Control\AsMonitorControl.exe
filtered	2-excluded-name	auth-filtered	program-files	uninstall	C:\Program Files\Maxon Cinema 4D 2024\uninstall.exe	C:\Program Files\Maxon Cinema 4D 2024\uninstall.exe
kept	-	auth-kept	program-files	Microsoft Malware Protection Command Line Utility	C:\Program Files (x86)\Windows Defender\MpCmdRun.exe	C:\Program Files (x86)\Windows Defender\MpCmdRun.exe
kept	-	auth-kept	program-files	loadall	C:\Program Files\ldplayer9box\loadall.cmd	C:\Program Files\ldplayer9box\loadall.cmd
filtered	2-excluded-name	auth-filtered	program-files	PwaHelper executable for Identity Proxy	C:\Program Files (x86)\Microsoft\EdgeCore\Optimized\pwahelper.exe	C:\Program Files (x86)\Microsoft\EdgeCore\Optimized\pwahelper.exe
kept	-	auth-kept	program-files	NVIDIA App	C:\Program Files\NVIDIA Corporation\NVIDIA app\CEF\NVIDIA App.exe	C:\Program Files\NVIDIA Corporation\NVIDIA app\CEF\NVIDIA App.exe
kept	-	auth-kept	program-files	Git for Windows	D:\Program Files\Git\git-bash.exe	D:\Program Files\Git\git-bash.exe
filtered	2-excluded-name	auth-filtered	start-menu	Install Additional Tools for Node.js	C:\Windows\System32\cmd.exe	C:\ProgramData\Microsoft\Windows\Start Menu\Programs\Node.js\Install Additional Tools for Node.js.lnk
filtered	4-not-executable-target	auth-filtered	program-files	shared	\\vmware-host\Shared Folders	C:\Program Files (x86)\VMware\VMware Workstation\Resources\shared.lnk
filtered	4-not-executable-target	auth-filtered	start-menu	Windows Media Player Legacy	C:\ProgramData\Microsoft\Windows\Start Menu\Programs\Accessories\Windows Media Player Legacy.lnk	C:\ProgramData\Microsoft\Windows\Start Menu\Programs\Accessories\Windows Media Player Legacy.lnk
kept	-	auth-kept	program-files	Windows 媒体播放器	C:\Program Files (x86)\Windows Media Player\wmplayer.exe	C:\Program Files (x86)\Windows Media Player\wmplayer.exe
kept	-	auth-kept	program-files	Microsoft Application Virtualization Injector	C:\Program Files\Common Files\microsoft shared\ClickToRun\MavInject32.exe	C:\Program Files\Common Files\microsoft shared\ClickToRun\MavInject32.exe
filtered	5-system-tool	auth-filtered	program-files	Windows Media Player Folder Sharing Executable	C:\Program Files\Windows Media Player\wmpshare.exe	C:\Program Files\Windows Media Player\wmpshare.exe
kept	-	auth-kept	program-files	pip	C:\Users\17822\AppData\Local\Programs\Python\Python314\Scripts\pip.exe	C:\Users\17822\AppData\Local\Programs\Python\Python314\Scripts\pip.exe
kept	-	auth-kept	program-files	CubismViewer4	D:\Program Files\Live2D Cubism 4.1\CubismViewer4.bat	D:\Program Files\Live2D Cubism 4.1\CubismViewer4.bat
kept	-	auth-kept	program-files	GlideX Remote Agent	C:\Program Files\ASUS\GlideX\GlideXRemote\GlideXRemoteAgent.exe	C:\Program Files\ASUS\GlideX\GlideXRemote\GlideXRemoteAgent.exe
kept	-	auth-kept	program-files	gmondump	D:\Program Files\Git\usr\bin\gmondump.exe	D:\Program Files\Git\usr\bin\gmondump.exe
kept	-	auth-kept	program-files	pkcs1-conv	D:\Program Files\Git\usr\bin\pkcs1-conv.exe	D:\Program Files\Git\usr\bin\pkcs1-conv.exe
filtered	5-system-tool	auth-filtered	start-menu	诊断性能问题并收集性能数据。	C:\WINDOWS\system32\perfmon.msc	C:\ProgramData\Microsoft\Windows\Start Menu\Programs\Administrative Tools\Performance Monitor.lnk
kept	-	auth-kept	program-files	Wireshark	D:\Program Files\Wireshark\Wireshark.exe	D:\Program Files\Wireshark\Wireshark.exe
kept	-	auth-kept	start-menu	SQL Server Management Studio 20	C:\Program Files (x86)\Microsoft SQL Server Management Studio 20\Common7\IDE\Ssms.exe	C:\ProgramData\Microsoft\Windows\Start Menu\Programs\Microsoft SQL Server Tools 20\SQL Server Management Studio 20.lnk
filtered	2-excluded-name	auth-filtered	start-menu	读出屏幕上的文本、对话框、菜单以及按钮(如果扬声器或者声音输出设备已安装的话)。	C:\WINDOWS\system32\narrator.exe	C:\Users\17822\AppData\Roaming\Microsoft\Windows\Start Menu\Programs\Accessibility\Narrator.lnk
filtered	5-system-tool	auth-filtered	start-menu	获取有关此服务器状态的概述，执行首要管理任务，并添加或删除服务器角色和功能。	C:\WINDOWS\system32\ServerManager.exe	C:\ProgramData\Microsoft\Windows\Start Menu\Programs\Server Manager.lnk
filtered	2-excluded-name	auth-filtered	start-menu	卸载华林证券金融终端	C:\Program Files (x86)\TdxUnInstall\TdxUnInstall.exe	C:\Users\17822\AppData\Roaming\Microsoft\Windows\Start Menu\Programs\华林证券金融终端\卸载华林证券金融终端.lnk
kept	-	auth-kept	program-files	com.docker.diagnose	C:\Program Files\Docker\Docker\resources\com.docker.diagnose.exe	C:\Program Files\Docker\Docker\resources\com.docker.diagnose.exe
kept	-	auth-kept	program-files	sync	D:\Program Files\Git\usr\bin\sync.exe	D:\Program Files\Git\usr\bin\sync.exe
filtered	5-system-tool	auth-filtered	start-menu	Anaconda Prompt	C:\Windows\System32\cmd.exe	C:\Users\17822\AppData\Roaming\Microsoft\Windows\Start Menu\Programs\Anaconda (miniconda3)\Anaconda Prompt.lnk
kept	-	auth-kept	program-files	TX Mascot Launcher	C:\Program Files (x86)\ASUS\ASUS\TX Mascot\Launcher.exe	C:\Program Files (x86)\ASUS\ASUS\TX Mascot\Launcher.exe
kept	-	auth-kept	program-files	vshost32.exe	C:\Program Files (x86)\Microsoft Visual Studio 9.0\Common7\IDE\vshost32.exe	C:\Program Files (x86)\Microsoft Visual Studio 9.0\Common7\IDE\vshost32.exe
kept	-	auth-kept	program-files	docker-extension	C:\Program Files\Docker\cli-plugins\docker-extension.exe	C:\Program Files\Docker\cli-plugins\docker-extension.exe
filtered	2-excluded-name	auth-filtered	program-files	VirtualBox ExtPack Helper	C:\Program Files\AndrowsBox\VBoxExtPackHelperApp.exe	C:\Program Files\AndrowsBox\VBoxExtPackHelperApp.exe
kept	-	auth-kept	program-files	Gpg4win: The GNU Privacy Guard and Tools for Windows	C:\Program Files\Gpg4win\gpg4win-uninstall.exe	C:\Program Files\Gpg4win\gpg4win-uninstall.exe
kept	-	auth-kept	program-files	Client DLL Surrogate Host	C:\Program Files\Microsoft Office\root\Client\AppVDllSurrogate64.exe	C:\Program Files\Microsoft Office\root\Client\AppVDllSurrogate64.exe
kept	-	auth-kept	program-files	bzip2	D:\Program Files\Git\usr\bin\bzip2.exe	D:\Program Files\Git\usr\bin\bzip2.exe
kept	-	auth-kept	program-files	uninst	C:\Program Files (x86)\360\360safe\uninst.exe	C:\Program Files (x86)\360\360safe\uninst.exe
kept	-	auth-kept	program-files	wordlist2dawg	C:\Program Files\Tesseract-OCR\wordlist2dawg.exe	C:\Program Files\Tesseract-OCR\wordlist2dawg.exe
kept	-	auth-kept	program-files	DarkModeCheck	C:\Program Files\NVIDIA Corporation\NVIDIA app\DarkModeCheck.exe	C:\Program Files\NVIDIA Corporation\NVIDIA app\DarkModeCheck.exe
kept	-	auth-kept	program-files	Java(TM) Platform SE binary	C:\Program Files\Java\jdk-24\bin\jmap.exe	C:\Program Files\Java\jdk-24\bin\jmap.exe
kept	-	auth-kept	program-files	7-Zip Console	C:\Program Files\NVIDIA Corporation\NVIDIA app\7z.exe	C:\Program Files\NVIDIA Corporation\NVIDIA app\7z.exe
kept	-	auth-kept	program-files	Microsoft Edge	C:\Program Files (x86)\Microsoft\Edge\Application\new_msedge_proxy.exe	C:\Program Files (x86)\Microsoft\Edge\Application\new_msedge_proxy.exe
filtered	2-excluded-name	auth-filtered	program-files	WXWork Update	C:\Program Files (x86)\WXWork\WXWorkUpgrader\WXWorkUpgrader.exe	C:\Program Files (x86)\WXWork\WXWorkUpgrader\WXWorkUpgrader.exe
filtered	5-system-tool	auth-filtered	start-menu	Open Visual Studio 2022 Tools Command Prompt for targeting x64	C:\Windows\System32\cmd.exe	C:\ProgramData\Microsoft\Windows\Start Menu\Programs\Visual Studio 2022\Visual Studio Tools\VC\x64 Native Tools Command Prompt for VS 2022 (2).lnk
kept	-	auth-kept	start-menu	Visual Studio Code	C:\Users\17822\AppData\Local\Programs\Microsoft VS Code\Code.exe	C:\Users\17822\AppData\Roaming\Microsoft\Windows\Start Menu\Programs\Visual Studio Code\Visual Studio Code.lnk
kept	-	auth-kept	program-files	paperkey	C:\Program Files\Gpg4win\bin\paperkey.exe	C:\Program Files\Gpg4win\bin\paperkey.exe
kept	-	auth-kept	program-files	VSLaunchBrowser.exe	C:\Program Files (x86)\Microsoft SQL Server Management Studio 20\Common7\IDE\VSLaunchBrowser.exe	C:\Program Files (x86)\Microsoft SQL Server Management Studio 20\Common7\IDE\VSLaunchBrowser.exe
kept	-	auth-kept	start-menu	记录笔记，并在需要时使用它们。	C:\Program Files\Microsoft Office\root\Office16\ONENOTE.EXE	C:\ProgramData\Microsoft\Windows\Start Menu\Programs\OneNote.lnk
kept	-	auth-kept	program-files	gpg-preset-passphrase	C:\Program Files\GnuPG\bin\gpg-preset-passphrase.exe	C:\Program Files\GnuPG\bin\gpg-preset-passphrase.exe
filtered	2-excluded-name	auth-filtered	start-menu	MSI SDK Documentation	C:\Windows\Installer\{418A9CFC-FC20-4FAD-8A81-20193809DE01}\WixSetupIcons.ico	C:\ProgramData\Microsoft\Windows\Start Menu\Programs\WiX Toolset v3.11\MSI SDK Documentation.lnk
kept	-	auth-kept	program-files	locale	D:\Program Files\Git\usr\bin\locale.exe	D:\Program Files\Git\usr\bin\locale.exe
kept	-	auth-kept	program-files	gdbm_load	D:\Program Files\Git\usr\bin\gdbm_load.exe	D:\Program Files\Git\usr\bin\gdbm_load.exe
kept	-	auth-kept	program-files	cygcheck	D:\Program Files\Git\usr\bin\cygcheck.exe	D:\Program Files\Git\usr\bin\cygcheck.exe
kept	-	auth-kept	start-menu	BetterGI	D:\17822\Documents\BetterGI\BetterGI.exe	C:\ProgramData\Microsoft\Windows\Start Menu\Programs\BetterGI\BetterGI.lnk
kept	-	auth-kept	program-files	ACE-Guard Client	C:\Program Files\AntiCheatExpert\SGuard\x64\SGuard64.exe	C:\Program Files\AntiCheatExpert\SGuard\x64\SGuard64.exe
filtered	2-excluded-name	auth-filtered	program-files	Asus ROG software product installation verifier.	C:\Program Files (x86)\ASUS\ASUS\Aac_GmAcc\AsusInstallVerifier.exe	C:\Program Files (x86)\ASUS\ASUS\Aac_GmAcc\AsusInstallVerifier.exe
kept	-	auth-kept	program-files	hf	C:\Users\17822\AppData\Local\Programs\Python\Python310\Scripts\hf.exe	C:\Users\17822\AppData\Local\Programs\Python\Python310\Scripts\hf.exe
kept	-	auth-kept	program-files	chcon	D:\Program Files\Git\usr\bin\chcon.exe	D:\Program Files\Git\usr\bin\chcon.exe
kept	-	auth-kept	program-files	cygpath	D:\Program Files\Git\usr\bin\cygpath.exe	D:\Program Files\Git\usr\bin\cygpath.exe
kept	-	auth-kept	program-files	GlideX Wireless P2P	C:\Program Files\ASUS\GlideX\GlideXNear\GlideXWP2P.exe	C:\Program Files\ASUS\GlideX\GlideXNear\GlideXWP2P.exe
kept	-	auth-kept	program-files	DesktopCrop	C:\Program Files\ASUS\ARMOURY CRATE Service\AuraPlugin\DesktopCrop.exe	C:\Program Files\ASUS\ARMOURY CRATE Service\AuraPlugin\DesktopCrop.exe
kept	-	auth-kept	program-files	tstInt	C:\Program Files\ldplayer9box\tstInt.exe	C:\Program Files\ldplayer9box\tstInt.exe
kept	-	auth-kept	program-files	360压缩	C:\Program Files (x86)\360\360zip\360ZipSandbox.exe	C:\Program Files (x86)\360\360zip\360ZipSandbox.exe
kept	-	auth-kept	program-files	Microsoft Office Language Preferences	C:\Program Files\Microsoft Office\root\Office16\SETLANG.EXE	C:\Program Files\Microsoft Office\root\Office16\SETLANG.EXE
filtered	5-system-tool	auth-filtered	start-menu	管理本地打印机和远程打印服务器。	C:\WINDOWS\system32\printmanagement.msc	C:\ProgramData\Microsoft\Windows\Start Menu\Programs\Administrative Tools\Print Management.lnk
filtered	2-excluded-name	auth-filtered	start-menu	卸载 鹰角启动器 安装程序	C:\Program Files\Hypergryph Launcher\Uninstall.exe	C:\ProgramData\Microsoft\Windows\Start Menu\Programs\鹰角启动器\卸载 鹰角启动器 安装程序.lnk
filtered	2-excluded-name	auth-filtered	program-files	ASUS Update	C:\Program Files (x86)\ASUS\Update\1.3.107.159\AsusCrashHandler64.exe	C:\Program Files (x86)\ASUS\Update\1.3.107.159\AsusCrashHandler64.exe
filtered	2-excluded-name	auth-filtered	start-menu	卸载 iSlide	C:\Program Files (x86)\iSlide Tools\uninst.exe	C:\ProgramData\Microsoft\Windows\Start Menu\Programs\iSlide Tools\卸载 iSlide.lnk
filtered	2-excluded-name	auth-filtered	program-files	VMware Tools Upgrader	C:\Program Files (x86)\VMware\VMware Workstation\tools-upgraders\VMwareToolsUpgrader.exe	C:\Program Files (x86)\VMware\VMware Workstation\tools-upgraders\VMwareToolsUpgrader.exe
filtered	2-excluded-name	auth-filtered	program-files	Internet Explorer 加载项安装程序	C:\Program Files\Internet Explorer\ieinstal.exe	C:\Program Files\Internet Explorer\ieinstal.exe
kept	-	auth-kept	program-files	QueryUWP	C:\Program Files (x86)\ASUS\AsusROGLSLService\QueryUWP.exe	C:\Program Files (x86)\ASUS\AsusROGLSLService\QueryUWP.exe
filtered	5-system-tool	auth-filtered	start-menu	执行基于文本的(命令行)功能。	C:\WINDOWS\system32\cmd.exe	C:\Users\17822\AppData\Roaming\Microsoft\Windows\Start Menu\Programs\System Tools\Command Prompt.lnk
filtered	5-system-tool	auth-filtered	start-menu	获取有关此服务器状态的概述，执行首要管理任务，并添加或删除服务器角色和功能。	C:\WINDOWS\system32\ServerManager.exe	C:\ProgramData\Microsoft\Windows\Start Menu\Programs\Administrative Tools\Server Manager.lnk
filtered	2-excluded-name	auth-filtered	program-files	Microsoft Edge Update	C:\Program Files (x86)\Microsoft\EdgeUpdate\1.3.265.7\MicrosoftEdgeUpdateOnDemand.exe	C:\Program Files (x86)\Microsoft\EdgeUpdate\1.3.265.7\MicrosoftEdgeUpdateOnDemand.exe
kept	-	auth-kept	program-files	WdfPerfEnhancedVerifier	C:\Program Files (x86)\Windows Kits\10\Windows Performance Toolkit\WdfPerfEnhancedVerifier.cmd	C:\Program Files (x86)\Windows Kits\10\Windows Performance Toolkit\WdfPerfEnhancedVerifier.cmd
kept	-	auth-kept	program-files	VBoxVMMPreload	C:\Program Files\AndrowsBox\VBoxVMMPreload.exe	C:\Program Files\AndrowsBox\VBoxVMMPreload.exe
kept	-	auth-kept	program-files	markdown-it	C:\Users\17822\AppData\Local\Programs\Python\Python310\Scripts\markdown-it.exe	C:\Users\17822\AppData\Local\Programs\Python\Python310\Scripts\markdown-it.exe
kept	-	auth-kept	program-files	nettle-lfib-stream	D:\Program Files\Git\usr\bin\nettle-lfib-stream.exe	D:\Program Files\Git\usr\bin\nettle-lfib-stream.exe
kept	-	auth-kept	program-files	newgrp	D:\Program Files\Git\usr\bin\newgrp.exe	D:\Program Files\Git\usr\bin\newgrp.exe
filtered	2-excluded-name	auth-filtered	program-files	Apache Tomcat Installer	C:\Program Files\Apache Software Foundation\Tomcat 11.0\Uninstall.exe	C:\Program Files\Apache Software Foundation\Tomcat 11.0\Uninstall.exe
filtered	5-system-tool	auth-filtered	program-files	Windows Media Player Configuration	C:\Program Files\Windows Media Player\wmpconfig.exe	C:\Program Files\Windows Media Player\wmpconfig.exe
kept	-	auth-kept	program-files	.NET Framework UserControl Test Container	C:\Program Files (x86)\Microsoft Visual Studio 9.0\Common7\IDE\UserControlTestContainer.exe	C:\Program Files (x86)\Microsoft Visual Studio 9.0\Common7\IDE\UserControlTestContainer.exe
kept	-	auth-kept	program-files	accelerate-merge-weights	C:\Users\17822\AppData\Local\Programs\Python\Python310\Scripts\accelerate-merge-weights.exe	C:\Users\17822\AppData\Local\Programs\Python\Python310\Scripts\accelerate-merge-weights.exe
kept	-	auth-kept	program-files	米哈游启动器	D:\Program Files\Genshin Impact\updateProgram\pkg\yuanshen_setup_202405212026.exe	D:\Program Files\Genshin Impact\updateProgram\pkg\yuanshen_setup_202405212026.exe
kept	-	auth-kept	program-files	pinentry	C:\Program Files\Gpg4win\bin\pinentry.exe	C:\Program Files\Gpg4win\bin\pinentry.exe
filtered	2-excluded-name	auth-filtered	program-files	Microsoft Edge Update	C:\Program Files (x86)\Microsoft\EdgeUpdate\1.3.265.7\MicrosoftEdgeUpdate.exe	C:\Program Files (x86)\Microsoft\EdgeUpdate\1.3.265.7\MicrosoftEdgeUpdate.exe
filtered	2-excluded-name	auth-filtered	program-files	SGuardUpdate	C:\Program Files\AntiCheatExpert\SGuard\x64\SGuardUpdate64.exe	C:\Program Files\AntiCheatExpert\SGuard\x64\SGuardUpdate64.exe
kept	-	auth-kept	program-files	GnuPG’s OpenPGP tool	C:\Program Files\GnuPG\bin\gpg.exe	C:\Program Files\GnuPG\bin\gpg.exe
filtered	2-excluded-name	auth-filtered	start-menu	ReadMe	D:\Program Files\Live2D Cubism 4.1\ReadMe.txt	C:\ProgramData\Microsoft\Windows\Start Menu\Programs\Live2D Cubism 4.1\ReadMe.lnk
kept	-	auth-kept	start-menu	虚拟网络编辑器	C:\Program Files (x86)\VMware\VMware Workstation\vmnetcfg.exe	C:\ProgramData\Microsoft\Windows\Start Menu\Programs\VMware\虚拟网络编辑器.lnk
kept	-	auth-kept	program-files	basenc	D:\Program Files\Git\usr\bin\basenc.exe	D:\Program Files\Git\usr\bin\basenc.exe
filtered	5-system-tool	auth-filtered	start-menu	Node.js command prompt	C:\Windows\System32\cmd.exe	C:\ProgramData\Microsoft\Windows\Start Menu\Programs\Node.js\Node.js command prompt.lnk
kept	-	auth-kept	program-files	SQL External minidumper	C:\Program Files\Microsoft SQL Server\150\Shared\SqlDumper.exe	C:\Program Files\Microsoft SQL Server\150\Shared\SqlDumper.exe
filtered	5-system-tool	auth-filtered	program-files	Browser Protection Native Messaging Host	C:\Program Files\Windows Defender\mpextms.exe	C:\Program Files\Windows Defender\mpextms.exe
kept	-	auth-kept	program-files	Task Engine	C:\Program Files (x86)\Windows Kits\10\App Certification Kit\microsoft.windows.softwarelogo.taskengine.exe	C:\Program Files (x86)\Windows Kits\10\App Certification Kit\microsoft.windows.softwarelogo.taskengine.exe
kept	-	auth-kept	start-menu	Shortcut to Windows Performance Analyzer	C:\Program Files (x86)\Windows Kits\10\Windows Performance Toolkit\wpa.exe	C:\ProgramData\Microsoft\Windows\Start Menu\Programs\Windows Kits\Windows Performance Toolkit\Windows Performance Analyzer.lnk
kept	-	auth-kept	program-files	Java(TM) Platform SE binary	C:\Program Files\Java\jdk-17\bin\jshell.exe	C:\Program Files\Java\jdk-17\bin\jshell.exe
kept	-	auth-kept	program-files	xargs	D:\Program Files\Git\usr\bin\xargs.exe	D:\Program Files\Git\usr\bin\xargs.exe
kept	-	auth-kept	program-files	Copilot	C:\Program Files (x86)\Microsoft\EdgeCore\Optimized\mscopilot.exe	C:\Program Files (x86)\Microsoft\EdgeCore\Optimized\mscopilot.exe
kept	-	auth-kept	program-files	Performance Analyzer Power Transition Performance Testing Utility	C:\Program Files (x86)\Windows Kits\10\Windows Performance Toolkit\xbootmgr.exe	C:\Program Files (x86)\Windows Kits\10\Windows Performance Toolkit\xbootmgr.exe
kept	-	auth-kept	program-files	SQL External minidumper	C:\Program Files\Microsoft SQL Server\160\Shared\SqlDumper.exe	C:\Program Files\Microsoft SQL Server\160\Shared\SqlDumper.exe
kept	-	auth-kept	program-files	WiX Toolset XsdStitch	C:\Program Files (x86)\WiX Toolset v3.11\SDK\XsdStitch.exe	C:\Program Files (x86)\WiX Toolset v3.11\SDK\XsdStitch.exe
kept	-	auth-kept	program-files	Microsoft Office component	C:\Program Files\Microsoft Office\root\Office16\msoadfsb.exe	C:\Program Files\Microsoft Office\root\Office16\msoadfsb.exe
filtered	2-excluded-name	auth-filtered	start-menu	Visual Studio Installer	C:\Program Files (x86)\Microsoft Visual Studio\Installer\setup.exe	C:\ProgramData\Microsoft\Windows\Start Menu\Programs\Visual Studio Installer.lnk
filtered	2-excluded-name	auth-filtered	start-menu	Uninstall Node.js	C:\Windows\SysWOW64\msiexec.exe	C:\ProgramData\Microsoft\Windows\Start Menu\Programs\Node.js\Uninstall Node.js.lnk
kept	-	auth-kept	program-files	安全卫士 系统修复模块	C:\Program Files (x86)\360\360safe\360hotfix.exe	C:\Program Files (x86)\360\360safe\360hotfix.exe
filtered	2-excluded-name	auth-filtered	program-files	Uninstall WinRAR	C:\Program Files\WinRAR\Uninstall.exe	C:\Program Files\WinRAR\Uninstall.exe
filtered	2-excluded-name	auth-filtered	program-files	360安全卫士卸载清理模块	C:\Program Files (x86)\360\360safe\Utils\PowerSaver.exe	C:\Program Files (x86)\360\360safe\Utils\PowerSaver.exe
kept	-	auth-kept	start-menu	Maxon Cinema 4D	C:\Program Files\Maxon Cinema 4D 2024\Cinema 4D.exe	C:\ProgramData\Microsoft\Windows\Start Menu\Programs\Maxon\Maxon Cinema 4D\Maxon Cinema 4D 2024.lnk
filtered	2-excluded-name	auth-filtered	start-menu	Install Bonjour	C:\Program Files (x86)\Labcenter Electronics\Proteus 8 Professional\DRIVERS\Bonjour.msi	C:\ProgramData\Microsoft\Windows\Start Menu\Programs\Proteus 8 Professional\Hardware Drivers\Install Bonjour.lnk
kept	-	auth-kept	program-files	TODO: <檔案說明>	C:\Program Files (x86)\ASUS\ArmouryDevice\TaskSchedulerTool_asus_framework.exe	C:\Program Files (x86)\ASUS\ArmouryDevice\TaskSchedulerTool_asus_framework.exe
kept	-	auth-kept	program-files	Git for Windows	D:\Program Files\Git\bin\bash.exe	D:\Program Files\Git\bin\bash.exe
kept	-	auth-kept	program-files	corepack	D:\Program Files\nodejs\corepack.cmd	D:\Program Files\nodejs\corepack.cmd
kept	-	auth-kept	program-files	od	D:\Program Files\Git\usr\bin\od.exe	D:\Program Files\Git\usr\bin\od.exe
kept	-	auth-kept	program-files	FvSDKTestClient	C:\Program Files\NVIDIA Corporation\FrameViewSDK\SDK\FvSDKTestClient.exe	C:\Program Files\NVIDIA Corporation\FrameViewSDK\SDK\FvSDKTestClient.exe
kept	-	auth-kept	program-files	normalizer	C:\Users\17822\AppData\Local\Programs\Python\Python310\Scripts\normalizer.exe	C:\Users\17822\AppData\Local\Programs\Python\Python310\Scripts\normalizer.exe
kept	-	auth-kept	start-menu	网易云音乐	D:\Program Files (x86)\NetEase\CloudMusic\cloudmusic.exe	C:\ProgramData\Microsoft\Windows\Start Menu\Programs\网易云音乐.lnk
filtered	2-excluded-name	auth-filtered	start-menu	百度网盘卸载快捷方式	D:\Users\Public\baidu\BaiduNetdisk\uninst.exe	C:\ProgramData\Microsoft\Windows\Start Menu\Programs\百度网盘\卸载百度网盘.lnk
kept	-	auth-kept	program-files	The curl executable	C:\Program Files (x86)\Timi Personal Computing\MiService\3.0.0.304\curl.exe	C:\Program Files (x86)\Timi Personal Computing\MiService\3.0.0.304\curl.exe
kept	-	auth-kept	program-files	Java(TM) Platform SE binary	C:\Program Files\Java\jdk-17\bin\jaccessinspector.exe	C:\Program Files\Java\jdk-17\bin\jaccessinspector.exe
filtered	2-excluded-name	auth-filtered	program-files	LayerManager Support	C:\Program Files (x86)\ASUS\AURA lighting effect add-on\LM_Support.exe	C:\Program Files (x86)\ASUS\AURA lighting effect add-on\LM_Support.exe
kept	-	auth-kept	program-files	winpty-agent	D:\Program Files\Git\usr\bin\winpty-agent.exe	D:\Program Files\Git\usr\bin\winpty-agent.exe
kept	-	auth-kept	program-files	pip3.10	C:\Users\17822\AppData\Local\Programs\Python\Python310\Scripts\pip3.10.exe	C:\Users\17822\AppData\Local\Programs\Python\Python310\Scripts\pip3.10.exe
kept	-	auth-kept	program-files	7-Zip File Manager	C:\Program Files\7-Zip-Zstandard\7zFM.exe	C:\Program Files\7-Zip-Zstandard\7zFM.exe
kept	-	auth-kept	program-files	Microsoft Edge	C:\Program Files (x86)\Microsoft\EdgeCore\Optimized\platform_experiences_helper.exe	C:\Program Files (x86)\Microsoft\EdgeCore\Optimized\platform_experiences_helper.exe
kept	-	auth-kept	program-files	rmdir	D:\Program Files\Git\usr\bin\rmdir.exe	D:\Program Files\Git\usr\bin\rmdir.exe
kept	-	auth-kept	program-files	restarter	C:\Program Files\Android\Android Studio\bin\restarter.exe	C:\Program Files\Android\Android Studio\bin\restarter.exe
kept	-	auth-kept	program-files	Apache Commons Daemon Service Manager	C:\Program Files\Apache Software Foundation\Tomcat 11.0\bin\Tomcat11w.exe	C:\Program Files\Apache Software Foundation\Tomcat 11.0\bin\Tomcat11w.exe
kept	-	auth-kept	program-files	docker-buildx	C:\Program Files\Docker\cli-plugins\docker-buildx.exe	C:\Program Files\Docker\cli-plugins\docker-buildx.exe
kept	-	auth-kept	program-files	VirtualBox DTrace Chooser	C:\Program Files\AndrowsBox\VBoxDTrace.exe	C:\Program Files\AndrowsBox\VBoxDTrace.exe
kept	-	auth-kept	program-files	overlayer	C:\Program Files\Gpg4win\bin\overlayer.exe	C:\Program Files\Gpg4win\bin\overlayer.exe
kept	-	auth-kept	program-files	vsn.exe	C:\Program Files (x86)\Microsoft SQL Server Management Studio 20\Common7\IDE\vsn.exe	C:\Program Files (x86)\Microsoft SQL Server Management Studio 20\Common7\IDE\vsn.exe
kept	-	auth-kept	program-files	pandoc-citeproc	C:\Program Files (x86)\Pandoc\pandoc-citeproc.exe	C:\Program Files (x86)\Pandoc\pandoc-citeproc.exe
kept	-	auth-kept	program-files	Visual Studio Code	C:\Users\17822\AppData\Local\Programs\Microsoft VS Code\Code.exe	C:\Users\17822\AppData\Local\Programs\Microsoft VS Code\Code.exe
kept	-	auth-kept	program-files	git-askpass	D:\Program Files\Git\mingw64\bin\git-askpass.exe	D:\Program Files\Git\mingw64\bin\git-askpass.exe
kept	-	auth-kept	start-menu	QQ	C:\Program Files\Tencent\QQNT\QQ.exe	C:\ProgramData\Microsoft\Windows\Start Menu\Programs\腾讯软件\QQ\QQ.lnk
filtered	4-not-executable-target	auth-filtered	start-menu	Visit MobaXterm Website	C:\ProgramData\Microsoft\Windows\Start Menu\Programs\MobaXterm\Visit MobaXterm Website.lnk	C:\ProgramData\Microsoft\Windows\Start Menu\Programs\MobaXterm\Visit MobaXterm Website.lnk
kept	-	auth-kept	program-files	adb	C:\Program Files\ASUS\GlideX\adb.exe	C:\Program Files\ASUS\GlideX\adb.exe
filtered	5-system-tool	auth-filtered	start-menu	可以清除你磁盘上不需要的文件。	C:\WINDOWS\system32\cleanmgr.exe	C:\ProgramData\Microsoft\Windows\Start Menu\Programs\Administrative Tools\Disk Cleanup.lnk
kept	-	auth-kept	program-files	vmcli	C:\Program Files (x86)\VMware\VMware Workstation\vmcli.exe	C:\Program Files (x86)\VMware\VMware Workstation\vmcli.exe
kept	-	auth-kept	program-files	Windows Subsystem for Linux	C:\Program Files\WSL\wslg.exe	C:\Program Files\WSL\wslg.exe
filtered	4-not-executable-target	auth-filtered	program-files	360压缩官网	http://yasuo.360.cn/	C:\Program Files (x86)\360\360zip\360压缩官网.url
kept	-	auth-kept	program-files	Microsoft Edge	C:\Program Files (x86)\Microsoft\EdgeCore\152.0.4191.66\elevation_service.exe	C:\Program Files (x86)\Microsoft\EdgeCore\152.0.4191.66\elevation_service.exe
kept	-	auth-kept	program-files	腾讯会议	C:\Program Files (x86)\Tencent\UpdateSvr\WemeetUpdateSvc.exe	C:\Program Files (x86)\Tencent\UpdateSvr\WemeetUpdateSvc.exe
kept	-	auth-kept	program-files	Microsoft Windows Performance Recorder	C:\Program Files (x86)\Windows Kits\10\Windows Performance Toolkit\wpr.exe	C:\Program Files (x86)\Windows Kits\10\Windows Performance Toolkit\wpr.exe
kept	-	auth-kept	program-files	who	D:\Program Files\Git\usr\bin\who.exe	D:\Program Files\Git\usr\bin\who.exe
kept	-	auth-kept	start-menu	必剪	D:\Users\17822\AppData\Local\BcutBilibili\BCUT.exe	C:\ProgramData\Microsoft\Windows\Start Menu\Programs\必剪.lnk
kept	-	auth-kept	program-files	7-Zip Standalone Console	C:\Program Files\7-Zip-Zstandard\7za.exe	C:\Program Files\7-Zip-Zstandard\7za.exe
kept	-	auth-kept	start-menu	IJ Scan Utility	C:\Program Files (x86)\Canon\IJ Scan Utility\SCANUTILITY.exe	C:\ProgramData\Microsoft\Windows\Start Menu\Programs\Canon Utilities\IJ Scan Utility\IJ Scan Utility.lnk
kept	-	auth-kept	program-files	ROG Live Service	C:\Program Files (x86)\ASUS\ASUS\ROG Live Service\ROGLiveService.exe	C:\Program Files (x86)\ASUS\ASUS\ROG Live Service\ROGLiveService.exe
kept	-	auth-kept	program-files	vimdiff	D:\Program Files\Git\usr\bin\vimdiff.exe	D:\Program Files\Git\usr\bin\vimdiff.exe
kept	-	auth-kept	program-files	Java(TM) Platform SE binary	C:\Program Files\Java\jdk-17\bin\klist.exe	C:\Program Files\Java\jdk-17\bin\klist.exe
kept	-	auth-kept	program-files	Microsoft Visual Studio Version Selector	C:\Program Files (x86)\Common Files\Microsoft Shared\MSEnv\VSLauncher.exe	C:\Program Files (x86)\Common Files\Microsoft Shared\MSEnv\VSLauncher.exe
kept	-	auth-kept	program-files	Microsoft Office Click-to-Run IntegratedOfficeExe	C:\Program Files\Microsoft Office 15\ClientX64\IntegratedOffice.exe	C:\Program Files\Microsoft Office 15\ClientX64\IntegratedOffice.exe
filtered	4-not-executable-target	auth-filtered	start-menu	Control Panel	C:\Users\17822\AppData\Roaming\Microsoft\Windows\Start Menu\Programs\System Tools\Control Panel.lnk	C:\Users\17822\AppData\Roaming\Microsoft\Windows\Start Menu\Programs\System Tools\Control Panel.lnk
kept	-	auth-kept	start-menu	360压缩	C:\Program Files (x86)\360\360zip\360zip.exe	C:\ProgramData\Microsoft\Windows\Start Menu\Programs\360压缩\360压缩.lnk
kept	-	auth-kept	program-files	Copilot	C:\Program Files (x86)\Microsoft\EdgeCore\153.0.4234.32\copilotapp.exe	C:\Program Files (x86)\Microsoft\EdgeCore\153.0.4234.32\copilotapp.exe
kept	-	auth-kept	program-files	merge_unicharsets	C:\Program Files\Tesseract-OCR\merge_unicharsets.exe	C:\Program Files\Tesseract-OCR\merge_unicharsets.exe
kept	-	auth-kept	program-files	nproc	D:\Program Files\Git\usr\bin\nproc.exe	D:\Program Files\Git\usr\bin\nproc.exe
filtered	2-excluded-name	auth-filtered	program-files	HttpSetup	C:\Program Files (x86)\InstallShield Installation Information\{ab5f014e-883d-470d-bc2d-127ef91e5611}\Setup.exe	C:\Program Files (x86)\InstallShield Installation Information\{ab5f014e-883d-470d-bc2d-127ef91e5611}\Setup.exe
filtered	5-system-tool	auth-filtered	start-menu	Visit Developer Homepage	C:\Windows\Installer\{F522C947-52FA-4C01-B933-16292944E000}\_283FB4336779149422F9E3.exe	C:\ProgramData\Microsoft\Windows\Start Menu\Programs\Lakhya's Innovation Inc\GUI Turbo Assembler\Visit Developer Homepage.lnk
kept	-	auth-kept	program-files	Java(TM) Platform SE binary	C:\Program Files\Java\jdk-24\bin\jaccessinspector.exe	C:\Program Files\Java\jdk-24\bin\jaccessinspector.exe
filtered	2-excluded-name	auth-filtered	program-files	VirtualBox Installer	C:\Program Files\ldplayer9box\VBoxStub.exe	C:\Program Files\ldplayer9box\VBoxStub.exe
kept	-	auth-kept	program-files	gzip	D:\Program Files\Git\usr\bin\gzip.exe	D:\Program Files\Git\usr\bin\gzip.exe
kept	-	auth-kept	program-files	VBoxBugReport	C:\Program Files\ldplayer9box\VBoxBugReport.exe	C:\Program Files\ldplayer9box\VBoxBugReport.exe
kept	-	auth-kept	program-files	gkill	D:\Program Files\Git\usr\bin\gkill.exe	D:\Program Files\Git\usr\bin\gkill.exe
filtered	2-excluded-name	auth-filtered	program-files	expediteupdater	C:\Program Files\Microsoft Update Health Tools\expediteupdater.exe	C:\Program Files\Microsoft Update Health Tools\expediteupdater.exe
kept	-	auth-kept	program-files	VirtualBox Virtual Machine	C:\Program Files\ldplayer9box\VirtualBoxVM.exe	C:\Program Files\ldplayer9box\VirtualBoxVM.exe
kept	-	auth-kept	program-files	DiagReport	C:\Program Files\Npcap\DiagReport.bat	C:\Program Files\Npcap\DiagReport.bat
filtered	2-excluded-name	auth-filtered	start-menu	SQL Server 2022 安装中心(64 位)	C:\Program Files\Microsoft SQL Server\160\Setup Bootstrap\SQL2022\x64\LandingPage.exe	C:\ProgramData\Microsoft\Windows\Start Menu\Programs\Microsoft SQL Server 2022\配置工具\SQL Server 2022 安装中心(64 位).lnk
filtered	2-excluded-name	auth-filtered	program-files	LayerManager Support	C:\Program Files\ASUS\AURA lighting effect add-on x64\LM_Support.exe	C:\Program Files\ASUS\AURA lighting effect add-on x64\LM_Support.exe
filtered	2-excluded-name	auth-filtered	program-files	VirtualBox ExtPack Helper	C:\Program Files\ldplayer9box\VBoxExtPackHelperApp.exe	C:\Program Files\ldplayer9box\VBoxExtPackHelperApp.exe
kept	-	auth-kept	program-files	VMware Workstation VMX	C:\Program Files (x86)\VMware\VMware Workstation\x64\vmware-vmx.exe	C:\Program Files (x86)\VMware\VMware Workstation\x64\vmware-vmx.exe
kept	-	auth-kept	program-files	Microsoft Edge	C:\Program Files (x86)\Microsoft\EdgeCore\152.0.4191.66\msedge_proxy.exe	C:\Program Files (x86)\Microsoft\EdgeCore\152.0.4191.66\msedge_proxy.exe
kept	-	auth-kept	program-files	seq	D:\Program Files\Git\usr\bin\seq.exe	D:\Program Files\Git\usr\bin\seq.exe
kept	-	auth-kept	program-files	IIS Express 系统托盘	C:\Program Files (x86)\IIS Express\iisexpresstray.exe	C:\Program Files (x86)\IIS Express\iisexpresstray.exe
filtered	2-excluded-name	auth-filtered	program-files	Install Cleanup Tool	C:\Program Files (x86)\Microsoft Visual Studio\Installer\InstallCleanup.exe	C:\Program Files (x86)\Microsoft Visual Studio\Installer\InstallCleanup.exe
filtered	2-excluded-name	auth-filtered	start-menu	卸载 腾讯会议	D:\Program Files (x86)\Tencent\WeMeet\3.45.10.411\WeMeetUninstall.exe	C:\ProgramData\Microsoft\Windows\Start Menu\Programs\腾讯会议\卸载 腾讯会议.lnk
kept	-	auth-kept	program-files	看图	C:\Program Files (x86)\360\360zip\360AblumViewer.exe	C:\Program Files (x86)\360\360zip\360AblumViewer.exe
kept	-	auth-kept	program-files	Canon IJ PDF Editor	C:\Program Files (x86)\Canon\IJ Scan Utility\PDFEDITOR.exe	C:\Program Files (x86)\Canon\IJ Scan Utility\PDFEDITOR.exe
filtered	4-not-executable-target	auth-filtered	program-files	UWPAppsSamples	http://go.microsoft.com/fwlink/?LinkId=529576	C:\Program Files (x86)\Windows Kits\10\Shortcuts\UWPAppsSamples.url
kept	-	auth-kept	program-files	tiffcomment	C:\Users\17822\AppData\Local\Programs\Python\Python310\Scripts\tiffcomment.exe	C:\Users\17822\AppData\Local\Programs\Python\Python310\Scripts\tiffcomment.exe
filtered	2-excluded-name	auth-filtered	program-files	Adobe Notification Helper	C:\Program Files (x86)\Common Files\Adobe\AdobeNotificationManager\AdobeNotificationHelper.exe	C:\Program Files (x86)\Common Files\Adobe\AdobeNotificationManager\AdobeNotificationHelper.exe
filtered	2-excluded-name	auth-filtered	start-menu	Steam Support Center	http://support.steampowered.com/	C:\ProgramData\Microsoft\Windows\Start Menu\Programs\Steam\Steam Support Center.url
kept	-	auth-kept	program-files	Microsoft Edge WebView2	C:\Program Files (x86)\Microsoft\EdgeCore\152.0.4191.66\msedgewebview2.exe	C:\Program Files (x86)\Microsoft\EdgeCore\152.0.4191.66\msedgewebview2.exe
filtered	2-excluded-name	auth-filtered	program-files	Epic Online Services UI Helper	C:\Program Files (x86)\Epic Games\Epic Online Services\EpicOnlineServicesUIHelper.exe	C:\Program Files (x86)\Epic Games\Epic Online Services\EpicOnlineServicesUIHelper.exe
filtered	2-excluded-name	auth-filtered	start-menu	Uninstall Cisco Packet Tracer	D:\Program Files\Cisco Packet Tracer 8.2.2\unins000.exe	C:\ProgramData\Microsoft\Windows\Start Menu\Programs\Cisco Packet Tracer\Uninstall Cisco Packet Tracer.lnk
filtered	2-excluded-name	auth-filtered	program-files	ASUS Update	C:\Program Files (x86)\ASUS\Update\1.3.107.159\AsusUpdate.exe	C:\Program Files (x86)\ASUS\Update\1.3.107.159\AsusUpdate.exe
kept	-	auth-kept	program-files	ACE-Service exe	C:\Program Files\AntiCheatExpert\ACE-Service64.exe	C:\Program Files\AntiCheatExpert\ACE-Service64.exe
kept	-	auth-kept	program-files	ps	D:\Program Files\Git\usr\bin\ps.exe	D:\Program Files\Git\usr\bin\ps.exe
kept	-	auth-kept	program-files	Java(TM) Platform SE binary	C:\Program Files\Java\jdk-17\bin\javaw.exe	C:\Program Files\Java\jdk-17\bin\javaw.exe
filtered	2-excluded-name	auth-filtered	program-files	360压缩卸载程序	C:\Program Files (x86)\360\360zip\Uninstaller.exe	C:\Program Files (x86)\360\360zip\Uninstaller.exe
kept	-	auth-kept	program-files	cssdk 服务组件	C:\Program Files (x86)\360\360zip\cssdk.exe	C:\Program Files (x86)\360\360zip\cssdk.exe
kept	-	auth-kept	program-files	less	D:\Program Files\Git\usr\bin\less.exe	D:\Program Files\Git\usr\bin\less.exe
kept	-	auth-kept	program-files	printenv	D:\Program Files\Git\usr\bin\printenv.exe	D:\Program Files\Git\usr\bin\printenv.exe
kept	-	auth-kept	program-files	tiny-agents	C:\Users\17822\AppData\Local\Programs\Python\Python310\Scripts\tiny-agents.exe	C:\Users\17822\AppData\Local\Programs\Python\Python310\Scripts\tiny-agents.exe
kept	-	auth-kept	program-files	AndrowsBox Interface	C:\Program Files\AndrowsBox\ABoxSVC.exe	C:\Program Files\AndrowsBox\ABoxSVC.exe
filtered	2-excluded-name	auth-filtered	program-files	SUPUninstall	C:\Program Files\ldplayer9box\SUPUninstall.exe	C:\Program Files\ldplayer9box\SUPUninstall.exe
kept	-	auth-kept	program-files	nping	C:\Program Files (x86)\Nmap\nping.exe	C:\Program Files (x86)\Nmap\nping.exe
kept	-	auth-kept	start-menu	Blender 3.6	D:\Program Files\Blender Foundation\Blender 3.6\blender-launcher.exe	C:\Users\17822\AppData\Roaming\Microsoft\Windows\Start Menu\Programs\blender\Blender 3.6.lnk
kept	-	auth-kept	program-files	ASUS Framework	C:\Program Files (x86)\InstallShield Installation Information\{339A6383-7862-46DA-8A9D-E84180EF9424}\FrameworkServiceSetup.exe	C:\Program Files (x86)\InstallShield Installation Information\{339A6383-7862-46DA-8A9D-E84180EF9424}\FrameworkServiceSetup.exe
filtered	2-excluded-name	auth-filtered	program-files	Trae Inno Updater	C:\Users\17822\AppData\Local\Programs\TRAE SOLO CN\tools\inno_updater.exe	C:\Users\17822\AppData\Local\Programs\TRAE SOLO CN\tools\inno_updater.exe
kept	-	auth-kept	start-menu	An vm application	C:\Users\17822\AppData\Local\Programs\vm\vm.exe	C:\Users\17822\AppData\Roaming\Microsoft\Windows\Start Menu\Programs\VMWare_安装助手.lnk
kept	-	auth-kept	program-files	code	C:\Users\17822\AppData\Local\Programs\Microsoft VS Code\bin\code.cmd	C:\Users\17822\AppData\Local\Programs\Microsoft VS Code\bin\code.cmd
kept	-	auth-kept	program-files	Windows App Certification Kit	C:\Program Files (x86)\Windows Kits\10\App Certification Kit\appcertui.exe	C:\Program Files (x86)\Windows Kits\10\App Certification Kit\appcertui.exe
kept	-	auth-kept	start-menu	VMware Workstation 17 Player	C:\Program Files (x86)\VMware\VMware Workstation\vmplayer.exe	C:\ProgramData\Microsoft\Windows\Start Menu\Programs\VMware\VMware Workstation 17 Player.lnk
kept	-	auth-kept	program-files	gpgol-client	C:\Program Files\Gpg4win\bin\gpgol-client.exe	C:\Program Files\Gpg4win\bin\gpgol-client.exe
filtered	2-excluded-name	auth-filtered	program-files	Epic Online Services Install Helper	C:\Program Files (x86)\Epic Games\Epic Online Services\EpicOnlineServicesInstallHelper.exe	C:\Program Files (x86)\Epic Games\Epic Online Services\EpicOnlineServicesInstallHelper.exe
filtered	2-excluded-name	auth-filtered	program-files	Visual Studio Installer	C:\Program Files (x86)\Microsoft Visual Studio\Installer\vs_installer.exe	C:\Program Files (x86)\Microsoft Visual Studio\Installer\vs_installer.exe
kept	-	auth-kept	start-menu	Launcher for all Omniverse applications.	C:\Program Files\NVIDIA Corporation\NVIDIA Omniverse Launcher\NVIDIA Omniverse Launcher.exe	C:\ProgramData\Microsoft\Windows\Start Menu\Programs\NVIDIA Corporation\NVIDIA Omniverse Launcher.lnk
kept	-	auth-kept	program-files	factor	D:\Program Files\Git\usr\bin\factor.exe	D:\Program Files\Git\usr\bin\factor.exe
kept	-	auth-kept	program-files	AsusScreenXpertToast	C:\Program Files\ASUS\AsusScreenXpert\Arm\AsusScreenXpertToast.exe	C:\Program Files\ASUS\AsusScreenXpert\Arm\AsusScreenXpertToast.exe
kept	-	auth-kept	program-files	chown	D:\Program Files\Git\usr\bin\chown.exe	D:\Program Files\Git\usr\bin\chown.exe
kept	-	auth-kept	program-files	c4dpy	C:\Program Files\Maxon Cinema 4D 2024\c4dpy.exe	C:\Program Files\Maxon Cinema 4D 2024\c4dpy.exe
kept	-	auth-kept	program-files	test	D:\Program Files\Git\usr\bin\test.exe	D:\Program Files\Git\usr\bin\test.exe
kept	-	auth-kept	program-files	Java(TM) Platform SE binary	C:\Program Files\Java\jdk-24\bin\jlink.exe	C:\Program Files\Java\jdk-24\bin\jlink.exe
kept	-	auth-kept	program-files	trae	C:\Users\17822\AppData\Local\Programs\Trae CN\bin\trae.cmd	C:\Users\17822\AppData\Local\Programs\Trae CN\bin\trae.cmd
kept	-	auth-kept	program-files	触摸键盘和手写面板	C:\Program Files\Common Files\microsoft shared\ink\TabTip.exe	C:\Program Files\Common Files\microsoft shared\ink\TabTip.exe
filtered	2-excluded-name	auth-filtered	start-menu	Uninstall	D:\Program Files\Live2D Cubism 4.1\uninst.exe	C:\ProgramData\Microsoft\Windows\Start Menu\Programs\Live2D Cubism 4.1\Uninstall.lnk
filtered	2-excluded-name	auth-filtered	program-files	Setup/Uninstall	C:\Program Files\Inno Setup 7\unins000.exe	C:\Program Files\Inno Setup 7\unins000.exe
kept	-	auth-kept	program-files	哔哩哔哩PC客户端	D:\Program Files\bilibili\卸载哔哩哔哩.exe	D:\Program Files\bilibili\卸载哔哩哔哩.exe
kept	-	auth-kept	program-files	ls	D:\Program Files\Git\usr\bin\ls.exe	D:\Program Files\Git\usr\bin\ls.exe
kept	-	auth-kept	program-files	pathchk	D:\Program Files\Git\usr\bin\pathchk.exe	D:\Program Files\Git\usr\bin\pathchk.exe
kept	-	auth-kept	program-files	GnuPG’s archive tool	C:\Program Files\GnuPG\bin\gpgtar.exe	C:\Program Files\GnuPG\bin\gpgtar.exe
kept	-	auth-kept	program-files	Client DLL Surrogate Host	C:\Program Files\Microsoft Office\root\Client\AppVDllSurrogate32.exe	C:\Program Files\Microsoft Office\root\Client\AppVDllSurrogate32.exe
filtered	2-excluded-name	auth-filtered	program-files	Inno Setup Command-Line Compiler	C:\Program Files\Inno Setup 7\ISCC.exe	C:\Program Files\Inno Setup 7\ISCC.exe
kept	-	auth-kept	program-files	Wish Application	D:\Program Files\Git\mingw64\bin\wish.exe	D:\Program Files\Git\mingw64\bin\wish.exe
kept	-	auth-kept	start-menu	Visual Studio 2008 远程调试器配置向导	C:\Program Files (x86)\Microsoft Visual Studio 9.0\Common7\IDE\rdbgwiz.exe	C:\ProgramData\Microsoft\Windows\Start Menu\Programs\Microsoft Visual Studio 2008\Visual Studio Tools\Visual Studio 2008 远程调试器配置向导.lnk
kept	-	auth-kept	program-files	AsusScreenXpertWelcomeFlow	C:\Program Files\ASUS\AsusScreenXpert\AsusScreenXpertWelcomeFlow.exe	C:\Program Files\ASUS\AsusScreenXpert\AsusScreenXpertWelcomeFlow.exe
kept	-	auth-kept	start-menu	Launches IDLE, the interactive environment for Python 3.14.	C:\Users\17822\AppData\Local\Programs\Python\Python314\pythonw.exe	C:\Users\17822\AppData\Roaming\Microsoft\Windows\Start Menu\Programs\Python 3.14\IDLE (Python 3.14 64-bit).lnk
filtered	5-system-tool	auth-filtered	program-files	Windows 媒体播放器	C:\Program Files\Windows Media Player\wmplayer.exe	C:\Program Files\Windows Media Player\wmplayer.exe
kept	-	auth-kept	program-files	steamerrorreporter.exe	C:\Program Files (x86)\Common Files\Steam\steamerrorreporter.exe	C:\Program Files (x86)\Common Files\Steam\steamerrorreporter.exe
kept	-	auth-kept	program-files	comregister	C:\Program Files\AndrowsBox\comregister.cmd	C:\Program Files\AndrowsBox\comregister.cmd
kept	-	auth-kept	program-files	Microsoft Edge	C:\Program Files (x86)\Microsoft\EdgeCore\Optimized\notification_helper.exe	C:\Program Files (x86)\Microsoft\EdgeCore\Optimized\notification_helper.exe
kept	-	auth-kept	program-files	FvContainer.System	C:\Program Files\NVIDIA Corporation\FrameViewSDK\FvContainer\FvContainer.System.exe	C:\Program Files\NVIDIA Corporation\FrameViewSDK\FvContainer\FvContainer.System.exe
kept	-	auth-kept	program-files	Part of elevator/launcher UAC IntelliJ kit. 	C:\Program Files\Android\Android Studio\bin\elevator.exe	C:\Program Files\Android\Android Studio\bin\elevator.exe
kept	-	auth-kept	start-menu	原神	D:\Program Files\Genshin Impact\launcher.exe	C:\ProgramData\Microsoft\Windows\Start Menu\Programs\原神\原神.lnk
filtered	2-excluded-name	auth-filtered	program-files	Visual Basic 8 Keyword Upgrade Tool	C:\Program Files (x86)\Microsoft SQL Server Management Studio 20\Common7\IDE\vb7to8.exe	C:\Program Files (x86)\Microsoft SQL Server Management Studio 20\Common7\IDE\vb7to8.exe
kept	-	auth-kept	program-files	原神	D:\Program Files\Genshin Impact bilibili\1.18.0.380\launcher.exe	D:\Program Files\Genshin Impact bilibili\1.18.0.380\launcher.exe
kept	-	auth-kept	program-files	TRAE SOLO CN	C:\Users\17822\AppData\Local\Programs\TRAE SOLO CN\TRAE SOLO CN.exe	C:\Users\17822\AppData\Local\Programs\TRAE SOLO CN\TRAE SOLO CN.exe
filtered	2-excluded-name	auth-filtered	program-files	SUPInstall	C:\Program Files\ldplayer9box\SUPInstall.exe	C:\Program Files\ldplayer9box\SUPInstall.exe
kept	-	auth-kept	program-files	Ollama	C:\Users\17822\AppData\Local\Programs\Ollama\ollama app.exe	C:\Users\17822\AppData\Local\Programs\Ollama\lib\Ollama.lnk
filtered	2-excluded-name	auth-filtered	program-files	360通用下载	C:\Program Files (x86)\360\360safe\Utils\ModuleUpdate.exe	C:\Program Files (x86)\360\360safe\Utils\ModuleUpdate.exe
kept	-	auth-kept	program-files	Java(TM) Platform SE binary	C:\Program Files\Java\jdk-17\bin\jar.exe	C:\Program Files\Java\jdk-17\bin\jar.exe
filtered	5-system-tool	auth-filtered	start-menu	Open Visual Studio 2022 Tools PowerShell	C:\Windows\SysWOW64\WindowsPowerShell\v1.0\powershell.exe	C:\ProgramData\Microsoft\Windows\Start Menu\Programs\Visual Studio 2022\Visual Studio Tools\Developer PowerShell for VS 2022.lnk
kept	-	auth-kept	program-files	Microsoft(C) Register Server	C:\Program Files\ldplayer9box\regsvr32_x64.exe	C:\Program Files\ldplayer9box\regsvr32_x64.exe
filtered	2-excluded-name	auth-filtered	program-files	Setup/Uninstall	D:\Program Files\Medibang\MediBang Paint Pro\unins000.exe	D:\Program Files\Medibang\MediBang Paint Pro\unins000.exe
filtered	2-excluded-name	auth-filtered	program-files	uninstall	C:\Program Files\Android\Android Studio\uninstall.exe	C:\Program Files\Android\Android Studio\uninstall.exe
kept	-	auth-kept	program-files	Add-in Express .NET Registrator	C:\Program Files (x86)\iSlide Tools\adxregistrator.exe	C:\Program Files (x86)\iSlide Tools\adxregistrator.exe
filtered	2-excluded-name	auth-filtered	start-menu	Proteus Help	C:\Program Files (x86)\Labcenter Electronics\Proteus 8 Professional\HELP\pds.chm	C:\ProgramData\Microsoft\Windows\Start Menu\Programs\Proteus 8 Professional\Proteus Help.lnk
kept	-	auth-kept	program-files	Java(TM) Platform SE binary	C:\Program Files\Java\jdk-17\bin\rmiregistry.exe	C:\Program Files\Java\jdk-17\bin\rmiregistry.exe
kept	-	auth-kept	program-files	npx	D:\Program Files\nodejs\npx.cmd	D:\Program Files\nodejs\npx.cmd
filtered	5-system-tool	auth-filtered	program-files	图像处理设备控制面板	C:\Program Files\Windows Photo Viewer\ImagingDevices.exe	C:\Program Files\Windows Photo Viewer\ImagingDevices.exe
filtered	2-excluded-name	auth-filtered	program-files	VSInstallerElevationService	C:\Program Files (x86)\Microsoft Visual Studio\Installer\VSInstallerElevationService.exe	C:\Program Files (x86)\Microsoft Visual Studio\Installer\VSInstallerElevationService.exe
filtered	2-excluded-name	auth-filtered	start-menu	皮肤下载	D:\Program Files (x86)\SogouInput\16.8.0.5194\Sogou Skin.url	C:\ProgramData\Microsoft\Windows\Start Menu\Programs\搜狗输入法\链接\皮肤下载.lnk
kept	-	auth-kept	program-files	Office Telemetry Log	C:\Program Files\Microsoft Office\root\Office16\msoev.exe	C:\Program Files\Microsoft Office\root\Office16\msoev.exe
kept	-	auth-kept	program-files	VirtualBox Virtual Disk Utility	C:\Program Files\ldplayer9box\vbox-img.exe	C:\Program Files\ldplayer9box\vbox-img.exe
kept	-	auth-kept	start-menu	Shortcut to GPUView	C:\Program Files (x86)\Windows Kits\10\Windows Performance Toolkit\gpuview\GPUView.exe	C:\ProgramData\Microsoft\Windows\Start Menu\Programs\Windows Kits\Windows Performance Toolkit\GPUView.lnk
kept	-	auth-kept	program-files	tig	D:\Program Files\Git\usr\bin\tig.exe	D:\Program Files\Git\usr\bin\tig.exe
kept	-	auth-kept	program-files	FvContainer	C:\Program Files\NVIDIA Corporation\FrameViewSDK\FvContainer\FvContainer.exe	C:\Program Files\NVIDIA Corporation\FrameViewSDK\FvContainer\FvContainer.exe
kept	-	auth-kept	program-files	Blizzard Browser	C:\Program Files (x86)\Hearthstone\Hearthstone_Data\BlizzardBrowser\BlizzardBrowser.exe	C:\Program Files (x86)\Hearthstone\Hearthstone_Data\BlizzardBrowser\BlizzardBrowser.exe
kept	-	auth-kept	start-menu	Git Bash	D:\Program Files\Git\git-bash.exe	C:\ProgramData\Microsoft\Windows\Start Menu\Programs\Git\Git Bash.lnk
kept	-	auth-kept	program-files	Microsoft Product Activation	C:\Program Files (x86)\Microsoft SQL Server Management Studio 20\Common7\IDE\StorePID.exe	C:\Program Files (x86)\Microsoft SQL Server Management Studio 20\Common7\IDE\StorePID.exe
filtered	5-system-tool	auth-filtered	start-menu	管理远程桌面会话主机或远程桌面虚拟化主机服务器的授权	C:\WINDOWS\system32\licmgr.exe	C:\ProgramData\Microsoft\Windows\Start Menu\Programs\Administrative Tools\Remote Desktop Services\RD Licensing Manager.lnk
kept	-	auth-kept	program-files	NVIDIA App	C:\Program Files\NVIDIA Corporation\NVIDIA app\CEF\NVIDIA Overlay.exe	C:\Program Files\NVIDIA Corporation\NVIDIA app\CEF\NVIDIA Overlay.exe
kept	-	auth-kept	program-files	Firefox	C:\Program Files\Mozilla Firefox\firefox.exe	C:\Program Files\Mozilla Firefox\firefox.exe
filtered	5-system-tool	auth-filtered	program-files	Microsoft Data Loss Prevention MIP Agent	C:\Program Files\Windows Defender\MipDlp.exe	C:\Program Files\Windows Defender\MipDlp.exe
kept	-	auth-kept	start-menu	运行 Kleopatra 密钥管理工具。	C:\Program Files\Gpg4win\bin\kleopatra.exe	C:\ProgramData\Microsoft\Windows\Start Menu\Programs\Kleopatra.lnk
kept	-	auth-kept	program-files	GnuPG’s public key daemon	C:\Program Files\GnuPG\bin\keyboxd.exe	C:\Program Files\GnuPG\bin\keyboxd.exe
kept	-	auth-kept	program-files	rview	D:\Program Files\Git\usr\bin\rview.exe	D:\Program Files\Git\usr\bin\rview.exe
kept	-	auth-kept	program-files	dta	C:\Program Files (x86)\Microsoft SQL Server Management Studio 20\Common7\DTA.EXE	C:\Program Files (x86)\Microsoft SQL Server Management Studio 20\Common7\DTA.EXE
filtered	5-system-tool	auth-filtered	start-menu	Open Visual Studio 2022 Tools Command Prompt for targeting x86 with x64-hosted tools	C:\Windows\System32\cmd.exe	C:\ProgramData\Microsoft\Windows\Start Menu\Programs\Visual Studio 2022\Visual Studio Tools\VC\x64_x86 Cross Tools Command Prompt for VS 2022.lnk
kept	-	auth-kept	program-files	AsIO3 Driver	C:\Program Files (x86)\ASUS\AsusCertService\1.2.40\AsusCertService.exe	C:\Program Files (x86)\ASUS\AsusCertService\1.2.40\AsusCertService.exe
filtered	2-excluded-name	auth-filtered	start-menu	卸载网易云音乐	D:\Program Files (x86)\NetEase\CloudMusic\UnInstall.exe	C:\ProgramData\Microsoft\Windows\Start Menu\Programs\网易云音乐\卸载网易云音乐.lnk
filtered	5-system-tool	auth-filtered	start-menu	Visit Product Homepage	C:\Windows\Installer\{F522C947-52FA-4C01-B933-16292944E000}\_827C69E913FDE32A5B03C5.exe	C:\ProgramData\Microsoft\Windows\Start Menu\Programs\Lakhya's Innovation Inc\GUI Turbo Assembler\Visit Product Homepage.lnk
kept	-	auth-kept	program-files	digest	C:\Program Files\Apache Software Foundation\Tomcat 11.0\bin\digest.bat	C:\Program Files\Apache Software Foundation\Tomcat 11.0\bin\digest.bat
kept	-	auth-kept	program-files	VMware NAT Service	C:\Program Files (x86)\VMware\VMware Workstation\vmnat.exe	C:\Program Files (x86)\VMware\VMware Workstation\vmnat.exe
kept	-	auth-kept	program-files	SharkD	D:\Program Files\Wireshark\sharkd.exe	D:\Program Files\Wireshark\sharkd.exe
kept	-	auth-kept	program-files	NotificationDialog	C:\Program Files\ASUS\ROG Live Service\NotificationDialog.exe	C:\Program Files\ASUS\ROG Live Service\NotificationDialog.exe
filtered	2-excluded-name	auth-filtered	program-files	ASUS Hotplug Controller Setup	C:\Program Files (x86)\ASUS\ASUS\ASUS Hotplug Controller\Setup_tool.exe	C:\Program Files (x86)\ASUS\ASUS\ASUS Hotplug Controller\Setup_tool.exe
kept	-	auth-kept	program-files	mftraining	C:\Program Files\Tesseract-OCR\mftraining.exe	C:\Program Files\Tesseract-OCR\mftraining.exe
kept	-	auth-kept	start-menu	数据库引擎优化顾问 20	C:\Program Files (x86)\Microsoft SQL Server Management Studio 20\Common7\DTASHELL.EXE	C:\ProgramData\Microsoft\Windows\Start Menu\Programs\Microsoft SQL Server Tools 20\性能工具\数据库引擎优化顾问 20.lnk
kept	-	auth-kept	program-files	RestartAgent.exe	C:\Program Files\WSL\wslsettings\RestartAgent.exe	C:\Program Files\WSL\wslsettings\RestartAgent.exe
kept	-	auth-kept	program-files	ambiguous_words	C:\Program Files\Tesseract-OCR\ambiguous_words.exe	C:\Program Files\Tesseract-OCR\ambiguous_words.exe
kept	-	auth-kept	start-menu	雷电模拟器9	D:\leidian\LDPlayer9\dnplayer.exe	C:\Users\17822\AppData\Roaming\Microsoft\Windows\Start Menu\Programs\雷电模拟器9\雷电模拟器9.lnk
filtered	2-excluded-name	auth-filtered	start-menu	Node.js documentation	https://nodejs.org/download/release/v24.18.0/docs/api/	C:\ProgramData\Microsoft\Windows\Start Menu\Programs\Node.js\Node.js documentation.url
kept	-	auth-kept	program-files	sha512sum	D:\Program Files\Git\usr\bin\sha512sum.exe	D:\Program Files\Git\usr\bin\sha512sum.exe
kept	-	auth-kept	program-files	米哈游启动器	D:\Program Files\miHoYo Launcher\launcher.exe	D:\Program Files\miHoYo Launcher\launcher.exe
filtered	2-excluded-name	auth-filtered	program-files	微信电脑版安装程序	D:\Program Files\Tencent\Weixin\Uninstall.exe	D:\Program Files\Tencent\Weixin\Uninstall.exe
filtered	2-excluded-name	auth-filtered	start-menu	Start the Python 3.10 documentation server.	C:\Users\17822\AppData\Local\Programs\Python\Python310\python.exe	C:\Users\17822\AppData\Roaming\Microsoft\Windows\Start Menu\Programs\Python 3.10\Python 3.10 Module Docs (64-bit).lnk
kept	-	auth-kept	program-files	vshost-clr2.exe	C:\Program Files (x86)\Microsoft SQL Server Management Studio 20\Common7\IDE\vshost-clr2.exe	C:\Program Files (x86)\Microsoft SQL Server Management Studio 20\Common7\IDE\vshost-clr2.exe
kept	-	auth-kept	program-files	Microsoft Edge WebView2	C:\Program Files (x86)\Microsoft\EdgeCore\153.0.4234.32\msedgewebview2.exe	C:\Program Files (x86)\Microsoft\EdgeCore\153.0.4234.32\msedgewebview2.exe
kept	-	auth-kept	program-files	meta	D:\Program Files\Cisco Packet Tracer 8.2.2\bin\meta.exe	D:\Program Files\Cisco Packet Tracer 8.2.2\bin\meta.exe
kept	-	auth-kept	program-files	mkpasswd	D:\Program Files\Git\usr\bin\mkpasswd.exe	D:\Program Files\Git\usr\bin\mkpasswd.exe
kept	-	auth-kept	program-files	InspectorOfficeGadget	C:\Program Files\Common Files\microsoft shared\ClickToRun\InspectorOfficeGadget.exe	C:\Program Files\Common Files\microsoft shared\ClickToRun\InspectorOfficeGadget.exe
kept	-	auth-kept	program-files	360文件恢复	C:\Program Files (x86)\360\360safe\Utils\Recovery360.exe	C:\Program Files (x86)\360\360safe\Utils\Recovery360.exe
kept	-	auth-kept	program-files	sed	D:\Program Files\Git\usr\bin\sed.exe	D:\Program Files\Git\usr\bin\sed.exe
filtered	2-excluded-name	auth-filtered	program-files	Canon IJ Scan Utility Uninstaller	C:\Program Files (x86)\Canon\IJ Scan Utility\MAINT.exe	C:\Program Files (x86)\Canon\IJ Scan Utility\MAINT.exe
kept	-	auth-kept	program-files	lzmainfo shows information about .lzma files	D:\Program Files\Git\mingw64\bin\lzmainfo.exe	D:\Program Files\Git\mingw64\bin\lzmainfo.exe
kept	-	auth-kept	program-files	unexpand	D:\Program Files\Git\usr\bin\unexpand.exe	D:\Program Files\Git\usr\bin\unexpand.exe
kept	-	auth-kept	program-files	Authenticode(R) - signing and verifying tool	C:\Program Files (x86)\Windows Kits\10\App Certification Kit\signtool.exe	C:\Program Files (x86)\Windows Kits\10\App Certification Kit\signtool.exe
kept	-	auth-kept	program-files	bzip2	D:\Program Files\Git\mingw64\bin\bzip2.exe	D:\Program Files\Git\mingw64\bin\bzip2.exe
kept	-	auth-kept	program-files	Microsoft Office Click-to-Run IntegratedOfficeExe	C:\Program Files\Microsoft Office 15\ClientX64\OfficeClickToRun.exe	C:\Program Files\Microsoft Office 15\ClientX64\OfficeClickToRun.exe
filtered	2-excluded-name	auth-filtered	program-files	Setup/Uninstall	C:\Program Files (x86)\Labcenter Electronics\Proteus 8 Professional\unins000.exe	C:\Program Files (x86)\Labcenter Electronics\Proteus 8 Professional\unins000.exe
kept	-	auth-kept	program-files	regtool	D:\Program Files\Git\usr\bin\regtool.exe	D:\Program Files\Git\usr\bin\regtool.exe
kept	-	auth-kept	program-files	Java(TM) Platform SE binary	C:\Program Files\Java\jdk-24\bin\jimage.exe	C:\Program Files\Java\jdk-24\bin\jimage.exe
kept	-	auth-kept	program-files	WiX Toolset XsdGen	C:\Program Files (x86)\WiX Toolset v3.11\SDK\XsdGen.exe	C:\Program Files (x86)\WiX Toolset v3.11\SDK\XsdGen.exe
filtered	5-system-tool	auth-filtered	start-menu	Shortcut to Windows Software Development Kit folder	C:\Windows\explorer.exe	C:\ProgramData\Microsoft\Windows\Start Menu\Programs\Windows Kits\Windows Software Development Kit\Windows Software Development Kit.lnk
filtered	2-excluded-name	auth-filtered	start-menu	Documentation for UWP apps	C:\Program Files (x86)\Windows Kits\10\Shortcuts\UWPAppsDocumentation.url	C:\ProgramData\Microsoft\Windows\Start Menu\Programs\Windows Kits\Windows Software Development Kit\Documentation for UWP Apps.lnk
kept	-	auth-kept	program-files	connect	D:\Program Files\Git\mingw64\bin\connect.exe	D:\Program Files\Git\mingw64\bin\connect.exe
kept	-	auth-kept	start-menu	Git GUI	D:\Program Files\Git\cmd\git-gui.exe	C:\ProgramData\Microsoft\Windows\Start Menu\Programs\Git\Git GUI.lnk
filtered	2-excluded-name	auth-filtered	start-menu	卸载微信	D:\Program Files\Tencent\Weixin\Uninstall.exe	C:\ProgramData\Microsoft\Windows\Start Menu\Programs\微信\卸载微信.lnk
filtered	2-excluded-name	auth-filtered	program-files	PwaHelper executable for Identity Proxy	C:\Program Files (x86)\Microsoft\Edge\Application\new_pwahelper.exe	C:\Program Files (x86)\Microsoft\Edge\Application\new_pwahelper.exe
kept	-	auth-kept	program-files	tic	D:\Program Files\Git\usr\bin\tic.exe	D:\Program Files\Git\usr\bin\tic.exe
filtered	2-excluded-name	auth-filtered	start-menu	Inno Setup Example Scripts	C:\Program Files\Inno Setup 7\Examples	C:\ProgramData\Microsoft\Windows\Start Menu\Programs\Inno Setup 7\Inno Setup Example Scripts.lnk
filtered	5-system-tool	auth-filtered	start-menu	Reset the Visual Studio 2022 Experimental Instance	C:\Windows\System32\cmd.exe	C:\ProgramData\Microsoft\Windows\Start Menu\Programs\Visual Studio 2022\Microsoft Visual Studio SDK\Tools\Reset the Visual Studio 2022 Experimental Instance.lnk
kept	-	auth-kept	program-files	WiX Toolset Lux Builder	C:\Program Files (x86)\WiX Toolset v3.11\bin\lux.exe	C:\Program Files (x86)\WiX Toolset v3.11\bin\lux.exe
kept	-	auth-kept	program-files	Git for Windows	D:\Program Files\Git\mingw64\bin\git-upload-pack.exe	D:\Program Files\Git\mingw64\bin\git-upload-pack.exe
kept	-	auth-kept	program-files	Watson Subscriber for SENS Network Notifications	C:\Program Files\Common Files\microsoft shared\DW\DWTRIG20.EXE	C:\Program Files\Common Files\microsoft shared\DW\DWTRIG20.EXE
kept	-	auth-kept	program-files	Microsoft Edge	C:\Program Files (x86)\Microsoft\EdgeCore\152.0.4191.66\platform_experiences_helper.exe	C:\Program Files (x86)\Microsoft\EdgeCore\152.0.4191.66\platform_experiences_helper.exe
filtered	2-excluded-name	auth-filtered	program-files	Qt Translation File Update Tool	D:\Program Files\Cisco Packet Tracer 8.2.2\bin\lupdate.exe	D:\Program Files\Cisco Packet Tracer 8.2.2\bin\lupdate.exe
kept	-	auth-kept	program-files	dirmngr-client	D:\Program Files\Git\usr\bin\dirmngr-client.exe	D:\Program Files\Git\usr\bin\dirmngr-client.exe
kept	-	auth-kept	program-files	head	D:\Program Files\Git\usr\bin\head.exe	D:\Program Files\Git\usr\bin\head.exe
filtered	2-excluded-name	auth-filtered	program-files	NVIDIA Install Application	C:\Program Files\NVIDIA Corporation\Installer2\CoreTemp.{CE783D0E-D423-48B4-85EC-3B998B19AB27}\setup.exe	C:\Program Files\NVIDIA Corporation\Installer2\CoreTemp.{CE783D0E-D423-48B4-85EC-3B998B19AB27}\setup.exe
filtered	5-system-tool	auth-filtered	start-menu	注册表编辑器	C:\WINDOWS\regedit.exe	C:\ProgramData\Microsoft\Windows\Start Menu\Programs\Administrative Tools\Registry Editor.lnk
kept	-	auth-kept	program-files	Microsoft Office component	C:\Program Files\Microsoft Office\root\Office16\XLICONS.EXE	C:\Program Files\Microsoft Office\root\Office16\XLICONS.EXE
kept	-	auth-kept	program-files	paste	D:\Program Files\Git\usr\bin\paste.exe	D:\Program Files\Git\usr\bin\paste.exe
kept	-	auth-kept	program-files	米哈游启动器	D:\Program Files\miHoYo Launcher\1.18.0.380\HYP.exe	D:\Program Files\miHoYo Launcher\1.18.0.380\HYP.exe
kept	-	auth-kept	program-files	AsZip	C:\Program Files (x86)\ASUS\ROGLSLoader\AsZip.exe	C:\Program Files (x86)\ASUS\ROGLSLoader\AsZip.exe
kept	-	auth-kept	program-files	d2u	D:\Program Files\Git\usr\bin\d2u.exe	D:\Program Files\Git\usr\bin\d2u.exe
filtered	2-excluded-name	auth-filtered	start-menu	ISIS Schematic Help	C:\Program Files (x86)\Labcenter Electronics\Proteus 8 Professional\HELP\ISIS.chm	C:\ProgramData\Microsoft\Windows\Start Menu\Programs\Proteus 8 Professional\ISIS Schematic Help.lnk
filtered	5-system-tool	auth-filtered	program-files	Windows Defender 高级威胁防护服务可执行文件	C:\Program Files\Windows Defender Advanced Threat Protection\MsSense.exe	C:\Program Files\Windows Defender Advanced Threat Protection\MsSense.exe
filtered	2-excluded-name	auth-filtered	program-files	Internet Explorer 加载项安装程序	C:\Program Files (x86)\Internet Explorer\ieinstal.exe	C:\Program Files (x86)\Internet Explorer\ieinstal.exe
kept	-	auth-kept	program-files	Internet Explorer	C:\Program Files\Internet Explorer\iexplore.exe	C:\Program Files\Internet Explorer\iexplore.exe
kept	-	auth-kept	program-files	远程桌面	C:\Program Files\WSL\msrdc.exe	C:\Program Files\WSL\msrdc.exe
kept	-	auth-kept	program-files	Launch Zenmap, the Nmap GUI	C:\Program Files (x86)\Nmap\zenmap\bin\pythonw.exe	C:\Program Files (x86)\Nmap\Zenmap.lnk
kept	-	auth-kept	program-files	Mmdbresolve	D:\Program Files\Wireshark\mmdbresolve.exe	D:\Program Files\Wireshark\mmdbresolve.exe
kept	-	auth-kept	program-files	users	D:\Program Files\Git\usr\bin\users.exe	D:\Program Files\Git\usr\bin\users.exe
kept	-	auth-kept	program-files	msal.wsl.proxy	C:\Program Files\WSL\msal.wsl.proxy.exe	C:\Program Files\WSL\msal.wsl.proxy.exe
kept	-	auth-kept	program-files	QueryUWP	C:\Program Files (x86)\ASUS\ROGLSLoader\QueryUWP.exe	C:\Program Files (x86)\ASUS\ROGLSLoader\QueryUWP.exe
filtered	2-excluded-name	auth-filtered	program-files	Microsoft Visual Studio Registry Editor Helper	C:\Program Files (x86)\Microsoft SQL Server Management Studio 20\Common7\IDE\VsRegEdit.exe	C:\Program Files (x86)\Microsoft SQL Server Management Studio 20\Common7\IDE\VsRegEdit.exe
filtered	2-excluded-name	auth-filtered	program-files	Outlook Mail Setup	C:\Program Files\Microsoft Office\root\Office16\OLCFG.EXE	C:\Program Files\Microsoft Office\root\Office16\OLCFG.EXE
filtered	2-excluded-name	auth-filtered	program-files	Asus Device Helper	C:\Program Files\ASUS\ASUS Device Helper\AsDeviceHelper.exe	C:\Program Files\ASUS\ASUS Device Helper\AsDeviceHelper.exe
filtered	2-excluded-name	auth-filtered	start-menu	Install or Uninstall virtual USB Driver	C:\Program Files (x86)\Labcenter Electronics\Proteus 8 Professional\DRIVERS\VirtualUSBDriver.exe	C:\ProgramData\Microsoft\Windows\Start Menu\Programs\Proteus 8 Professional\Virtual USB\Install or Uninstall virtual USB Driver.lnk
kept	-	auth-kept	program-files	game-tools	C:\Program Files\Android\Android Studio\bin\game-tools.bat	C:\Program Files\Android\Android Studio\bin\game-tools.bat
filtered	5-system-tool	auth-filtered	start-menu	Microsoft Visual Studio Debuggable Package Manager PowerShell Session	C:\Windows\SysWOW64\WindowsPowerShell\v1.0\powershell.exe	C:\ProgramData\Microsoft\Windows\Start Menu\Programs\Visual Studio 2022\Visual Studio Tools\Debuggable Package Manager.lnk
filtered	5-system-tool	auth-filtered	program-files	Windows Defender Advanced Threat Protection IMDSCollector module	C:\Program Files\Windows Defender Advanced Threat Protection\SenseImdsCollector.exe	C:\Program Files\Windows Defender Advanced Threat Protection\SenseImdsCollector.exe
kept	-	auth-kept	program-files	Windows Media Player Folder Sharing Executable	C:\Program Files (x86)\Windows Media Player\wmpshare.exe	C:\Program Files (x86)\Windows Media Player\wmpshare.exe
kept	-	auth-kept	program-files	printf	D:\Program Files\Git\usr\bin\printf.exe	D:\Program Files\Git\usr\bin\printf.exe
kept	-	auth-kept	program-files	bzcat	D:\Program Files\Git\mingw64\bin\bzcat.exe	D:\Program Files\Git\mingw64\bin\bzcat.exe
filtered	3-document-target	auth-filtered	start-menu	Pandoc User’s Guide	C:\Program Files (x86)\Pandoc\Pandoc User's Guide.html	C:\ProgramData\Microsoft\Windows\Start Menu\Programs\Pandoc\Pandoc User’s Guide.lnk
filtered	2-excluded-name	auth-filtered	program-files	Visual Studio Installer	C:\Program Files (x86)\Microsoft Visual Studio\Installer\vs_installershell.exe	C:\Program Files (x86)\Microsoft Visual Studio\Installer\vs_installershell.exe
kept	-	auth-kept	program-files	stty	D:\Program Files\Git\usr\bin\stty.exe	D:\Program Files\Git\usr\bin\stty.exe
kept	-	auth-kept	program-files	numfmt	D:\Program Files\Git\usr\bin\numfmt.exe	D:\Program Files\Git\usr\bin\numfmt.exe
kept	-	auth-kept	program-files	tac	D:\Program Files\Git\usr\bin\tac.exe	D:\Program Files\Git\usr\bin\tac.exe
filtered	5-system-tool	auth-filtered	start-menu	维护 ODBC 数据源和驱动程序。	C:\WINDOWS\system32\odbcad32.exe	C:\ProgramData\Microsoft\Windows\Start Menu\Programs\Administrative Tools\ODBC Data Sources (64-bit).lnk
kept	-	auth-kept	program-files	huggingface-cli	C:\Users\17822\AppData\Local\Programs\Python\Python310\Scripts\huggingface-cli.exe	C:\Users\17822\AppData\Local\Programs\Python\Python310\Scripts\huggingface-cli.exe
kept	-	auth-kept	program-files	VirtualBox Interface	C:\Program Files\ldplayer9box\Ld9BoxSVC.exe	C:\Program Files\ldplayer9box\Ld9BoxSVC.exe
filtered	2-excluded-name	auth-filtered	program-files	VirtualBox Installer	C:\Program Files\AndrowsBox\VBoxStub.exe	C:\Program Files\AndrowsBox\VBoxStub.exe
filtered	2-excluded-name	auth-filtered	program-files	Visual Studio Updates	C:\Program Files (x86)\Microsoft Visual Studio\Installer\Microsoft.VisualStudio.Setup.ToastNotification.exe	C:\Program Files (x86)\Microsoft Visual Studio\Installer\Microsoft.VisualStudio.Setup.ToastNotification.exe
kept	-	auth-kept	program-files	HaxInst64	C:\Program Files\Intel\HAXM\HaxInst64.exe	C:\Program Files\Intel\HAXM\HaxInst64.exe
kept	-	auth-kept	program-files	BUSYBOX	C:\Program Files (x86)\Labcenter Electronics\Proteus 8 Professional\BIN\BUSYBOX.EXE	C:\Program Files (x86)\Labcenter Electronics\Proteus 8 Professional\BIN\BUSYBOX.EXE
kept	-	auth-kept	program-files	strace	D:\Program Files\Git\usr\bin\strace.exe	D:\Program Files\Git\usr\bin\strace.exe
filtered	2-excluded-name	auth-filtered	start-menu	ReadMe	C:\ProgramData\Microsoft\Windows\Start Menu\Programs\Tesseract-OCR\ReadMe.lnk	C:\ProgramData\Microsoft\Windows\Start Menu\Programs\Tesseract-OCR\ReadMe.lnk
kept	-	auth-kept	program-files	360网购先赔	C:\Program Files (x86)\360\360safe\safemon\360PayInsure.exe	C:\Program Files (x86)\360\360safe\safemon\360PayInsure.exe
filtered	2-excluded-name	auth-filtered	program-files	Microsoft Visual Studio Windows Store App Activation Helper	C:\Program Files (x86)\Common Files\Microsoft Shared\VS7Debug\VsImmersiveActivateHelper.exe	C:\Program Files (x86)\Common Files\Microsoft Shared\VS7Debug\VsImmersiveActivateHelper.exe
kept	-	auth-kept	program-files	Steam Drivers Archive	C:\Program Files (x86)\Common Files\Steam\drivers.exe	C:\Program Files (x86)\Common Files\Steam\drivers.exe
filtered	2-excluded-name	auth-filtered	program-files	Wireshark installer for Windows on x64	D:\Program Files\Wireshark\uninstall-wireshark.exe	D:\Program Files\Wireshark\uninstall-wireshark.exe
kept	-	auth-kept	program-files	米哈游启动器	D:\Program Files\miHoYo Launcher\1.18.0.380\HYUpdater.exe	D:\Program Files\miHoYo Launcher\1.18.0.380\HYUpdater.exe
filtered	2-excluded-name	auth-filtered	program-files	A LWF & WFP driver installation tool	C:\Program Files\Npcap\NPFInstall.exe	C:\Program Files\Npcap\NPFInstall.exe
kept	-	auth-kept	program-files	dawg2wordlist	C:\Program Files\Tesseract-OCR\dawg2wordlist.exe	C:\Program Files\Tesseract-OCR\dawg2wordlist.exe
kept	-	auth-kept	program-files	VMware Workstation	C:\Program Files (x86)\VMware\VMware Workstation\vmware.exe	C:\Program Files (x86)\VMware\VMware Workstation\vmware.exe
kept	-	auth-kept	program-files	Java(TM) Platform SE binary	C:\Program Files\Java\jdk-24\bin\serialver.exe	C:\Program Files\Java\jdk-24\bin\serialver.exe
filtered	5-system-tool	auth-filtered	program-files	Microsoft Windows Media 配置实用程序	C:\Program Files\Windows Media Player\setup_wm.exe	C:\Program Files\Windows Media Player\setup_wm.exe
kept	-	auth-kept	program-files	awk	D:\Program Files\Git\usr\bin\awk.exe	D:\Program Files\Git\usr\bin\awk.exe
kept	-	auth-kept	program-files	Java(TM) Platform SE binary	C:\Program Files\Java\jdk-17\bin\jfr.exe	C:\Program Files\Java\jdk-17\bin\jfr.exe
kept	-	auth-kept	program-files	uniq	D:\Program Files\Git\usr\bin\uniq.exe	D:\Program Files\Git\usr\bin\uniq.exe
filtered	5-system-tool	auth-filtered	start-menu	查看和修改本地安全策略，如用户权限和审核策略。	C:\WINDOWS\system32\secpol.msc	C:\ProgramData\Microsoft\Windows\Start Menu\Programs\Administrative Tools\Security Configuration Management.lnk
kept	-	auth-kept	program-files	ssh	D:\Program Files\Git\usr\bin\ssh.exe	D:\Program Files\Git\usr\bin\ssh.exe
kept	-	auth-kept	program-files	VirtualBox OpenGL Test Tool	C:\Program Files\ldplayer9box\VBoxTestOGL.exe	C:\Program Files\ldplayer9box\VBoxTestOGL.exe
kept	-	auth-kept	program-files	Performance Analyzer Command Line	C:\Users\17822\AppData\Local\Programs\TRAE SOLO CN\aha_doctor\xperf.exe	C:\Users\17822\AppData\Local\Programs\TRAE SOLO CN\aha_doctor\xperf.exe
kept	-	auth-kept	program-files	proxy-lookup	D:\Program Files\Git\mingw64\bin\proxy-lookup.exe	D:\Program Files\Git\mingw64\bin\proxy-lookup.exe
kept	-	auth-kept	program-files	360流量防火墙	C:\Program Files (x86)\360\360safe\Netmon\360netman.exe	C:\Program Files (x86)\360\360safe\Netmon\360netman.exe
kept	-	auth-kept	program-files	AsIO3 Driver	C:\Program Files (x86)\ASUS\AsusCertService\AsusCertService.exe	C:\Program Files (x86)\ASUS\AsusCertService\AsusCertService.exe
kept	-	auth-kept	program-files	echo	D:\Program Files\Git\usr\bin\echo.exe	D:\Program Files\Git\usr\bin\echo.exe
kept	-	auth-kept	start-menu	PuTTY	D:\Program Files\PuTTY\putty.exe	C:\ProgramData\Microsoft\Windows\Start Menu\Programs\PuTTY (64-bit)\PuTTY.lnk
filtered	5-system-tool	auth-filtered	start-menu	管理运行的应用并查看系统性能	C:\WINDOWS\system32\taskmgr.exe	C:\ProgramData\Microsoft\Windows\Start Menu\Programs\System Tools\Task Manager.lnk
kept	-	auth-kept	start-menu	管理您的电子邮件、计划、联系人和待办事项。	C:\Program Files\Microsoft Office\root\Office16\OUTLOOK.EXE	C:\ProgramData\Microsoft\Windows\Start Menu\Programs\Outlook (classic).lnk
kept	-	auth-kept	program-files	Microsoft OneNote	C:\Program Files\Microsoft Office\root\Office16\ONENOTE.EXE	C:\Program Files\Microsoft Office\root\Office16\ONENOTE.EXE
kept	-	auth-kept	program-files	.NET Runtime Crash Dump Generator	C:\Program Files\WSL\wslsettings\createdump.exe	C:\Program Files\WSL\wslsettings\createdump.exe
kept	-	auth-kept	program-files	containerd-shim-runhcs-v1	C:\Program Files\Docker\Docker\resources\containerd-shim-runhcs-v1.exe	C:\Program Files\Docker\Docker\resources\containerd-shim-runhcs-v1.exe
kept	-	auth-kept	program-files	UnityCrashHandler64	D:\Program Files\miHoYo Launcher\games\ZenlessZoneZero Game\UnityCrashHandler64.exe	D:\Program Files\miHoYo Launcher\games\ZenlessZoneZero Game\UnityCrashHandler64.exe
kept	-	auth-kept	program-files	GlideX Remote Service	C:\Program Files\ASUS\GlideX\GlideXRemote\GlideXRemoteService.exe	C:\Program Files\ASUS\GlideX\GlideXRemote\GlideXRemoteService.exe
kept	-	auth-kept	program-files	MiService	C:\Program Files (x86)\Timi Personal Computing\MiService\3.0.0.304\MiService.exe	C:\Program Files (x86)\Timi Personal Computing\MiService\3.0.0.304\MiService.exe
filtered	2-excluded-name	auth-filtered	program-files	Setup/Uninstall	C:\Users\17822\AppData\Local\Programs\CodeBuddy CN\unins000.exe	C:\Users\17822\AppData\Local\Programs\CodeBuddy CN\unins000.exe
filtered	2-excluded-name	auth-filtered	program-files	Setup/Uninstall	C:\Users\17822\AppData\Local\Programs\TRAE SOLO CN\unins000.exe	C:\Users\17822\AppData\Local\Programs\TRAE SOLO CN\unins000.exe
filtered	2-excluded-name	auth-filtered	program-files	ASUS_FRQ Control Setup tool	C:\Program Files (x86)\ASUS\ASUS Smart Display Control\Setup_tool.exe	C:\Program Files (x86)\ASUS\ASUS Smart Display Control\Setup_tool.exe
kept	-	auth-kept	program-files	Performance Analyzer Command Line	C:\Users\17822\AppData\Local\Programs\Trae CN\aha_doctor\xperf.exe	C:\Users\17822\AppData\Local\Programs\Trae CN\aha_doctor\xperf.exe
kept	-	auth-kept	program-files	unattend	C:\Program Files (x86)\VMware\VMware Workstation\Resources\unattend.cmd	C:\Program Files (x86)\VMware\VMware Workstation\Resources\unattend.cmd
kept	-	auth-kept	program-files	gpg-agent	D:\Program Files\Git\usr\bin\gpg-agent.exe	D:\Program Files\Git\usr\bin\gpg-agent.exe
filtered	5-system-tool	auth-filtered	start-menu	提供一个环境，便于使用不受信任的软件，而不影响主机。	C:\WINDOWS\system32\WindowsSandbox.exe	C:\ProgramData\Microsoft\Windows\Start Menu\Programs\Windows Sandbox.lnk
kept	-	auth-kept	program-files	Java(TM) Platform SE binary	C:\Program Files\Java\jdk-24\bin\jdeprscan.exe	C:\Program Files\Java\jdk-24\bin\jdeprscan.exe
kept	-	auth-kept	program-files	Microsoft Analysis Services Deployment Tool	C:\Program Files (x86)\Microsoft SQL Server Management Studio 20\Common7\IDE\Microsoft.AnalysisServices.Deployment.exe	C:\Program Files (x86)\Microsoft SQL Server Management Studio 20\Common7\IDE\Microsoft.AnalysisServices.Deployment.exe
kept	-	auth-kept	program-files	SUPLoggerCtl	C:\Program Files\ldplayer9box\SUPLoggerCtl.exe	C:\Program Files\ldplayer9box\SUPLoggerCtl.exe
kept	-	auth-kept	program-files	Java(TM) Platform SE binary	C:\Program Files\Java\jdk-17\bin\ktab.exe	C:\Program Files\Java\jdk-17\bin\ktab.exe
kept	-	auth-kept	program-files	Screen_intf	C:\Program Files (x86)\LightingService\Screen_intf.exe	C:\Program Files (x86)\LightingService\Screen_intf.exe
kept	-	auth-kept	program-files	unix2dos	D:\Program Files\Git\usr\bin\unix2dos.exe	D:\Program Files\Git\usr\bin\unix2dos.exe
kept	-	auth-kept	program-files	Java(TM) Platform SE binary	C:\Program Files\Java\jdk-17\bin\jarsigner.exe	C:\Program Files\Java\jdk-17\bin\jarsigner.exe
kept	-	auth-kept	start-menu	快速构建专业应用程序以管理数据。	C:\Program Files\Microsoft Office\root\Office16\MSACCESS.EXE	C:\ProgramData\Microsoft\Windows\Start Menu\Programs\Access.lnk
kept	-	auth-kept	program-files	Microsoft Application Virtualization Virtual Process Launcher	C:\Program Files\Microsoft Office\root\Client\AppVLP.exe	C:\Program Files\Microsoft Office\root\Client\AppVLP.exe
kept	-	auth-kept	program-files	Canon IJ Print Utility	C:\Program Files\Canon\Canon IJ Printer Assistant Tool\x86\cnmpase.exe	C:\Program Files\Canon\Canon IJ Printer Assistant Tool\x86\cnmpase.exe
kept	-	auth-kept	program-files	httpx	C:\Users\17822\AppData\Local\Programs\Python\Python310\Scripts\httpx.exe	C:\Users\17822\AppData\Local\Programs\Python\Python310\Scripts\httpx.exe
filtered	5-system-tool	auth-filtered	start-menu	维护 ODBC 数据源和驱动程序。	C:\WINDOWS\syswow64\odbcad32.exe	C:\ProgramData\Microsoft\Windows\Start Menu\Programs\Administrative Tools\ODBC Data Sources (32-bit).lnk
kept	-	auth-kept	program-files	task_host	C:\Users\17822\AppData\Local\Programs\TRAE SOLO CN\aha_doctor\task_host.exe	C:\Users\17822\AppData\Local\Programs\TRAE SOLO CN\aha_doctor\task_host.exe
kept	-	auth-kept	program-files	base32	D:\Program Files\Git\usr\bin\base32.exe	D:\Program Files\Git\usr\bin\base32.exe
kept	-	auth-kept	start-menu	网易云音乐	D:\Program Files (x86)\NetEase\CloudMusic\cloudmusic.exe	C:\ProgramData\Microsoft\Windows\Start Menu\Programs\网易云音乐\网易云音乐.lnk
kept	-	auth-kept	program-files	DIYSTAMP	C:\Program Files (x86)\Labcenter Electronics\Proteus 8 Professional\BIN\DIYSTAMP.EXE	C:\Program Files (x86)\Labcenter Electronics\Proteus 8 Professional\BIN\DIYSTAMP.EXE
kept	-	auth-kept	program-files	ASUS ScreenXpert	C:\Program Files\ASUS\AsusScreenXpert\AsusScreenXpertVirtualInput.exe	C:\Program Files\ASUS\AsusScreenXpert\AsusScreenXpertVirtualInput.exe
kept	-	auth-kept	program-files	Git for Windows	D:\Program Files\Git\cmd\git.exe	D:\Program Files\Git\cmd\git.exe
filtered	2-excluded-name	auth-filtered	start-menu	Inno Setup Compiler	C:\Program Files\Inno Setup 7\ISIDE.exe	C:\ProgramData\Microsoft\Windows\Start Menu\Programs\Inno Setup 7\Inno Setup Compiler.lnk
kept	-	auth-kept	program-files	游戏圈版迅游网络助手客户端	C:\Program Files (x86)\yxq_nethelper\XY_YXQ_Nethelper.exe	C:\Program Files (x86)\yxq_nethelper\XY_YXQ_Nethelper.exe
kept	-	auth-kept	program-files	Rawshark	D:\Program Files\Wireshark\rawshark.exe	D:\Program Files\Wireshark\rawshark.exe
filtered	2-excluded-name	auth-filtered	start-menu	启动 Microsoft Visual Studio 2008 文档	C:\Program Files (x86)\Common Files\Microsoft Shared\Help 9\dexplore.exe	C:\ProgramData\Microsoft\Windows\Start Menu\Programs\Microsoft Visual Studio 2008\Microsoft Visual Studio 2008 文档.lnk
kept	-	auth-kept	program-files	docker-model	C:\Program Files\Docker\cli-plugins\docker-model.exe	C:\Program Files\Docker\cli-plugins\docker-model.exe
kept	-	auth-kept	program-files	Java(TM) Platform SE binary	C:\Program Files\Java\jdk-24\bin\jstat.exe	C:\Program Files\Java\jdk-24\bin\jstat.exe
kept	-	auth-kept	program-files	ASUS Smart Display Control	C:\Program Files (x86)\ASUS\ASUS Smart Display Control\ASUSSmartDisplayControl.exe	C:\Program Files (x86)\ASUS\ASUS Smart Display Control\ASUSSmartDisplayControl.exe
kept	-	auth-kept	program-files	maintenanceservice	C:\Program Files (x86)\Mozilla Maintenance Service\maintenanceservice.exe	C:\Program Files (x86)\Mozilla Maintenance Service\maintenanceservice.exe
kept	-	auth-kept	program-files	Git for Windows	D:\Program Files\Git\mingw64\bin\scalar.exe	D:\Program Files\Git\mingw64\bin\scalar.exe
kept	-	auth-kept	program-files	GlideX DragDrop	C:\Program Files\ASUS\GlideX\GlideXDragDrop.exe	C:\Program Files\ASUS\GlideX\GlideXDragDrop.exe
kept	-	auth-kept	program-files	Aha Doctor	C:\Users\17822\AppData\Local\Programs\Trae CN\aha_doctor\aha_doctor.exe	C:\Users\17822\AppData\Local\Programs\Trae CN\aha_doctor\aha_doctor.exe
filtered	2-excluded-name	auth-filtered	start-menu	卸载哔哩哔哩	D:\Program Files\bilibili\卸载哔哩哔哩.exe	C:\ProgramData\Microsoft\Windows\Start Menu\Programs\哔哩哔哩\卸载哔哩哔哩.lnk
kept	-	auth-kept	program-files	Web Deploy	C:\Program Files (x86)\IIS\Microsoft Web Deploy V3\msdeploy.exe	C:\Program Files (x86)\IIS\Microsoft Web Deploy V3\msdeploy.exe
kept	-	auth-kept	program-files	passwd	D:\Program Files\Git\usr\bin\passwd.exe	D:\Program Files\Git\usr\bin\passwd.exe
kept	-	auth-kept	program-files	360隔离沙箱模块	C:\Program Files (x86)\360\360safe\ipc\360BoxLd64.exe	C:\Program Files (x86)\360\360safe\ipc\360BoxLd64.exe
kept	-	auth-kept	program-files	you-get	C:\Users\17822\AppData\Local\Programs\Python\Python38\Scripts\you-get.exe	C:\Users\17822\AppData\Local\Programs\Python\Python38\Scripts\you-get.exe
kept	-	auth-kept	program-files	text2image	C:\Program Files\Tesseract-OCR\text2image.exe	C:\Program Files\Tesseract-OCR\text2image.exe
filtered	2-excluded-name	auth-filtered	start-menu	参考文档	http://docs.oracle.com/javase/24/index.html	C:\ProgramData\Microsoft\Windows\Start Menu\Programs\Java Development Kit\参考文档.url
kept	-	auth-kept	program-files	docker-compose	C:\Program Files\Docker\cli-plugins\docker-compose.exe	C:\Program Files\Docker\cli-plugins\docker-compose.exe
filtered	2-excluded-name	auth-filtered	program-files	NetAdp6Uninstall	C:\Program Files\ldplayer9box\NetAdp6Uninstall.exe	C:\Program Files\ldplayer9box\NetAdp6Uninstall.exe
filtered	2-excluded-name	auth-filtered	program-files	Mascot Setup	C:\Program Files (x86)\ASUS\ASUS\TX Mascot\Setup.exe	C:\Program Files (x86)\ASUS\ASUS\TX Mascot\Setup.exe
kept	-	auth-kept	program-files	VirtualBox Manager	C:\Program Files\AndrowsBox\AndrowsBox.exe	C:\Program Files\AndrowsBox\AndrowsBox.exe
kept	-	auth-kept	program-files	column	D:\Program Files\Git\usr\bin\column.exe	D:\Program Files\Git\usr\bin\column.exe
kept	-	auth-kept	start-menu	腾讯自选股.lnk	D:\Program Files\Tencent\Androws\Application\AndrowsLauncher.exe	C:\ProgramData\Microsoft\Windows\Start Menu\Programs\腾讯自选股.lnk
filtered	5-system-tool	auth-filtered	start-menu	Anaconda Prompt	C:\Windows\System32\cmd.exe	C:\Users\17822\AppData\Roaming\Microsoft\Windows\Start Menu\Programs\Anaconda (anaconda3)\Anaconda Prompt.lnk
kept	-	auth-kept	program-files	hostid	D:\Program Files\Git\usr\bin\hostid.exe	D:\Program Files\Git\usr\bin\hostid.exe
kept	-	auth-kept	program-files	Microsoft Application Error Reporting	C:\Program Files\Common Files\microsoft shared\DW\DW20.EXE	C:\Program Files\Common Files\microsoft shared\DW\DW20.EXE
kept	-	auth-kept	program-files	VMware USB Arbitration Service	C:\Program Files (x86)\Common Files\VMware\USB\vmware-usbarbitrator64.exe	C:\Program Files (x86)\Common Files\VMware\USB\vmware-usbarbitrator64.exe
filtered	2-excluded-name	auth-filtered	program-files	Web Deploy Documentation	http://go.microsoft.com/?linkid=9802942	C:\Program Files\IIS\Microsoft Web Deploy V3\Web Deploy Documentation.url
kept	-	auth-kept	program-files	VersionS Application	C:\Program Files (x86)\yxq_nethelper\VersionCollect.exe	C:\Program Files (x86)\yxq_nethelper\VersionCollect.exe
filtered	2-excluded-name	auth-filtered	program-files	imageio_remove_bin	C:\Users\17822\AppData\Local\Programs\Python\Python310\Scripts\imageio_remove_bin.exe	C:\Users\17822\AppData\Local\Programs\Python\Python310\Scripts\imageio_remove_bin.exe
kept	-	auth-kept	program-files	blender_debug_gpu	D:\Program Files\Blender Foundation\Blender 3.6\blender_debug_gpu.cmd	D:\Program Files\Blender Foundation\Blender 3.6\blender_debug_gpu.cmd
kept	-	auth-kept	program-files	AsusScreenPadMaxDisplayManager	C:\Program Files\ASUS\AsusScreenXpert\AsusScreenPadMaxDisplayManager.exe	C:\Program Files\ASUS\AsusScreenXpert\AsusScreenPadMaxDisplayManager.exe
filtered	2-excluded-name	auth-filtered	program-files	TdxUnInstall Microsoft 基础类应用程序	C:\Program Files (x86)\TdxUnInstall\TdxUnInstall.exe	C:\Program Files (x86)\TdxUnInstall\TdxUnInstall.exe
kept	-	auth-kept	start-menu	发送至 OneNote	C:\Program Files\Microsoft Office\root\Office16\ONENOTEM.EXE	C:\Users\17822\AppData\Roaming\Microsoft\Windows\Start Menu\Programs\Startup\发送至 OneNote.lnk
filtered	4-not-executable-target	auth-filtered	start-menu	显示你计算机上的文件和文件夹。	C:\Users\17822\AppData\Roaming\Microsoft\Windows\Start Menu\Programs\File Explorer.lnk	C:\Users\17822\AppData\Roaming\Microsoft\Windows\Start Menu\Programs\File Explorer.lnk
kept	-	auth-kept	program-files	sdiff	D:\Program Files\Git\usr\bin\sdiff.exe	D:\Program Files\Git\usr\bin\sdiff.exe
kept	-	auth-kept	program-files	startup	C:\Program Files\Apache Software Foundation\Tomcat 11.0\bin\startup.bat	C:\Program Files\Apache Software Foundation\Tomcat 11.0\bin\startup.bat
kept	-	auth-kept	program-files	pyftmerge	C:\Users\17822\AppData\Local\Programs\Python\Python310\Scripts\pyftmerge.exe	C:\Users\17822\AppData\Local\Programs\Python\Python310\Scripts\pyftmerge.exe
kept	-	auth-kept	program-files	Java(TM) Platform SE binary	C:\Program Files\Java\jdk-24\bin\rmiregistry.exe	C:\Program Files\Java\jdk-24\bin\rmiregistry.exe
kept	-	auth-kept	program-files	GetDeviceVersion	C:\Program Files\ASUS\ROG Live Service\GetDeviceVersion.exe	C:\Program Files\ASUS\ROG Live Service\GetDeviceVersion.exe
kept	-	auth-kept	program-files	原神	D:\Program Files\Genshin Impact\uninstall.exe	D:\Program Files\Genshin Impact\uninstall.exe
kept	-	auth-kept	program-files	ffmpeg	C:\Program Files (x86)\Labcenter Electronics\Proteus 8 Professional\BIN\ffmpeg.exe	C:\Program Files (x86)\Labcenter Electronics\Proteus 8 Professional\BIN\ffmpeg.exe
kept	-	auth-kept	program-files	pinentry-w32	D:\Program Files\Git\usr\bin\pinentry-w32.exe	D:\Program Files\Git\usr\bin\pinentry-w32.exe
filtered	5-system-tool	auth-filtered	program-files	Windows Defender Advanced Threat Protection Sense Event Tracer module	C:\Program Files\Windows Defender Advanced Threat Protection\SenseTracer.exe	C:\Program Files\Windows Defender Advanced Threat Protection\SenseTracer.exe
kept	-	auth-kept	program-files	GPLed iconv for Windows	D:\Program Files\Git\usr\bin\iconv.exe	D:\Program Files\Git\usr\bin\iconv.exe
kept	-	auth-kept	program-files	MiAccountBroker	C:\Program Files (x86)\Timi Personal Computing\MiService\3.0.0.304\MiAccountBroker.exe	C:\Program Files (x86)\Timi Personal Computing\MiService\3.0.0.304\MiAccountBroker.exe
kept	-	auth-kept	program-files	lesskey	D:\Program Files\Git\usr\bin\lesskey.exe	D:\Program Files\Git\usr\bin\lesskey.exe
filtered	2-excluded-name	auth-filtered	program-files	VMware easy install utility	C:\Program Files (x86)\VMware\VMware Workstation\Resources\storePwd.exe	C:\Program Files (x86)\VMware\VMware Workstation\Resources\storePwd.exe
kept	-	auth-kept	program-files	WiX Toolset Compiler	C:\Program Files (x86)\WiX Toolset v3.11\bin\candle.exe	C:\Program Files (x86)\WiX Toolset v3.11\bin\candle.exe
kept	-	auth-kept	program-files	Java(TM) Platform SE binary	C:\Program Files\Java\jdk-24\bin\jstatd.exe	C:\Program Files\Java\jdk-24\bin\jstatd.exe
filtered	2-excluded-name	auth-filtered	start-menu	卸载	D:\Program Files (x86)\SogouInput\16.8.0.5194\Uninstall\Uninstall.exe	C:\ProgramData\Microsoft\Windows\Start Menu\Programs\搜狗输入法\卸载.lnk
kept	-	auth-kept	program-files	Microsoft Visual Studio Web Protocol Handler	C:\Program Files (x86)\Microsoft SQL Server Management Studio 20\Common7\IDE\VSWebHandler.exe	C:\Program Files (x86)\Microsoft SQL Server Management Studio 20\Common7\IDE\VSWebHandler.exe
kept	-	auth-kept	program-files	WiX Toolset Harvester	C:\Program Files (x86)\WiX Toolset v3.11\bin\heat.exe	C:\Program Files (x86)\WiX Toolset v3.11\bin\heat.exe
filtered	5-system-tool	auth-filtered	start-menu	Reset the Visual Studio 2022 Experimental Instance (2)	C:\Windows\System32\cmd.exe	C:\ProgramData\Microsoft\Windows\Start Menu\Programs\Visual Studio 2022\Microsoft Visual Studio SDK\Tools\Reset the Visual Studio 2022 Experimental Instance (2).lnk
kept	-	auth-kept	program-files	WiX Toolset Scanner	C:\Program Files (x86)\WiX Toolset v3.11\bin\shine.exe	C:\Program Files (x86)\WiX Toolset v3.11\bin\shine.exe
kept	-	auth-kept	program-files	Tesseract OCR	C:\Program Files\Tesseract-OCR\tesseract-uninstall.exe	C:\Program Files\Tesseract-OCR\tesseract-uninstall.exe
kept	-	auth-kept	program-files	blender_debug_log	D:\Program Files\Blender Foundation\Blender 3.6\blender_debug_log.cmd	D:\Program Files\Blender Foundation\Blender 3.6\blender_debug_log.cmd
kept	-	auth-kept	program-files	Windows Subsystem for Linux	C:\Program Files\WSL\wslrelay.exe	C:\Program Files\WSL\wslrelay.exe
kept	-	auth-kept	program-files	ASUS SDK	C:\Program Files (x86)\InstallShield Installation Information\{6EE02C78-E908-493B-B1A6-D64AFC53002F}\SdkSetup.exe	C:\Program Files (x86)\InstallShield Installation Information\{6EE02C78-E908-493B-B1A6-D64AFC53002F}\SdkSetup.exe
kept	-	auth-kept	program-files	Game Session Monitor	C:\Program Files (x86)\Battle.net\Battle.net.17620\GameSessionMonitor.exe	C:\Program Files (x86)\Battle.net\Battle.net.17620\GameSessionMonitor.exe
kept	-	auth-kept	program-files	bzip2recover	D:\Program Files\Git\mingw64\bin\bzip2recover.exe	D:\Program Files\Git\mingw64\bin\bzip2recover.exe
filtered	2-excluded-name	auth-filtered	program-files	Armoury Crate Installer	C:\Program Files (x86)\ASUS\ROGLSLoader\Armoury Crate Installer.exe	C:\Program Files (x86)\ASUS\ROGLSLoader\Armoury Crate Installer.exe
kept	-	auth-kept	program-files	.NET Runtime Crash Dump Generator	D:\Program Files\Tuanjie Hub\TuanjieLicensingClient_V1\createdump.exe	D:\Program Files\Tuanjie Hub\TuanjieLicensingClient_V1\createdump.exe
kept	-	auth-kept	program-files	ASUS Number Key	C:\Program Files\ASUS\AsusScreenXpert\AsusNumberKey.exe	C:\Program Files\ASUS\AsusScreenXpert\AsusNumberKey.exe
kept	-	auth-kept	program-files	ollama app	C:\Users\17822\AppData\Local\Programs\Ollama\ollama app.exe	C:\Users\17822\AppData\Local\Programs\Ollama\ollama app.exe
kept	-	auth-kept	program-files	Git for Windows	D:\Program Files\Git\mingw64\bin\git.exe	D:\Program Files\Git\mingw64\bin\git.exe
kept	-	auth-kept	program-files	logname	D:\Program Files\Git\usr\bin\logname.exe	D:\Program Files\Git\usr\bin\logname.exe
kept	-	auth-kept	program-files	gpgme-w32spawn	C:\Program Files\Gpg4win\bin\gpgme-w32spawn.exe	C:\Program Files\Gpg4win\bin\gpgme-w32spawn.exe
kept	-	auth-kept	program-files	Python Simulation Process	C:\Program Files (x86)\Labcenter Electronics\Proteus 8 Professional\BIN\PYPROC.exe	C:\Program Files (x86)\Labcenter Electronics\Proteus 8 Professional\BIN\PYPROC.exe
kept	-	auth-kept	program-files	gpgolconfig	C:\Program Files\Gpg4win\bin\gpgolconfig.exe	C:\Program Files\Gpg4win\bin\gpgolconfig.exe
kept	-	auth-kept	start-menu	学习通	D:\Program Files (x86)\cxstudy\cxstudy.exe	C:\Users\17822\AppData\Roaming\Microsoft\Windows\Start Menu\Programs\学习通.lnk
filtered	2-excluded-name	auth-filtered	program-files	ACE Uninstaller EXE	C:\Program Files\AntiCheatExpert\SGuard\x64\Uninstall64.exe	C:\Program Files\AntiCheatExpert\SGuard\x64\Uninstall64.exe
filtered	2-excluded-name	auth-filtered	program-files	NetLwfUninstall	C:\Program Files\ldplayer9box\NetLwfUninstall.exe	C:\Program Files\ldplayer9box\NetLwfUninstall.exe
kept	-	auth-kept	program-files	AsIO3 Driver	C:\Program Files (x86)\ASUS\AsusCertService\1.2.36\AsusCertService.exe	C:\Program Files (x86)\ASUS\AsusCertService\1.2.36\AsusCertService.exe
kept	-	auth-kept	program-files	ROG Live Service	C:\Program Files\ASUS\ROG Live Service\ROGLiveService.exe	C:\Program Files\ASUS\ROG Live Service\ROGLiveService.exe
kept	-	auth-kept	program-files	Java(TM) Platform SE binary	C:\Program Files\Java\jdk-17\bin\jinfo.exe	C:\Program Files\Java\jdk-17\bin\jinfo.exe
filtered	2-excluded-name	auth-filtered	start-menu	卸载企业微信	D:\Program Files (x86)\WXWork\Uninstall.exe	C:\ProgramData\Microsoft\Windows\Start Menu\Programs\企业微信\卸载企业微信.lnk
kept	-	auth-kept	program-files	pip3	C:\Users\17822\AppData\Local\Programs\Python\Python310\Scripts\pip3.exe	C:\Users\17822\AppData\Local\Programs\Python\Python310\Scripts\pip3.exe
kept	-	auth-kept	program-files	sha224sum	D:\Program Files\Git\usr\bin\sha224sum.exe	D:\Program Files\Git\usr\bin\sha224sum.exe
kept	-	auth-kept	start-menu	VMware Workstation Pro	C:\Program Files (x86)\VMware\VMware Workstation\vmware.exe	C:\ProgramData\Microsoft\Windows\Start Menu\Programs\VMware\VMware Workstation Pro.lnk
kept	-	auth-kept	program-files	Git for Windows	D:\Program Files\Git\git-cmd.exe	D:\Program Files\Git\git-cmd.exe
filtered	2-excluded-name	auth-filtered	program-files	Performance Analyzer Power Transition Performance Testing Utility Helper	C:\Program Files (x86)\Windows Kits\10\Windows Performance Toolkit\xbootmgrsleep.exe	C:\Program Files (x86)\Windows Kits\10\Windows Performance Toolkit\xbootmgrsleep.exe
kept	-	auth-kept	program-files	tail	D:\Program Files\Git\usr\bin\tail.exe	D:\Program Files\Git\usr\bin\tail.exe
kept	-	auth-kept	program-files	tr	D:\Program Files\Git\usr\bin\tr.exe	D:\Program Files\Git\usr\bin\tr.exe
kept	-	auth-kept	program-files	toe	D:\Program Files\Git\usr\bin\toe.exe	D:\Program Files\Git\usr\bin\toe.exe
kept	-	auth-kept	program-files	resolver	C:\Program Files\Gpg4win\bin\resolver.exe	C:\Program Files\Gpg4win\bin\resolver.exe
kept	-	auth-kept	program-files	useless_sys_cn	D:\Program Files\Star Rail\Game\useless_sys_cn.exe	D:\Program Files\Star Rail\Game\useless_sys_cn.exe
kept	-	auth-kept	program-files	Microsoft Edge PWA Launcher	C:\Program Files (x86)\Microsoft\EdgeCore\152.0.4191.66\msedge_pwa_launcher.exe	C:\Program Files (x86)\Microsoft\EdgeCore\152.0.4191.66\msedge_pwa_launcher.exe
kept	-	auth-kept	program-files	Java(TM) Platform SE binary	C:\Program Files\Java\jdk-24\bin\jnativescan.exe	C:\Program Files\Java\jdk-24\bin\jnativescan.exe
kept	-	auth-kept	program-files	Weixin	D:\Program Files\Tencent\Weixin\Weixin.exe	D:\Program Files\Tencent\Weixin\Weixin.exe
filtered	2-excluded-name	auth-filtered	start-menu	Download Microsoft .NET Framework 4.0	C:\Windows\Installer\{F522C947-52FA-4C01-B933-16292944E000}\_8DC3936375B84015751885.exe	C:\ProgramData\Microsoft\Windows\Start Menu\Programs\Lakhya's Innovation Inc\GUI Turbo Assembler\Download Microsoft .NET Framework 4.0.lnk
kept	-	auth-kept	program-files	Microsoft Office Trusted Web Host	C:\Program Files\Microsoft Office\root\Office16\msoasb.exe	C:\Program Files\Microsoft Office\root\Office16\msoasb.exe
filtered	2-excluded-name	auth-filtered	program-files	NVIDIA Install Application	C:\Program Files\NVIDIA Corporation\Installer2\InstallerCore\SETUP.EXE	C:\Program Files\NVIDIA Corporation\Installer2\InstallerCore\SETUP.EXE
kept	-	auth-kept	program-files	vshost32.exe	C:\Program Files (x86)\Microsoft SQL Server Management Studio 20\Common7\IDE\vshost32.exe	C:\Program Files (x86)\Microsoft SQL Server Management Studio 20\Common7\IDE\vshost32.exe
kept	-	auth-kept	program-files	WiX Error Correction Tool	C:\Program Files (x86)\WiX Toolset v3.11\bin\WixCop.exe	C:\Program Files (x86)\WiX Toolset v3.11\bin\WixCop.exe
kept	-	auth-kept	program-files	NVIDIA Canvas	C:\Program Files\NVIDIA Corporation\NVIDIA Canvas\Canvas.exe	C:\Program Files\NVIDIA Corporation\NVIDIA Canvas\Canvas.exe
kept	-	auth-kept	program-files	360压缩	C:\Program Files (x86)\360\360zip\360ExtLoader.exe	C:\Program Files (x86)\360\360zip\360ExtLoader.exe
kept	-	auth-kept	start-menu	腾讯应用宝	D:\Program Files\Tencent\Androws\Application\AndrowsLauncher.exe	C:\ProgramData\Microsoft\Windows\Start Menu\Programs\腾讯应用宝.lnk
filtered	2-excluded-name	auth-filtered	start-menu	Install or Uninstall virtual network driver	C:\Program Files (x86)\Labcenter Electronics\Proteus 8 Professional\DRIVERS\VirtualNetworkDriver.exe	C:\ProgramData\Microsoft\Windows\Start Menu\Programs\Proteus 8 Professional\Virtual Network\Install or Uninstall virtual network driver.lnk
kept	-	auth-kept	program-files	Hearthstone	C:\Program Files (x86)\Hearthstone\Hearthstone.exe	C:\Program Files (x86)\Hearthstone\Hearthstone.exe
filtered	5-system-tool	auth-filtered	start-menu	vctl 的命令提示符	C:\Windows\System32\cmd.exe	C:\ProgramData\Microsoft\Windows\Start Menu\Programs\VMware\vctl 的命令提示符.lnk
filtered	2-excluded-name	auth-filtered	program-files	Setup/Uninstall	D:\Program Files\Cisco Packet Tracer 8.2.2\unins000.exe	D:\Program Files\Cisco Packet Tracer 8.2.2\unins000.exe
filtered	2-excluded-name	auth-filtered	program-files	USBInstall	C:\Program Files\ldplayer9box\USBInstall.exe	C:\Program Files\ldplayer9box\USBInstall.exe
kept	-	auth-kept	start-menu	Start Experimental Instance of Visual Studio 2022	D:\Program Files\Microsoft Visual Studio\2022\Community\Common7\IDE\devenv.exe	C:\ProgramData\Microsoft\Windows\Start Menu\Programs\Visual Studio 2022\Microsoft Visual Studio SDK\Tools\Start Experimental Instance of Visual Studio 2022.lnk
kept	-	auth-kept	program-files	base64	D:\Program Files\Git\usr\bin\base64.exe	D:\Program Files\Git\usr\bin\base64.exe
filtered	2-excluded-name	auth-filtered	program-files	UpdateDialog	C:\Program Files\ASUS\ARMOURY CRATE Service\GPUMode\UpdateDialog.exe	C:\Program Files\ASUS\ARMOURY CRATE Service\GPUMode\UpdateDialog.exe
filtered	4-not-executable-target	auth-filtered	start-menu	Welcome	C:\ProgramData\Microsoft\Windows\Start Menu\Programs\Apache Tomcat 11.0 Tomcat11\Welcome.lnk	C:\ProgramData\Microsoft\Windows\Start Menu\Programs\Apache Tomcat 11.0 Tomcat11\Welcome.lnk
kept	-	auth-kept	program-files	360安全卫士 系统修复图标扫描模块	C:\Program Files (x86)\360\360safe\360DeskAna.exe	C:\Program Files (x86)\360\360safe\360DeskAna.exe
filtered	3-document-target	auth-filtered	start-menu	Migration Guide	C:\Program Files (x86)\Labcenter Electronics\Proteus 8 Professional\HELP\UpdateGuide.chm	C:\ProgramData\Microsoft\Windows\Start Menu\Programs\Proteus 8 Professional\Migration Guide.lnk
kept	-	auth-kept	program-files	TextTransform.exe	C:\Program Files (x86)\Microsoft SQL Server Management Studio 20\Common7\IDE\TextTransform.exe	C:\Program Files (x86)\Microsoft SQL Server Management Studio 20\Common7\IDE\TextTransform.exe
kept	-	auth-kept	program-files	etwdump	D:\Program Files\Wireshark\extcap\etwdump.exe	D:\Program Files\Wireshark\extcap\etwdump.exe
filtered	5-system-tool	auth-filtered	start-menu	Windows PowerShell 集成脚本环境。执行基于对象的(命令行)函数	C:\WINDOWS\syswow64\WindowsPowerShell\v1.0\PowerShell_ISE.exe	C:\ProgramData\Microsoft\Windows\Start Menu\Programs\Windows PowerShell\Windows PowerShell ISE (x86).lnk
kept	-	auth-kept	program-files	Java(TM) Platform SE binary	C:\Program Files\Java\jdk-17\bin\jdeps.exe	C:\Program Files\Java\jdk-17\bin\jdeps.exe
filtered	2-excluded-name	auth-filtered	program-files	FixInstall	C:\Program Files\Npcap\FixInstall.bat	C:\Program Files\Npcap\FixInstall.bat
kept	-	auth-kept	start-menu	设计并交付易用且稳定的精美的演示文稿。	C:\Program Files\Microsoft Office\root\Office16\POWERPNT.EXE	C:\ProgramData\Microsoft\Windows\Start Menu\Programs\PowerPoint.lnk
kept	-	auth-kept	program-files	lstmeval	C:\Program Files\Tesseract-OCR\lstmeval.exe	C:\Program Files\Tesseract-OCR\lstmeval.exe
kept	-	auth-kept	program-files	个人空间盘	C:\Program Files (x86)\ASUS\PersonalStorage\uninst.exe	C:\Program Files (x86)\ASUS\PersonalStorage\uninst.exe
kept	-	auth-kept	program-files	Java(TM) Platform SE binary	C:\Program Files\Java\jdk-17\bin\jstatd.exe	C:\Program Files\Java\jdk-17\bin\jstatd.exe
kept	-	auth-kept	program-files	GlideX Near Service	C:\Program Files\ASUS\GlideX\GlideXNear\GlideXNearService.exe	C:\Program Files\ASUS\GlideX\GlideXNear\GlideXNearService.exe
kept	-	auth-kept	program-files	Microsoft Office Click-to-Run Integrator	C:\Program Files\Microsoft Office\root\Integration\Integrator.exe	C:\Program Files\Microsoft Office\root\Integration\Integrator.exe
kept	-	auth-kept	program-files	VSHiveStub	C:\Program Files (x86)\Microsoft SQL Server Management Studio 20\Common7\IDE\VSHiveStub.exe	C:\Program Files (x86)\Microsoft SQL Server Management Studio 20\Common7\IDE\VSHiveStub.exe
kept	-	auth-kept	program-files	accelerate-config	C:\Users\17822\AppData\Local\Programs\Python\Python310\Scripts\accelerate-config.exe	C:\Users\17822\AppData\Local\Programs\Python\Python310\Scripts\accelerate-config.exe
kept	-	auth-kept	program-files	pip3	C:\Users\17822\AppData\Local\Programs\Python\Python314\Scripts\pip3.exe	C:\Users\17822\AppData\Local\Programs\Python\Python314\Scripts\pip3.exe
kept	-	auth-kept	program-files	chgrp	D:\Program Files\Git\usr\bin\chgrp.exe	D:\Program Files\Git\usr\bin\chgrp.exe
kept	-	auth-kept	program-files	umount	D:\Program Files\Git\usr\bin\umount.exe	D:\Program Files\Git\usr\bin\umount.exe
kept	-	auth-kept	program-files	WiX Toolset Inscriber	C:\Program Files (x86)\WiX Toolset v3.11\bin\insignia.exe	C:\Program Files (x86)\WiX Toolset v3.11\bin\insignia.exe
kept	-	auth-kept	program-files	WiX Toolset Linker	C:\Program Files (x86)\WiX Toolset v3.11\bin\light.exe	C:\Program Files (x86)\WiX Toolset v3.11\bin\light.exe
kept	-	auth-kept	program-files	Microsoft Visual C++ 2013 Redistributable (x64) - 12.0.30501	D:\Program Files\Medibang\MediBang Paint Pro\vcredist_x64.exe	D:\Program Files\Medibang\MediBang Paint Pro\vcredist_x64.exe
kept	-	auth-kept	program-files	docker-agent	C:\Program Files\Docker\cli-plugins\docker-agent.exe	C:\Program Files\Docker\cli-plugins\docker-agent.exe
kept	-	auth-kept	program-files	Microsoft Windows Media 配置实用程序	C:\Program Files (x86)\Windows Media Player\setup_wm.exe	C:\Program Files (x86)\Windows Media Player\setup_wm.exe
filtered	5-system-tool	auth-filtered	program-files	Windows Defender Advanced Threat Protection Sense Identity module	C:\Program Files\Windows Defender Advanced Threat Protection\SenseIdentity.exe	C:\Program Files\Windows Defender Advanced Threat Protection\SenseIdentity.exe
kept	-	auth-kept	program-files	Git for Windows	D:\Program Files\Git\cmd\git-receive-pack.exe	D:\Program Files\Git\cmd\git-receive-pack.exe
kept	-	auth-kept	program-files	nodevars	D:\Program Files\nodejs\nodevars.bat	D:\Program Files\nodejs\nodevars.bat
kept	-	auth-kept	program-files	VirtualBox Virtual Machine	C:\Program Files\AndrowsBox\AndrowsBoxVM.exe	C:\Program Files\AndrowsBox\AndrowsBoxVM.exe
kept	-	auth-kept	program-files	Skype for Business Recording Manager 2015	C:\Program Files\Microsoft Office\root\Office16\OcPubMgr.exe	C:\Program Files\Microsoft Office\root\Office16\OcPubMgr.exe
kept	-	auth-kept	program-files	Microsoft® Program Database	C:\Program Files (x86)\Microsoft Visual Studio 9.0\Common7\IDE\mspdbsrv.exe	C:\Program Files (x86)\Microsoft Visual Studio 9.0\Common7\IDE\mspdbsrv.exe
filtered	3-document-target	auth-filtered	start-menu	Dokumentation	C:\Program Files\Tesseract-OCR\tesseract.1.html	C:\ProgramData\Microsoft\Windows\Start Menu\Programs\Tesseract-OCR\Dokumentation.lnk
kept	-	auth-kept	start-menu	雷电多开器	D:\leidian\ldmutiplayer\dnmultiplayerex.exe	C:\Users\17822\AppData\Roaming\Microsoft\Windows\Start Menu\Programs\雷电多开器\雷电多开器.lnk
filtered	5-system-tool	auth-filtered	start-menu	Open Visual Studio 2022 Tools Command Prompt	C:\Windows\System32\cmd.exe	C:\ProgramData\Microsoft\Windows\Start Menu\Programs\Visual Studio 2022\Visual Studio Tools\Developer Command Prompt for VS 2022 (2).lnk
kept	-	auth-kept	program-files	Replication Table Diff Tool	C:\Program Files\Microsoft SQL Server\160\COM\tablediff.exe	C:\Program Files\Microsoft SQL Server\160\COM\tablediff.exe
filtered	2-excluded-name	auth-filtered	program-files	Virtual Pet Installer	C:\Program Files (x86)\ASUS\VirtualPet\Virtual Pet Installer.exe	C:\Program Files (x86)\ASUS\VirtualPet\Virtual Pet Installer.exe
kept	-	auth-kept	program-files	ollama	C:\Users\17822\AppData\Local\Programs\Ollama\ollama.exe	C:\Users\17822\AppData\Local\Programs\Ollama\ollama.exe
filtered	2-excluded-name	auth-filtered	program-files	Docker Desktop Installer	C:\Program Files\Docker\Docker\Docker Desktop Installer.exe	C:\Program Files\Docker\Docker\Docker Desktop Installer.exe
kept	-	auth-kept	program-files	Elevate	C:\Users\17822\AppData\Local\Programs\vm\resources\elevate.exe	C:\Users\17822\AppData\Local\Programs\vm\resources\elevate.exe
kept	-	auth-kept	program-files	ssh-keygen	D:\Program Files\Git\usr\bin\ssh-keygen.exe	D:\Program Files\Git\usr\bin\ssh-keygen.exe
kept	-	auth-kept	start-menu	在一个位置管理所有 Skype for Business 录制。	C:\Program Files\Microsoft Office\root\Office16\OcPubMgr.exe	C:\ProgramData\Microsoft\Windows\Start Menu\Programs\Microsoft Office 工具\Skype for Business 录制管理器.lnk
kept	-	auth-kept	program-files	7-Zip Reduced Standalone Console	C:\Program Files\Docker\Docker\7zr.exe	C:\Program Files\Docker\Docker\7zr.exe
kept	-	auth-kept	program-files	inspect	C:\Program Files\Android\Android Studio\bin\inspect.bat	C:\Program Files\Android\Android Studio\bin\inspect.bat
filtered	5-system-tool	auth-filtered	start-menu	Application Verifier (X64)	C:\Windows\System32\appverif.exe	C:\ProgramData\Microsoft\Windows\Start Menu\Programs\Windows Kits\Application Verifier (X64)\Application Verifier (X64).lnk
kept	-	auth-kept	program-files	tstVBoxDbg	C:\Program Files\ldplayer9box\tstVBoxDbg.exe	C:\Program Files\ldplayer9box\tstVBoxDbg.exe
kept	-	auth-kept	program-files	Microsoft Visio	C:\Program Files\Microsoft Office\root\Office16\VISIO.EXE	C:\Program Files\Microsoft Office\root\Office16\VISIO.EXE
kept	-	auth-kept	program-files	Office Scripting Broker	C:\Program Files\Microsoft Office\root\Office16\OfficeScrBroker.exe	C:\Program Files\Microsoft Office\root\Office16\OfficeScrBroker.exe
kept	-	auth-kept	program-files	mktemp	D:\Program Files\Git\usr\bin\mktemp.exe	D:\Program Files\Git\usr\bin\mktemp.exe
kept	-	auth-kept	start-menu	暴雪战网	C:\Program Files (x86)\Battle.net\Battle.net Launcher.exe	C:\ProgramData\Microsoft\Windows\Start Menu\Programs\暴雪战网\暴雪战网.lnk
kept	-	auth-kept	start-menu	Launch Zenmap, the Nmap GUI	C:\Program Files (x86)\Nmap\zenmap\bin\pythonw.exe	C:\Users\17822\AppData\Roaming\Microsoft\Windows\Start Menu\Programs\Nmap\Nmap - Zenmap GUI.lnk
filtered	2-excluded-name	auth-filtered	program-files	AsusGCGridServiceSetup	C:\Program Files (x86)\ASUS\AsusROGLSLService\AsusGCGridServiceSetup.exe	C:\Program Files (x86)\ASUS\AsusROGLSLService\AsusGCGridServiceSetup.exe
filtered	2-excluded-name	auth-filtered	program-files	Setup/Uninstall	C:\Users\17822\AppData\Local\Programs\Qoder\unins000.exe	C:\Users\17822\AppData\Local\Programs\Qoder\unins000.exe
kept	-	auth-kept	program-files	Microsoft Access	C:\Program Files\Microsoft Office\root\Office16\MSACCESS.EXE	C:\Program Files\Microsoft Office\root\Office16\MSACCESS.EXE
kept	-	auth-kept	program-files	Docker Desktop CLI	C:\Program Files\Docker\Docker\DockerCli.exe	C:\Program Files\Docker\Docker\DockerCli.exe
kept	-	auth-kept	program-files	CubismEditor4	D:\Program Files\Live2D Cubism 4.1\CubismEditor4.exe	D:\Program Files\Live2D Cubism 4.1\CubismEditor4.exe
kept	-	auth-kept	program-files	Steam Xbox Driver Utility	C:\Program Files (x86)\Common Files\Steam\steamxboxutil64.exe	C:\Program Files (x86)\Common Files\Steam\steamxboxutil64.exe